assembly_ID,assembly_description,Module A | Part 1: Promoter,Module A | Part 2: RBS,Module A | Part 3 & 4: Tag1and2,Module A | Part 5: CDS,Module A | Part 6: Terminator,Module A | Part 7: LVL1 Destination Vector,inter_stock_ID,assembly_tube,assembly_date
pPREEX0,P_T7(BBF10K_003378)_15nM|RBS_BT1_BCD2(BBF10K_003384)_15nM|Ntag1_R5(BBF10K_003399)_15nM-Ntag2_TEVcut(BBF10K_003418)_15nM|CDS_Eco31I(BBF10K_003292)_15nM|T_TZ(BBF10K_003477)_15nM|DV_pTi_5nM,P_T7(BBF10K_003378)_15nM,RBS_BT1_BCD2(BBF10K_003384)_15nM,Ntag1_R5(BBF10K_003399)_15nM-Ntag2_TEVcut(BBF10K_003418)_15nM,CDS_Eco31I(BBF10K_003292)_15nM,T_TZ(BBF10K_003477)_15nM,DV_pTi_5nM,P_T7(BBF10K_003378)_15nM|RBS_BT1_BCD2(BBF10K_003384)_15nM|Ntag1_R5(BBF10K_003399)_15nM-Ntag2_TEVcut(BBF10K_003418)_15nM|T_TZ(BBF10K_003477)_15nM|DV_pTi_5nM,A1,2023-06-04
pPREEX1,P_T7(BBF10K_003378)_15nM|RBS_BT1_BCD2(BBF10K_003384)_15nM|Ntag1_R5(BBF10K_003399)_15nM-Ntag2_TEVcut(BBF10K_003418)_15nM|CDS_EcoRI(BBF10K_003281)_15nM|T_TZ(BBF10K_003477)_15nM|DV_pTi_5nM,P_T7(BBF10K_003378)_15nM,RBS_BT1_BCD2(BBF10K_003384)_15nM,Ntag1_R5(BBF10K_003399)_15nM-Ntag2_TEVcut(BBF10K_003418)_15nM,CDS_EcoRI(BBF10K_003281)_15nM,T_TZ(BBF10K_003477)_15nM,DV_pTi_5nM,P_T7(BBF10K_003378)_15nM|RBS_BT1_BCD2(BBF10K_003384)_15nM|Ntag1_R5(BBF10K_003399)_15nM-Ntag2_TEVcut(BBF10K_003418)_15nM|T_TZ(BBF10K_003477)_15nM|DV_pTi_5nM,B1,2023-06-04
pPREEX2,P_T7(BBF10K_003378)_15nM|RBS_BT1_BCD2(BBF10K_003384)_15nM|Ntag1_R5(BBF10K_003399)_15nM-Ntag2_TEVcut(BBF10K_003418)_15nM|CDS_NotI(BBF10K_003300)_15nM|T_TZ(BBF10K_003477)_15nM|DV_pTi_5nM,P_T7(BBF10K_003378)_15nM,RBS_BT1_BCD2(BBF10K_003384)_15nM,Ntag1_R5(BBF10K_003399)_15nM-Ntag2_TEVcut(BBF10K_003418)_15nM,CDS_NotI(BBF10K_003300)_15nM,T_TZ(BBF10K_003477)_15nM,DV_pTi_5nM,P_T7(BBF10K_003378)_15nM|RBS_BT1_BCD2(BBF10K_003384)_15nM|Ntag1_R5(BBF10K_003399)_15nM-Ntag2_TEVcut(BBF10K_003418)_15nM|T_TZ(BBF10K_003477)_15nM|DV_pTi_5nM,C1,2023-06-04
pPREEX3,P_T7(BBF10K_003378)_15nM|RBS_BT1_BCD2(BBF10K_003384)_15nM|Ntag1_R5(BBF10K_003399)_15nM-Ntag2_TEVcut(BBF10K_003418)_15nM|CDS_PstI(BBF10K_003283)_15nM|T_TZ(BBF10K_003477)_15nM|DV_pTi_5nM,P_T7(BBF10K_003378)_15nM,RBS_BT1_BCD2(BBF10K_003384)_15nM,Ntag1_R5(BBF10K_003399)_15nM-Ntag2_TEVcut(BBF10K_003418)_15nM,CDS_PstI(BBF10K_003283)_15nM,T_TZ(BBF10K_003477)_15nM,DV_pTi_5nM,P_T7(BBF10K_003378)_15nM|RBS_BT1_BCD2(BBF10K_003384)_15nM|Ntag1_R5(BBF10K_003399)_15nM-Ntag2_TEVcut(BBF10K_003418)_15nM|T_TZ(BBF10K_003477)_15nM|DV_pTi_5nM,D1,2023-06-04
pPREEX4,P_T7(BBF10K_003378)_15nM|RBS_BT1_BCD2(BBF10K_003384)_15nM|Ntag1_R5(BBF10K_003399)_15nM-Ntag2_TEVcut(BBF10K_003418)_15nM|CDS_SapI(BBF10K_003295)_15nM|T_TZ(BBF10K_003477)_15nM|DV_pTi_5nM,P_T7(BBF10K_003378)_15nM,RBS_BT1_BCD2(BBF10K_003384)_15nM,Ntag1_R5(BBF10K_003399)_15nM-Ntag2_TEVcut(BBF10K_003418)_15nM,CDS_SapI(BBF10K_003295)_15nM,T_TZ(BBF10K_003477)_15nM,DV_pTi_5nM,P_T7(BBF10K_003378)_15nM|RBS_BT1_BCD2(BBF10K_003384)_15nM|Ntag1_R5(BBF10K_003399)_15nM-Ntag2_TEVcut(BBF10K_003418)_15nM|T_TZ(BBF10K_003477)_15nM|DV_pTi_5nM,E1,2023-06-04
pPREEX5,P_T7(BBF10K_003378)_15nM|RBS_BT1_BCD2(BBF10K_003384)_15nM|Ntag1_R5(BBF10K_003399)_15nM-Ntag2_TEVcut(BBF10K_003418)_15nM|CDS_XbaI(BBF10K_003298)_15nM|T_TZ(BBF10K_003477)_15nM|DV_pTi_5nM,P_T7(BBF10K_003378)_15nM,RBS_BT1_BCD2(BBF10K_003384)_15nM,Ntag1_R5(BBF10K_003399)_15nM-Ntag2_TEVcut(BBF10K_003418)_15nM,CDS_XbaI(BBF10K_003298)_15nM,T_TZ(BBF10K_003477)_15nM,DV_pTi_5nM,P_T7(BBF10K_003378)_15nM|RBS_BT1_BCD2(BBF10K_003384)_15nM|Ntag1_R5(BBF10K_003399)_15nM-Ntag2_TEVcut(BBF10K_003418)_15nM|T_TZ(BBF10K_003477)_15nM|DV_pTi_5nM,F1,2023-06-04
pPREEX6,P_T7(BBF10K_003378)_15nM|RBS_BT1_BCD2(BBF10K_003384)_15nM|Ntag_His_TEVcut(BBF10K_003407_15nM|CDS_Eco31I(BBF10K_003292)_15nM|T_TZ(BBF10K_003477)_15nM|DV_pTi_5nM,P_T7(BBF10K_003378)_15nM,RBS_BT1_BCD2(BBF10K_003384)_15nM,Ntag_His_TEVcut(BBF10K_003407_15nM,CDS_Eco31I(BBF10K_003292)_15nM,T_TZ(BBF10K_003477)_15nM,DV_pTi_5nM,P_T7(BBF10K_003378)_15nM|RBS_BT1_BCD2(BBF10K_003384)_15nM|Ntag_His_TEVcut(BBF10K_003407_15nM|T_TZ(BBF10K_003477)_15nM|DV_pTi_5nM,G1,2023-06-04
pPREEX7,P_T7(BBF10K_003378)_15nM|RBS_BT1_BCD2(BBF10K_003384)_15nM|Ntag_His_TEVcut(BBF10K_003407_15nM|CDS_EcoRI(BBF10K_003281)_15nM|T_TZ(BBF10K_003477)_15nM|DV_pTi_5nM,P_T7(BBF10K_003378)_15nM,RBS_BT1_BCD2(BBF10K_003384)_15nM,Ntag_His_TEVcut(BBF10K_003407_15nM,CDS_EcoRI(BBF10K_003281)_15nM,T_TZ(BBF10K_003477)_15nM,DV_pTi_5nM,P_T7(BBF10K_003378)_15nM|RBS_BT1_BCD2(BBF10K_003384)_15nM|Ntag_His_TEVcut(BBF10K_003407_15nM|T_TZ(BBF10K_003477)_15nM|DV_pTi_5nM,H1,2023-06-04
pPREEX8,P_T7(BBF10K_003378)_15nM|RBS_BT1_BCD2(BBF10K_003384)_15nM|Ntag_His_TEVcut(BBF10K_003407_15nM|CDS_NotI(BBF10K_003300)_15nM|T_TZ(BBF10K_003477)_15nM|DV_pTi_5nM,P_T7(BBF10K_003378)_15nM,RBS_BT1_BCD2(BBF10K_003384)_15nM,Ntag_His_TEVcut(BBF10K_003407_15nM,CDS_NotI(BBF10K_003300)_15nM,T_TZ(BBF10K_003477)_15nM,DV_pTi_5nM,P_T7(BBF10K_003378)_15nM|RBS_BT1_BCD2(BBF10K_003384)_15nM|Ntag_His_TEVcut(BBF10K_003407_15nM|T_TZ(BBF10K_003477)_15nM|DV_pTi_5nM,A2,2023-06-04
pPREEX9,P_T7(BBF10K_003378)_15nM|RBS_BT1_BCD2(BBF10K_003384)_15nM|Ntag_His_TEVcut(BBF10K_003407_15nM|CDS_PstI(BBF10K_003283)_15nM|T_TZ(BBF10K_003477)_15nM|DV_pTi_5nM,P_T7(BBF10K_003378)_15nM,RBS_BT1_BCD2(BBF10K_003384)_15nM,Ntag_His_TEVcut(BBF10K_003407_15nM,CDS_PstI(BBF10K_003283)_15nM,T_TZ(BBF10K_003477)_15nM,DV_pTi_5nM,P_T7(BBF10K_003378)_15nM|RBS_BT1_BCD2(BBF10K_003384)_15nM|Ntag_His_TEVcut(BBF10K_003407_15nM|T_TZ(BBF10K_003477)_15nM|DV_pTi_5nM,B2,2023-06-04
pPREEX10,P_T7(BBF10K_003378)_15nM|RBS_BT1_BCD2(BBF10K_003384)_15nM|Ntag_His_TEVcut(BBF10K_003407_15nM|CDS_SapI(BBF10K_003295)_15nM|T_TZ(BBF10K_003477)_15nM|DV_pTi_5nM,P_T7(BBF10K_003378)_15nM,RBS_BT1_BCD2(BBF10K_003384)_15nM,Ntag_His_TEVcut(BBF10K_003407_15nM,CDS_SapI(BBF10K_003295)_15nM,T_TZ(BBF10K_003477)_15nM,DV_pTi_5nM,P_T7(BBF10K_003378)_15nM|RBS_BT1_BCD2(BBF10K_003384)_15nM|Ntag_His_TEVcut(BBF10K_003407_15nM|T_TZ(BBF10K_003477)_15nM|DV_pTi_5nM,C2,2023-06-04
pPREEX11,P_T7(BBF10K_003378)_15nM|RBS_BT1_BCD2(BBF10K_003384)_15nM|Ntag_His_TEVcut(BBF10K_003407_15nM|CDS_XbaI(BBF10K_003298)_15nM|T_TZ(BBF10K_003477)_15nM|DV_pTi_5nM,P_T7(BBF10K_003378)_15nM,RBS_BT1_BCD2(BBF10K_003384)_15nM,Ntag_His_TEVcut(BBF10K_003407_15nM,CDS_XbaI(BBF10K_003298)_15nM,T_TZ(BBF10K_003477)_15nM,DV_pTi_5nM,P_T7(BBF10K_003378)_15nM|RBS_BT1_BCD2(BBF10K_003384)_15nM|Ntag_His_TEVcut(BBF10K_003407_15nM|T_TZ(BBF10K_003477)_15nM|DV_pTi_5nM,D2,2023-06-04
pPREEX12,P_T7(BBF10K_003378)_15nM|RBS_BT1_BCD2_DsbA(BBF10K_003391)_15nM|Ntag1_R5(BBF10K_003399)_15nM-Ntag2_TEVcut(BBF10K_003418)_15nM|CDS_Eco31I(BBF10K_003292)_15nM|T_TZ(BBF10K_003477)_15nM|DV_pTi_5nM,P_T7(BBF10K_003378)_15nM,RBS_BT1_BCD2_DsbA(BBF10K_003391)_15nM,Ntag1_R5(BBF10K_003399)_15nM-Ntag2_TEVcut(BBF10K_003418)_15nM,CDS_Eco31I(BBF10K_003292)_15nM,T_TZ(BBF10K_003477)_15nM,DV_pTi_5nM,P_T7(BBF10K_003378)_15nM|RBS_BT1_BCD2_DsbA(BBF10K_003391)_15nM|Ntag1_R5(BBF10K_003399)_15nM-Ntag2_TEVcut(BBF10K_003418)_15nM|T_TZ(BBF10K_003477)_15nM|DV_pTi_5nM,E2,2023-06-04
pPREEX13,P_T7(BBF10K_003378)_15nM|RBS_BT1_BCD2_DsbA(BBF10K_003391)_15nM|Ntag1_R5(BBF10K_003399)_15nM-Ntag2_TEVcut(BBF10K_003418)_15nM|CDS_EcoRI(BBF10K_003281)_15nM|T_TZ(BBF10K_003477)_15nM|DV_pTi_5nM,P_T7(BBF10K_003378)_15nM,RBS_BT1_BCD2_DsbA(BBF10K_003391)_15nM,Ntag1_R5(BBF10K_003399)_15nM-Ntag2_TEVcut(BBF10K_003418)_15nM,CDS_EcoRI(BBF10K_003281)_15nM,T_TZ(BBF10K_003477)_15nM,DV_pTi_5nM,P_T7(BBF10K_003378)_15nM|RBS_BT1_BCD2_DsbA(BBF10K_003391)_15nM|Ntag1_R5(BBF10K_003399)_15nM-Ntag2_TEVcut(BBF10K_003418)_15nM|T_TZ(BBF10K_003477)_15nM|DV_pTi_5nM,F2,2023-06-04
pPREEX14,P_T7(BBF10K_003378)_15nM|RBS_BT1_BCD2_DsbA(BBF10K_003391)_15nM|Ntag1_R5(BBF10K_003399)_15nM-Ntag2_TEVcut(BBF10K_003418)_15nM|CDS_NotI(BBF10K_003300)_15nM|T_TZ(BBF10K_003477)_15nM|DV_pTi_5nM,P_T7(BBF10K_003378)_15nM,RBS_BT1_BCD2_DsbA(BBF10K_003391)_15nM,Ntag1_R5(BBF10K_003399)_15nM-Ntag2_TEVcut(BBF10K_003418)_15nM,CDS_NotI(BBF10K_003300)_15nM,T_TZ(BBF10K_003477)_15nM,DV_pTi_5nM,P_T7(BBF10K_003378)_15nM|RBS_BT1_BCD2_DsbA(BBF10K_003391)_15nM|Ntag1_R5(BBF10K_003399)_15nM-Ntag2_TEVcut(BBF10K_003418)_15nM|T_TZ(BBF10K_003477)_15nM|DV_pTi_5nM,G2,2023-06-04
pPREEX15,P_T7(BBF10K_003378)_15nM|RBS_BT1_BCD2_DsbA(BBF10K_003391)_15nM|Ntag1_R5(BBF10K_003399)_15nM-Ntag2_TEVcut(BBF10K_003418)_15nM|CDS_PstI(BBF10K_003283)_15nM|T_TZ(BBF10K_003477)_15nM|DV_pTi_5nM,P_T7(BBF10K_003378)_15nM,RBS_BT1_BCD2_DsbA(BBF10K_003391)_15nM,Ntag1_R5(BBF10K_003399)_15nM-Ntag2_TEVcut(BBF10K_003418)_15nM,CDS_PstI(BBF10K_003283)_15nM,T_TZ(BBF10K_003477)_15nM,DV_pTi_5nM,P_T7(BBF10K_003378)_15nM|RBS_BT1_BCD2_DsbA(BBF10K_003391)_15nM|Ntag1_R5(BBF10K_003399)_15nM-Ntag2_TEVcut(BBF10K_003418)_15nM|T_TZ(BBF10K_003477)_15nM|DV_pTi_5nM,H2,2023-06-04
pPREEX16,P_T7(BBF10K_003378)_15nM|RBS_BT1_BCD2_DsbA(BBF10K_003391)_15nM|Ntag1_R5(BBF10K_003399)_15nM-Ntag2_TEVcut(BBF10K_003418)_15nM|CDS_SapI(BBF10K_003295)_15nM|T_TZ(BBF10K_003477)_15nM|DV_pTi_5nM,P_T7(BBF10K_003378)_15nM,RBS_BT1_BCD2_DsbA(BBF10K_003391)_15nM,Ntag1_R5(BBF10K_003399)_15nM-Ntag2_TEVcut(BBF10K_003418)_15nM,CDS_SapI(BBF10K_003295)_15nM,T_TZ(BBF10K_003477)_15nM,DV_pTi_5nM,P_T7(BBF10K_003378)_15nM|RBS_BT1_BCD2_DsbA(BBF10K_003391)_15nM|Ntag1_R5(BBF10K_003399)_15nM-Ntag2_TEVcut(BBF10K_003418)_15nM|T_TZ(BBF10K_003477)_15nM|DV_pTi_5nM,A3,2023-06-04
pPREEX17,P_T7(BBF10K_003378)_15nM|RBS_BT1_BCD2_DsbA(BBF10K_003391)_15nM|Ntag1_R5(BBF10K_003399)_15nM-Ntag2_TEVcut(BBF10K_003418)_15nM|CDS_XbaI(BBF10K_003298)_15nM|T_TZ(BBF10K_003477)_15nM|DV_pTi_5nM,P_T7(BBF10K_003378)_15nM,RBS_BT1_BCD2_DsbA(BBF10K_003391)_15nM,Ntag1_R5(BBF10K_003399)_15nM-Ntag2_TEVcut(BBF10K_003418)_15nM,CDS_XbaI(BBF10K_003298)_15nM,T_TZ(BBF10K_003477)_15nM,DV_pTi_5nM,P_T7(BBF10K_003378)_15nM|RBS_BT1_BCD2_DsbA(BBF10K_003391)_15nM|Ntag1_R5(BBF10K_003399)_15nM-Ntag2_TEVcut(BBF10K_003418)_15nM|T_TZ(BBF10K_003477)_15nM|DV_pTi_5nM,B3,2023-06-04
pPREEX18,P_T7(BBF10K_003378)_15nM|RBS_BT1_BCD2_DsbA(BBF10K_003391)_15nM|Ntag_His_TEVcut(BBF10K_003407_15nM|CDS_Eco31I(BBF10K_003292)_15nM|T_TZ(BBF10K_003477)_15nM|DV_pTi_5nM,P_T7(BBF10K_003378)_15nM,RBS_BT1_BCD2_DsbA(BBF10K_003391)_15nM,Ntag_His_TEVcut(BBF10K_003407_15nM,CDS_Eco31I(BBF10K_003292)_15nM,T_TZ(BBF10K_003477)_15nM,DV_pTi_5nM,P_T7(BBF10K_003378)_15nM|RBS_BT1_BCD2_DsbA(BBF10K_003391)_15nM|Ntag_His_TEVcut(BBF10K_003407_15nM|T_TZ(BBF10K_003477)_15nM|DV_pTi_5nM,C3,2023-06-04
pPREEX19,P_T7(BBF10K_003378)_15nM|RBS_BT1_BCD2_DsbA(BBF10K_003391)_15nM|Ntag_His_TEVcut(BBF10K_003407_15nM|CDS_EcoRI(BBF10K_003281)_15nM|T_TZ(BBF10K_003477)_15nM|DV_pTi_5nM,P_T7(BBF10K_003378)_15nM,RBS_BT1_BCD2_DsbA(BBF10K_003391)_15nM,Ntag_His_TEVcut(BBF10K_003407_15nM,CDS_EcoRI(BBF10K_003281)_15nM,T_TZ(BBF10K_003477)_15nM,DV_pTi_5nM,P_T7(BBF10K_003378)_15nM|RBS_BT1_BCD2_DsbA(BBF10K_003391)_15nM|Ntag_His_TEVcut(BBF10K_003407_15nM|T_TZ(BBF10K_003477)_15nM|DV_pTi_5nM,D3,2023-06-04
pPREEX20,P_T7(BBF10K_003378)_15nM|RBS_BT1_BCD2_DsbA(BBF10K_003391)_15nM|Ntag_His_TEVcut(BBF10K_003407_15nM|CDS_NotI(BBF10K_003300)_15nM|T_TZ(BBF10K_003477)_15nM|DV_pTi_5nM,P_T7(BBF10K_003378)_15nM,RBS_BT1_BCD2_DsbA(BBF10K_003391)_15nM,Ntag_His_TEVcut(BBF10K_003407_15nM,CDS_NotI(BBF10K_003300)_15nM,T_TZ(BBF10K_003477)_15nM,DV_pTi_5nM,P_T7(BBF10K_003378)_15nM|RBS_BT1_BCD2_DsbA(BBF10K_003391)_15nM|Ntag_His_TEVcut(BBF10K_003407_15nM|T_TZ(BBF10K_003477)_15nM|DV_pTi_5nM,E3,2023-06-04
pPREEX21,P_T7(BBF10K_003378)_15nM|RBS_BT1_BCD2_DsbA(BBF10K_003391)_15nM|Ntag_His_TEVcut(BBF10K_003407_15nM|CDS_PstI(BBF10K_003283)_15nM|T_TZ(BBF10K_003477)_15nM|DV_pTi_5nM,P_T7(BBF10K_003378)_15nM,RBS_BT1_BCD2_DsbA(BBF10K_003391)_15nM,Ntag_His_TEVcut(BBF10K_003407_15nM,CDS_PstI(BBF10K_003283)_15nM,T_TZ(BBF10K_003477)_15nM,DV_pTi_5nM,P_T7(BBF10K_003378)_15nM|RBS_BT1_BCD2_DsbA(BBF10K_003391)_15nM|Ntag_His_TEVcut(BBF10K_003407_15nM|T_TZ(BBF10K_003477)_15nM|DV_pTi_5nM,F3,2023-06-04
pPREEX22,P_T7(BBF10K_003378)_15nM|RBS_BT1_BCD2_DsbA(BBF10K_003391)_15nM|Ntag_His_TEVcut(BBF10K_003407_15nM|CDS_SapI(BBF10K_003295)_15nM|T_TZ(BBF10K_003477)_15nM|DV_pTi_5nM,P_T7(BBF10K_003378)_15nM,RBS_BT1_BCD2_DsbA(BBF10K_003391)_15nM,Ntag_His_TEVcut(BBF10K_003407_15nM,CDS_SapI(BBF10K_003295)_15nM,T_TZ(BBF10K_003477)_15nM,DV_pTi_5nM,P_T7(BBF10K_003378)_15nM|RBS_BT1_BCD2_DsbA(BBF10K_003391)_15nM|Ntag_His_TEVcut(BBF10K_003407_15nM|T_TZ(BBF10K_003477)_15nM|DV_pTi_5nM,G3,2023-06-04
pPREEX23,P_T7(BBF10K_003378)_15nM|RBS_BT1_BCD2_DsbA(BBF10K_003391)_15nM|Ntag_His_TEVcut(BBF10K_003407_15nM|CDS_XbaI(BBF10K_003298)_15nM|T_TZ(BBF10K_003477)_15nM|DV_pTi_5nM,P_T7(BBF10K_003378)_15nM,RBS_BT1_BCD2_DsbA(BBF10K_003391)_15nM,Ntag_His_TEVcut(BBF10K_003407_15nM,CDS_XbaI(BBF10K_003298)_15nM,T_TZ(BBF10K_003477)_15nM,DV_pTi_5nM,P_T7(BBF10K_003378)_15nM|RBS_BT1_BCD2_DsbA(BBF10K_003391)_15nM|Ntag_His_TEVcut(BBF10K_003407_15nM|T_TZ(BBF10K_003477)_15nM|DV_pTi_5nM,H3,2023-06-04
pPREEX24,P_T7(BBF10K_003378)_15nM|RBS_BT1_BCD2_OmpT(BBF10K_003392)_15nM|Ntag1_R5(BBF10K_003399)_15nM-Ntag2_TEVcut(BBF10K_003418)_15nM|CDS_Eco31I(BBF10K_003292)_15nM|T_TZ(BBF10K_003477)_15nM|DV_pTi_5nM,P_T7(BBF10K_003378)_15nM,RBS_BT1_BCD2_OmpT(BBF10K_003392)_15nM,Ntag1_R5(BBF10K_003399)_15nM-Ntag2_TEVcut(BBF10K_003418)_15nM,CDS_Eco31I(BBF10K_003292)_15nM,T_TZ(BBF10K_003477)_15nM,DV_pTi_5nM,P_T7(BBF10K_003378)_15nM|RBS_BT1_BCD2_OmpT(BBF10K_003392)_15nM|Ntag1_R5(BBF10K_003399)_15nM-Ntag2_TEVcut(BBF10K_003418)_15nM|T_TZ(BBF10K_003477)_15nM|DV_pTi_5nM,A4,2023-06-04
pPREEX25,P_T7(BBF10K_003378)_15nM|RBS_BT1_BCD2_OmpT(BBF10K_003392)_15nM|Ntag1_R5(BBF10K_003399)_15nM-Ntag2_TEVcut(BBF10K_003418)_15nM|CDS_EcoRI(BBF10K_003281)_15nM|T_TZ(BBF10K_003477)_15nM|DV_pTi_5nM,P_T7(BBF10K_003378)_15nM,RBS_BT1_BCD2_OmpT(BBF10K_003392)_15nM,Ntag1_R5(BBF10K_003399)_15nM-Ntag2_TEVcut(BBF10K_003418)_15nM,CDS_EcoRI(BBF10K_003281)_15nM,T_TZ(BBF10K_003477)_15nM,DV_pTi_5nM,P_T7(BBF10K_003378)_15nM|RBS_BT1_BCD2_OmpT(BBF10K_003392)_15nM|Ntag1_R5(BBF10K_003399)_15nM-Ntag2_TEVcut(BBF10K_003418)_15nM|T_TZ(BBF10K_003477)_15nM|DV_pTi_5nM,B4,2023-06-04
pPREEX26,P_T7(BBF10K_003378)_15nM|RBS_BT1_BCD2_OmpT(BBF10K_003392)_15nM|Ntag1_R5(BBF10K_003399)_15nM-Ntag2_TEVcut(BBF10K_003418)_15nM|CDS_NotI(BBF10K_003300)_15nM|T_TZ(BBF10K_003477)_15nM|DV_pTi_5nM,P_T7(BBF10K_003378)_15nM,RBS_BT1_BCD2_OmpT(BBF10K_003392)_15nM,Ntag1_R5(BBF10K_003399)_15nM-Ntag2_TEVcut(BBF10K_003418)_15nM,CDS_NotI(BBF10K_003300)_15nM,T_TZ(BBF10K_003477)_15nM,DV_pTi_5nM,P_T7(BBF10K_003378)_15nM|RBS_BT1_BCD2_OmpT(BBF10K_003392)_15nM|Ntag1_R5(BBF10K_003399)_15nM-Ntag2_TEVcut(BBF10K_003418)_15nM|T_TZ(BBF10K_003477)_15nM|DV_pTi_5nM,C4,2023-06-04
pPREEX27,P_T7(BBF10K_003378)_15nM|RBS_BT1_BCD2_OmpT(BBF10K_003392)_15nM|Ntag1_R5(BBF10K_003399)_15nM-Ntag2_TEVcut(BBF10K_003418)_15nM|CDS_PstI(BBF10K_003283)_15nM|T_TZ(BBF10K_003477)_15nM|DV_pTi_5nM,P_T7(BBF10K_003378)_15nM,RBS_BT1_BCD2_OmpT(BBF10K_003392)_15nM,Ntag1_R5(BBF10K_003399)_15nM-Ntag2_TEVcut(BBF10K_003418)_15nM,CDS_PstI(BBF10K_003283)_15nM,T_TZ(BBF10K_003477)_15nM,DV_pTi_5nM,P_T7(BBF10K_003378)_15nM|RBS_BT1_BCD2_OmpT(BBF10K_003392)_15nM|Ntag1_R5(BBF10K_003399)_15nM-Ntag2_TEVcut(BBF10K_003418)_15nM|T_TZ(BBF10K_003477)_15nM|DV_pTi_5nM,D4,2023-06-04
pPREEX28,P_T7(BBF10K_003378)_15nM|RBS_BT1_BCD2_OmpT(BBF10K_003392)_15nM|Ntag1_R5(BBF10K_003399)_15nM-Ntag2_TEVcut(BBF10K_003418)_15nM|CDS_SapI(BBF10K_003295)_15nM|T_TZ(BBF10K_003477)_15nM|DV_pTi_5nM,P_T7(BBF10K_003378)_15nM,RBS_BT1_BCD2_OmpT(BBF10K_003392)_15nM,Ntag1_R5(BBF10K_003399)_15nM-Ntag2_TEVcut(BBF10K_003418)_15nM,CDS_SapI(BBF10K_003295)_15nM,T_TZ(BBF10K_003477)_15nM,DV_pTi_5nM,P_T7(BBF10K_003378)_15nM|RBS_BT1_BCD2_OmpT(BBF10K_003392)_15nM|Ntag1_R5(BBF10K_003399)_15nM-Ntag2_TEVcut(BBF10K_003418)_15nM|T_TZ(BBF10K_003477)_15nM|DV_pTi_5nM,E4,2023-06-04
pPREEX29,P_T7(BBF10K_003378)_15nM|RBS_BT1_BCD2_OmpT(BBF10K_003392)_15nM|Ntag1_R5(BBF10K_003399)_15nM-Ntag2_TEVcut(BBF10K_003418)_15nM|CDS_XbaI(BBF10K_003298)_15nM|T_TZ(BBF10K_003477)_15nM|DV_pTi_5nM,P_T7(BBF10K_003378)_15nM,RBS_BT1_BCD2_OmpT(BBF10K_003392)_15nM,Ntag1_R5(BBF10K_003399)_15nM-Ntag2_TEVcut(BBF10K_003418)_15nM,CDS_XbaI(BBF10K_003298)_15nM,T_TZ(BBF10K_003477)_15nM,DV_pTi_5nM,P_T7(BBF10K_003378)_15nM|RBS_BT1_BCD2_OmpT(BBF10K_003392)_15nM|Ntag1_R5(BBF10K_003399)_15nM-Ntag2_TEVcut(BBF10K_003418)_15nM|T_TZ(BBF10K_003477)_15nM|DV_pTi_5nM,F4,2023-06-04
pPREEX30,P_T7(BBF10K_003378)_15nM|RBS_BT1_BCD2_OmpT(BBF10K_003392)_15nM|Ntag_His_TEVcut(BBF10K_003407_15nM|CDS_Eco31I(BBF10K_003292)_15nM|T_TZ(BBF10K_003477)_15nM|DV_pTi_5nM,P_T7(BBF10K_003378)_15nM,RBS_BT1_BCD2_OmpT(BBF10K_003392)_15nM,Ntag_His_TEVcut(BBF10K_003407_15nM,CDS_Eco31I(BBF10K_003292)_15nM,T_TZ(BBF10K_003477)_15nM,DV_pTi_5nM,P_T7(BBF10K_003378)_15nM|RBS_BT1_BCD2_OmpT(BBF10K_003392)_15nM|Ntag_His_TEVcut(BBF10K_003407_15nM|T_TZ(BBF10K_003477)_15nM|DV_pTi_5nM,G4,2023-06-04
pPREEX31,P_T7(BBF10K_003378)_15nM|RBS_BT1_BCD2_OmpT(BBF10K_003392)_15nM|Ntag_His_TEVcut(BBF10K_003407_15nM|CDS_EcoRI(BBF10K_003281)_15nM|T_TZ(BBF10K_003477)_15nM|DV_pTi_5nM,P_T7(BBF10K_003378)_15nM,RBS_BT1_BCD2_OmpT(BBF10K_003392)_15nM,Ntag_His_TEVcut(BBF10K_003407_15nM,CDS_EcoRI(BBF10K_003281)_15nM,T_TZ(BBF10K_003477)_15nM,DV_pTi_5nM,P_T7(BBF10K_003378)_15nM|RBS_BT1_BCD2_OmpT(BBF10K_003392)_15nM|Ntag_His_TEVcut(BBF10K_003407_15nM|T_TZ(BBF10K_003477)_15nM|DV_pTi_5nM,H4,2023-06-04
pPREEX32,P_T7(BBF10K_003378)_15nM|RBS_BT1_BCD2_OmpT(BBF10K_003392)_15nM|Ntag_His_TEVcut(BBF10K_003407_15nM|CDS_NotI(BBF10K_003300)_15nM|T_TZ(BBF10K_003477)_15nM|DV_pTi_5nM,P_T7(BBF10K_003378)_15nM,RBS_BT1_BCD2_OmpT(BBF10K_003392)_15nM,Ntag_His_TEVcut(BBF10K_003407_15nM,CDS_NotI(BBF10K_003300)_15nM,T_TZ(BBF10K_003477)_15nM,DV_pTi_5nM,P_T7(BBF10K_003378)_15nM|RBS_BT1_BCD2_OmpT(BBF10K_003392)_15nM|Ntag_His_TEVcut(BBF10K_003407_15nM|T_TZ(BBF10K_003477)_15nM|DV_pTi_5nM,A5,2023-06-04
pPREEX33,P_T7(BBF10K_003378)_15nM|RBS_BT1_BCD2_OmpT(BBF10K_003392)_15nM|Ntag_His_TEVcut(BBF10K_003407_15nM|CDS_PstI(BBF10K_003283)_15nM|T_TZ(BBF10K_003477)_15nM|DV_pTi_5nM,P_T7(BBF10K_003378)_15nM,RBS_BT1_BCD2_OmpT(BBF10K_003392)_15nM,Ntag_His_TEVcut(BBF10K_003407_15nM,CDS_PstI(BBF10K_003283)_15nM,T_TZ(BBF10K_003477)_15nM,DV_pTi_5nM,P_T7(BBF10K_003378)_15nM|RBS_BT1_BCD2_OmpT(BBF10K_003392)_15nM|Ntag_His_TEVcut(BBF10K_003407_15nM|T_TZ(BBF10K_003477)_15nM|DV_pTi_5nM,B5,2023-06-04
pPREEX34,P_T7(BBF10K_003378)_15nM|RBS_BT1_BCD2_OmpT(BBF10K_003392)_15nM|Ntag_His_TEVcut(BBF10K_003407_15nM|CDS_SapI(BBF10K_003295)_15nM|T_TZ(BBF10K_003477)_15nM|DV_pTi_5nM,P_T7(BBF10K_003378)_15nM,RBS_BT1_BCD2_OmpT(BBF10K_003392)_15nM,Ntag_His_TEVcut(BBF10K_003407_15nM,CDS_SapI(BBF10K_003295)_15nM,T_TZ(BBF10K_003477)_15nM,DV_pTi_5nM,P_T7(BBF10K_003378)_15nM|RBS_BT1_BCD2_OmpT(BBF10K_003392)_15nM|Ntag_His_TEVcut(BBF10K_003407_15nM|T_TZ(BBF10K_003477)_15nM|DV_pTi_5nM,C5,2023-06-04
pPREEX35,P_T7(BBF10K_003378)_15nM|RBS_BT1_BCD2_OmpT(BBF10K_003392)_15nM|Ntag_His_TEVcut(BBF10K_003407_15nM|CDS_XbaI(BBF10K_003298)_15nM|T_TZ(BBF10K_003477)_15nM|DV_pTi_5nM,P_T7(BBF10K_003378)_15nM,RBS_BT1_BCD2_OmpT(BBF10K_003392)_15nM,Ntag_His_TEVcut(BBF10K_003407_15nM,CDS_XbaI(BBF10K_003298)_15nM,T_TZ(BBF10K_003477)_15nM,DV_pTi_5nM,P_T7(BBF10K_003378)_15nM|RBS_BT1_BCD2_OmpT(BBF10K_003392)_15nM|Ntag_His_TEVcut(BBF10K_003407_15nM|T_TZ(BBF10K_003477)_15nM|DV_pTi_5nM,D5,2023-06-04
pPREEX36,P_T7(BBF10K_003378)_15nM|RBS_BT1_BCD2_pelB(BBF10K_003393)_15nM|Ntag1_R5(BBF10K_003399)_15nM-Ntag2_TEVcut(BBF10K_003418)_15nM|CDS_Eco31I(BBF10K_003292)_15nM|T_TZ(BBF10K_003477)_15nM|DV_pTi_5nM,P_T7(BBF10K_003378)_15nM,RBS_BT1_BCD2_pelB(BBF10K_003393)_15nM,Ntag1_R5(BBF10K_003399)_15nM-Ntag2_TEVcut(BBF10K_003418)_15nM,CDS_Eco31I(BBF10K_003292)_15nM,T_TZ(BBF10K_003477)_15nM,DV_pTi_5nM,P_T7(BBF10K_003378)_15nM|RBS_BT1_BCD2_pelB(BBF10K_003393)_15nM|Ntag1_R5(BBF10K_003399)_15nM-Ntag2_TEVcut(BBF10K_003418)_15nM|T_TZ(BBF10K_003477)_15nM|DV_pTi_5nM,E5,2023-06-04
pPREEX37,P_T7(BBF10K_003378)_15nM|RBS_BT1_BCD2_pelB(BBF10K_003393)_15nM|Ntag1_R5(BBF10K_003399)_15nM-Ntag2_TEVcut(BBF10K_003418)_15nM|CDS_EcoRI(BBF10K_003281)_15nM|T_TZ(BBF10K_003477)_15nM|DV_pTi_5nM,P_T7(BBF10K_003378)_15nM,RBS_BT1_BCD2_pelB(BBF10K_003393)_15nM,Ntag1_R5(BBF10K_003399)_15nM-Ntag2_TEVcut(BBF10K_003418)_15nM,CDS_EcoRI(BBF10K_003281)_15nM,T_TZ(BBF10K_003477)_15nM,DV_pTi_5nM,P_T7(BBF10K_003378)_15nM|RBS_BT1_BCD2_pelB(BBF10K_003393)_15nM|Ntag1_R5(BBF10K_003399)_15nM-Ntag2_TEVcut(BBF10K_003418)_15nM|T_TZ(BBF10K_003477)_15nM|DV_pTi_5nM,F5,2023-06-04
pPREEX38,P_T7(BBF10K_003378)_15nM|RBS_BT1_BCD2_pelB(BBF10K_003393)_15nM|Ntag1_R5(BBF10K_003399)_15nM-Ntag2_TEVcut(BBF10K_003418)_15nM|CDS_NotI(BBF10K_003300)_15nM|T_TZ(BBF10K_003477)_15nM|DV_pTi_5nM,P_T7(BBF10K_003378)_15nM,RBS_BT1_BCD2_pelB(BBF10K_003393)_15nM,Ntag1_R5(BBF10K_003399)_15nM-Ntag2_TEVcut(BBF10K_003418)_15nM,CDS_NotI(BBF10K_003300)_15nM,T_TZ(BBF10K_003477)_15nM,DV_pTi_5nM,P_T7(BBF10K_003378)_15nM|RBS_BT1_BCD2_pelB(BBF10K_003393)_15nM|Ntag1_R5(BBF10K_003399)_15nM-Ntag2_TEVcut(BBF10K_003418)_15nM|T_TZ(BBF10K_003477)_15nM|DV_pTi_5nM,G5,2023-06-04
pPREEX39,P_T7(BBF10K_003378)_15nM|RBS_BT1_BCD2_pelB(BBF10K_003393)_15nM|Ntag1_R5(BBF10K_003399)_15nM-Ntag2_TEVcut(BBF10K_003418)_15nM|CDS_PstI(BBF10K_003283)_15nM|T_TZ(BBF10K_003477)_15nM|DV_pTi_5nM,P_T7(BBF10K_003378)_15nM,RBS_BT1_BCD2_pelB(BBF10K_003393)_15nM,Ntag1_R5(BBF10K_003399)_15nM-Ntag2_TEVcut(BBF10K_003418)_15nM,CDS_PstI(BBF10K_003283)_15nM,T_TZ(BBF10K_003477)_15nM,DV_pTi_5nM,P_T7(BBF10K_003378)_15nM|RBS_BT1_BCD2_pelB(BBF10K_003393)_15nM|Ntag1_R5(BBF10K_003399)_15nM-Ntag2_TEVcut(BBF10K_003418)_15nM|T_TZ(BBF10K_003477)_15nM|DV_pTi_5nM,H5,2023-06-04
pPREEX40,P_T7(BBF10K_003378)_15nM|RBS_BT1_BCD2_pelB(BBF10K_003393)_15nM|Ntag1_R5(BBF10K_003399)_15nM-Ntag2_TEVcut(BBF10K_003418)_15nM|CDS_SapI(BBF10K_003295)_15nM|T_TZ(BBF10K_003477)_15nM|DV_pTi_5nM,P_T7(BBF10K_003378)_15nM,RBS_BT1_BCD2_pelB(BBF10K_003393)_15nM,Ntag1_R5(BBF10K_003399)_15nM-Ntag2_TEVcut(BBF10K_003418)_15nM,CDS_SapI(BBF10K_003295)_15nM,T_TZ(BBF10K_003477)_15nM,DV_pTi_5nM,P_T7(BBF10K_003378)_15nM|RBS_BT1_BCD2_pelB(BBF10K_003393)_15nM|Ntag1_R5(BBF10K_003399)_15nM-Ntag2_TEVcut(BBF10K_003418)_15nM|T_TZ(BBF10K_003477)_15nM|DV_pTi_5nM,A6,2023-06-04
pPREEX41,P_T7(BBF10K_003378)_15nM|RBS_BT1_BCD2_pelB(BBF10K_003393)_15nM|Ntag1_R5(BBF10K_003399)_15nM-Ntag2_TEVcut(BBF10K_003418)_15nM|CDS_XbaI(BBF10K_003298)_15nM|T_TZ(BBF10K_003477)_15nM|DV_pTi_5nM,P_T7(BBF10K_003378)_15nM,RBS_BT1_BCD2_pelB(BBF10K_003393)_15nM,Ntag1_R5(BBF10K_003399)_15nM-Ntag2_TEVcut(BBF10K_003418)_15nM,CDS_XbaI(BBF10K_003298)_15nM,T_TZ(BBF10K_003477)_15nM,DV_pTi_5nM,P_T7(BBF10K_003378)_15nM|RBS_BT1_BCD2_pelB(BBF10K_003393)_15nM|Ntag1_R5(BBF10K_003399)_15nM-Ntag2_TEVcut(BBF10K_003418)_15nM|T_TZ(BBF10K_003477)_15nM|DV_pTi_5nM,B6,2023-06-04
pPREEX42,P_T7(BBF10K_003378)_15nM|RBS_BT1_BCD2_pelB(BBF10K_003393)_15nM|Ntag_His_TEVcut(BBF10K_003407_15nM|CDS_Eco31I(BBF10K_003292)_15nM|T_TZ(BBF10K_003477)_15nM|DV_pTi_5nM,P_T7(BBF10K_003378)_15nM,RBS_BT1_BCD2_pelB(BBF10K_003393)_15nM,Ntag_His_TEVcut(BBF10K_003407_15nM,CDS_Eco31I(BBF10K_003292)_15nM,T_TZ(BBF10K_003477)_15nM,DV_pTi_5nM,P_T7(BBF10K_003378)_15nM|RBS_BT1_BCD2_pelB(BBF10K_003393)_15nM|Ntag_His_TEVcut(BBF10K_003407_15nM|T_TZ(BBF10K_003477)_15nM|DV_pTi_5nM,C6,2023-06-04
pPREEX43,P_T7(BBF10K_003378)_15nM|RBS_BT1_BCD2_pelB(BBF10K_003393)_15nM|Ntag_His_TEVcut(BBF10K_003407_15nM|CDS_EcoRI(BBF10K_003281)_15nM|T_TZ(BBF10K_003477)_15nM|DV_pTi_5nM,P_T7(BBF10K_003378)_15nM,RBS_BT1_BCD2_pelB(BBF10K_003393)_15nM,Ntag_His_TEVcut(BBF10K_003407_15nM,CDS_EcoRI(BBF10K_003281)_15nM,T_TZ(BBF10K_003477)_15nM,DV_pTi_5nM,P_T7(BBF10K_003378)_15nM|RBS_BT1_BCD2_pelB(BBF10K_003393)_15nM|Ntag_His_TEVcut(BBF10K_003407_15nM|T_TZ(BBF10K_003477)_15nM|DV_pTi_5nM,D6,2023-06-04
pPREEX44,P_T7(BBF10K_003378)_15nM|RBS_BT1_BCD2_pelB(BBF10K_003393)_15nM|Ntag_His_TEVcut(BBF10K_003407_15nM|CDS_NotI(BBF10K_003300)_15nM|T_TZ(BBF10K_003477)_15nM|DV_pTi_5nM,P_T7(BBF10K_003378)_15nM,RBS_BT1_BCD2_pelB(BBF10K_003393)_15nM,Ntag_His_TEVcut(BBF10K_003407_15nM,CDS_NotI(BBF10K_003300)_15nM,T_TZ(BBF10K_003477)_15nM,DV_pTi_5nM,P_T7(BBF10K_003378)_15nM|RBS_BT1_BCD2_pelB(BBF10K_003393)_15nM|Ntag_His_TEVcut(BBF10K_003407_15nM|T_TZ(BBF10K_003477)_15nM|DV_pTi_5nM,E6,2023-06-04
pPREEX45,P_T7(BBF10K_003378)_15nM|RBS_BT1_BCD2_pelB(BBF10K_003393)_15nM|Ntag_His_TEVcut(BBF10K_003407_15nM|CDS_PstI(BBF10K_003283)_15nM|T_TZ(BBF10K_003477)_15nM|DV_pTi_5nM,P_T7(BBF10K_003378)_15nM,RBS_BT1_BCD2_pelB(BBF10K_003393)_15nM,Ntag_His_TEVcut(BBF10K_003407_15nM,CDS_PstI(BBF10K_003283)_15nM,T_TZ(BBF10K_003477)_15nM,DV_pTi_5nM,P_T7(BBF10K_003378)_15nM|RBS_BT1_BCD2_pelB(BBF10K_003393)_15nM|Ntag_His_TEVcut(BBF10K_003407_15nM|T_TZ(BBF10K_003477)_15nM|DV_pTi_5nM,F6,2023-06-04
pPREEX46,P_T7(BBF10K_003378)_15nM|RBS_BT1_BCD2_pelB(BBF10K_003393)_15nM|Ntag_His_TEVcut(BBF10K_003407_15nM|CDS_SapI(BBF10K_003295)_15nM|T_TZ(BBF10K_003477)_15nM|DV_pTi_5nM,P_T7(BBF10K_003378)_15nM,RBS_BT1_BCD2_pelB(BBF10K_003393)_15nM,Ntag_His_TEVcut(BBF10K_003407_15nM,CDS_SapI(BBF10K_003295)_15nM,T_TZ(BBF10K_003477)_15nM,DV_pTi_5nM,P_T7(BBF10K_003378)_15nM|RBS_BT1_BCD2_pelB(BBF10K_003393)_15nM|Ntag_His_TEVcut(BBF10K_003407_15nM|T_TZ(BBF10K_003477)_15nM|DV_pTi_5nM,G6,2023-06-04
pPREEX47,P_T7(BBF10K_003378)_15nM|RBS_BT1_BCD2_pelB(BBF10K_003393)_15nM|Ntag_His_TEVcut(BBF10K_003407_15nM|CDS_XbaI(BBF10K_003298)_15nM|T_TZ(BBF10K_003477)_15nM|DV_pTi_5nM,P_T7(BBF10K_003378)_15nM,RBS_BT1_BCD2_pelB(BBF10K_003393)_15nM,Ntag_His_TEVcut(BBF10K_003407_15nM,CDS_XbaI(BBF10K_003298)_15nM,T_TZ(BBF10K_003477)_15nM,DV_pTi_5nM,P_T7(BBF10K_003378)_15nM|RBS_BT1_BCD2_pelB(BBF10K_003393)_15nM|Ntag_His_TEVcut(BBF10K_003407_15nM|T_TZ(BBF10K_003477)_15nM|DV_pTi_5nM,H6,2023-06-04
pPREEX48,P_T7_lacO(BBF10K_003379)_15nM|RBS_BT1_BCD2(BBF10K_003384)_15nM|Ntag1_R5(BBF10K_003399)_15nM-Ntag2_TEVcut(BBF10K_003418)_15nM|CDS_Eco31I(BBF10K_003292)_15nM|T_TZ(BBF10K_003477)_15nM|DV_pTi_5nM,P_T7_lacO(BBF10K_003379)_15nM,RBS_BT1_BCD2(BBF10K_003384)_15nM,Ntag1_R5(BBF10K_003399)_15nM-Ntag2_TEVcut(BBF10K_003418)_15nM,CDS_Eco31I(BBF10K_003292)_15nM,T_TZ(BBF10K_003477)_15nM,DV_pTi_5nM,P_T7_lacO(BBF10K_003379)_15nM|RBS_BT1_BCD2(BBF10K_003384)_15nM|Ntag1_R5(BBF10K_003399)_15nM-Ntag2_TEVcut(BBF10K_003418)_15nM|T_TZ(BBF10K_003477)_15nM|DV_pTi_5nM,A7,2023-06-04
pPREEX49,P_T7_lacO(BBF10K_003379)_15nM|RBS_BT1_BCD2(BBF10K_003384)_15nM|Ntag1_R5(BBF10K_003399)_15nM-Ntag2_TEVcut(BBF10K_003418)_15nM|CDS_EcoRI(BBF10K_003281)_15nM|T_TZ(BBF10K_003477)_15nM|DV_pTi_5nM,P_T7_lacO(BBF10K_003379)_15nM,RBS_BT1_BCD2(BBF10K_003384)_15nM,Ntag1_R5(BBF10K_003399)_15nM-Ntag2_TEVcut(BBF10K_003418)_15nM,CDS_EcoRI(BBF10K_003281)_15nM,T_TZ(BBF10K_003477)_15nM,DV_pTi_5nM,P_T7_lacO(BBF10K_003379)_15nM|RBS_BT1_BCD2(BBF10K_003384)_15nM|Ntag1_R5(BBF10K_003399)_15nM-Ntag2_TEVcut(BBF10K_003418)_15nM|T_TZ(BBF10K_003477)_15nM|DV_pTi_5nM,B7,2023-06-04
pPREEX50,P_T7_lacO(BBF10K_003379)_15nM|RBS_BT1_BCD2(BBF10K_003384)_15nM|Ntag1_R5(BBF10K_003399)_15nM-Ntag2_TEVcut(BBF10K_003418)_15nM|CDS_NotI(BBF10K_003300)_15nM|T_TZ(BBF10K_003477)_15nM|DV_pTi_5nM,P_T7_lacO(BBF10K_003379)_15nM,RBS_BT1_BCD2(BBF10K_003384)_15nM,Ntag1_R5(BBF10K_003399)_15nM-Ntag2_TEVcut(BBF10K_003418)_15nM,CDS_NotI(BBF10K_003300)_15nM,T_TZ(BBF10K_003477)_15nM,DV_pTi_5nM,P_T7_lacO(BBF10K_003379)_15nM|RBS_BT1_BCD2(BBF10K_003384)_15nM|Ntag1_R5(BBF10K_003399)_15nM-Ntag2_TEVcut(BBF10K_003418)_15nM|T_TZ(BBF10K_003477)_15nM|DV_pTi_5nM,C7,2023-06-04
pPREEX51,P_T7_lacO(BBF10K_003379)_15nM|RBS_BT1_BCD2(BBF10K_003384)_15nM|Ntag1_R5(BBF10K_003399)_15nM-Ntag2_TEVcut(BBF10K_003418)_15nM|CDS_PstI(BBF10K_003283)_15nM|T_TZ(BBF10K_003477)_15nM|DV_pTi_5nM,P_T7_lacO(BBF10K_003379)_15nM,RBS_BT1_BCD2(BBF10K_003384)_15nM,Ntag1_R5(BBF10K_003399)_15nM-Ntag2_TEVcut(BBF10K_003418)_15nM,CDS_PstI(BBF10K_003283)_15nM,T_TZ(BBF10K_003477)_15nM,DV_pTi_5nM,P_T7_lacO(BBF10K_003379)_15nM|RBS_BT1_BCD2(BBF10K_003384)_15nM|Ntag1_R5(BBF10K_003399)_15nM-Ntag2_TEVcut(BBF10K_003418)_15nM|T_TZ(BBF10K_003477)_15nM|DV_pTi_5nM,D7,2023-06-04
pPREEX52,P_T7_lacO(BBF10K_003379)_15nM|RBS_BT1_BCD2(BBF10K_003384)_15nM|Ntag1_R5(BBF10K_003399)_15nM-Ntag2_TEVcut(BBF10K_003418)_15nM|CDS_SapI(BBF10K_003295)_15nM|T_TZ(BBF10K_003477)_15nM|DV_pTi_5nM,P_T7_lacO(BBF10K_003379)_15nM,RBS_BT1_BCD2(BBF10K_003384)_15nM,Ntag1_R5(BBF10K_003399)_15nM-Ntag2_TEVcut(BBF10K_003418)_15nM,CDS_SapI(BBF10K_003295)_15nM,T_TZ(BBF10K_003477)_15nM,DV_pTi_5nM,P_T7_lacO(BBF10K_003379)_15nM|RBS_BT1_BCD2(BBF10K_003384)_15nM|Ntag1_R5(BBF10K_003399)_15nM-Ntag2_TEVcut(BBF10K_003418)_15nM|T_TZ(BBF10K_003477)_15nM|DV_pTi_5nM,E7,2023-06-04
pPREEX53,P_T7_lacO(BBF10K_003379)_15nM|RBS_BT1_BCD2(BBF10K_003384)_15nM|Ntag1_R5(BBF10K_003399)_15nM-Ntag2_TEVcut(BBF10K_003418)_15nM|CDS_XbaI(BBF10K_003298)_15nM|T_TZ(BBF10K_003477)_15nM|DV_pTi_5nM,P_T7_lacO(BBF10K_003379)_15nM,RBS_BT1_BCD2(BBF10K_003384)_15nM,Ntag1_R5(BBF10K_003399)_15nM-Ntag2_TEVcut(BBF10K_003418)_15nM,CDS_XbaI(BBF10K_003298)_15nM,T_TZ(BBF10K_003477)_15nM,DV_pTi_5nM,P_T7_lacO(BBF10K_003379)_15nM|RBS_BT1_BCD2(BBF10K_003384)_15nM|Ntag1_R5(BBF10K_003399)_15nM-Ntag2_TEVcut(BBF10K_003418)_15nM|T_TZ(BBF10K_003477)_15nM|DV_pTi_5nM,F7,2023-06-04
pPREEX54,P_T7_lacO(BBF10K_003379)_15nM|RBS_BT1_BCD2(BBF10K_003384)_15nM|Ntag_His_TEVcut(BBF10K_003407_15nM|CDS_Eco31I(BBF10K_003292)_15nM|T_TZ(BBF10K_003477)_15nM|DV_pTi_5nM,P_T7_lacO(BBF10K_003379)_15nM,RBS_BT1_BCD2(BBF10K_003384)_15nM,Ntag_His_TEVcut(BBF10K_003407_15nM,CDS_Eco31I(BBF10K_003292)_15nM,T_TZ(BBF10K_003477)_15nM,DV_pTi_5nM,P_T7_lacO(BBF10K_003379)_15nM|RBS_BT1_BCD2(BBF10K_003384)_15nM|Ntag_His_TEVcut(BBF10K_003407_15nM|T_TZ(BBF10K_003477)_15nM|DV_pTi_5nM,G7,2023-06-04
pPREEX55,P_T7_lacO(BBF10K_003379)_15nM|RBS_BT1_BCD2(BBF10K_003384)_15nM|Ntag_His_TEVcut(BBF10K_003407_15nM|CDS_EcoRI(BBF10K_003281)_15nM|T_TZ(BBF10K_003477)_15nM|DV_pTi_5nM,P_T7_lacO(BBF10K_003379)_15nM,RBS_BT1_BCD2(BBF10K_003384)_15nM,Ntag_His_TEVcut(BBF10K_003407_15nM,CDS_EcoRI(BBF10K_003281)_15nM,T_TZ(BBF10K_003477)_15nM,DV_pTi_5nM,P_T7_lacO(BBF10K_003379)_15nM|RBS_BT1_BCD2(BBF10K_003384)_15nM|Ntag_His_TEVcut(BBF10K_003407_15nM|T_TZ(BBF10K_003477)_15nM|DV_pTi_5nM,H7,2023-06-04
pPREEX56,P_T7_lacO(BBF10K_003379)_15nM|RBS_BT1_BCD2(BBF10K_003384)_15nM|Ntag_His_TEVcut(BBF10K_003407_15nM|CDS_NotI(BBF10K_003300)_15nM|T_TZ(BBF10K_003477)_15nM|DV_pTi_5nM,P_T7_lacO(BBF10K_003379)_15nM,RBS_BT1_BCD2(BBF10K_003384)_15nM,Ntag_His_TEVcut(BBF10K_003407_15nM,CDS_NotI(BBF10K_003300)_15nM,T_TZ(BBF10K_003477)_15nM,DV_pTi_5nM,P_T7_lacO(BBF10K_003379)_15nM|RBS_BT1_BCD2(BBF10K_003384)_15nM|Ntag_His_TEVcut(BBF10K_003407_15nM|T_TZ(BBF10K_003477)_15nM|DV_pTi_5nM,A8,2023-06-04
pPREEX57,P_T7_lacO(BBF10K_003379)_15nM|RBS_BT1_BCD2(BBF10K_003384)_15nM|Ntag_His_TEVcut(BBF10K_003407_15nM|CDS_PstI(BBF10K_003283)_15nM|T_TZ(BBF10K_003477)_15nM|DV_pTi_5nM,P_T7_lacO(BBF10K_003379)_15nM,RBS_BT1_BCD2(BBF10K_003384)_15nM,Ntag_His_TEVcut(BBF10K_003407_15nM,CDS_PstI(BBF10K_003283)_15nM,T_TZ(BBF10K_003477)_15nM,DV_pTi_5nM,P_T7_lacO(BBF10K_003379)_15nM|RBS_BT1_BCD2(BBF10K_003384)_15nM|Ntag_His_TEVcut(BBF10K_003407_15nM|T_TZ(BBF10K_003477)_15nM|DV_pTi_5nM,B8,2023-06-04
pPREEX58,P_T7_lacO(BBF10K_003379)_15nM|RBS_BT1_BCD2(BBF10K_003384)_15nM|Ntag_His_TEVcut(BBF10K_003407_15nM|CDS_SapI(BBF10K_003295)_15nM|T_TZ(BBF10K_003477)_15nM|DV_pTi_5nM,P_T7_lacO(BBF10K_003379)_15nM,RBS_BT1_BCD2(BBF10K_003384)_15nM,Ntag_His_TEVcut(BBF10K_003407_15nM,CDS_SapI(BBF10K_003295)_15nM,T_TZ(BBF10K_003477)_15nM,DV_pTi_5nM,P_T7_lacO(BBF10K_003379)_15nM|RBS_BT1_BCD2(BBF10K_003384)_15nM|Ntag_His_TEVcut(BBF10K_003407_15nM|T_TZ(BBF10K_003477)_15nM|DV_pTi_5nM,C8,2023-06-04
pPREEX59,P_T7_lacO(BBF10K_003379)_15nM|RBS_BT1_BCD2(BBF10K_003384)_15nM|Ntag_His_TEVcut(BBF10K_003407_15nM|CDS_XbaI(BBF10K_003298)_15nM|T_TZ(BBF10K_003477)_15nM|DV_pTi_5nM,P_T7_lacO(BBF10K_003379)_15nM,RBS_BT1_BCD2(BBF10K_003384)_15nM,Ntag_His_TEVcut(BBF10K_003407_15nM,CDS_XbaI(BBF10K_003298)_15nM,T_TZ(BBF10K_003477)_15nM,DV_pTi_5nM,P_T7_lacO(BBF10K_003379)_15nM|RBS_BT1_BCD2(BBF10K_003384)_15nM|Ntag_His_TEVcut(BBF10K_003407_15nM|T_TZ(BBF10K_003477)_15nM|DV_pTi_5nM,D8,2023-06-04
pPREEX60,P_T7_lacO(BBF10K_003379)_15nM|RBS_BT1_BCD2_DsbA(BBF10K_003391)_15nM|Ntag1_R5(BBF10K_003399)_15nM-Ntag2_TEVcut(BBF10K_003418)_15nM|CDS_Eco31I(BBF10K_003292)_15nM|T_TZ(BBF10K_003477)_15nM|DV_pTi_5nM,P_T7_lacO(BBF10K_003379)_15nM,RBS_BT1_BCD2_DsbA(BBF10K_003391)_15nM,Ntag1_R5(BBF10K_003399)_15nM-Ntag2_TEVcut(BBF10K_003418)_15nM,CDS_Eco31I(BBF10K_003292)_15nM,T_TZ(BBF10K_003477)_15nM,DV_pTi_5nM,P_T7_lacO(BBF10K_003379)_15nM|RBS_BT1_BCD2_DsbA(BBF10K_003391)_15nM|Ntag1_R5(BBF10K_003399)_15nM-Ntag2_TEVcut(BBF10K_003418)_15nM|T_TZ(BBF10K_003477)_15nM|DV_pTi_5nM,E8,2023-06-04
pPREEX61,P_T7_lacO(BBF10K_003379)_15nM|RBS_BT1_BCD2_DsbA(BBF10K_003391)_15nM|Ntag1_R5(BBF10K_003399)_15nM-Ntag2_TEVcut(BBF10K_003418)_15nM|CDS_EcoRI(BBF10K_003281)_15nM|T_TZ(BBF10K_003477)_15nM|DV_pTi_5nM,P_T7_lacO(BBF10K_003379)_15nM,RBS_BT1_BCD2_DsbA(BBF10K_003391)_15nM,Ntag1_R5(BBF10K_003399)_15nM-Ntag2_TEVcut(BBF10K_003418)_15nM,CDS_EcoRI(BBF10K_003281)_15nM,T_TZ(BBF10K_003477)_15nM,DV_pTi_5nM,P_T7_lacO(BBF10K_003379)_15nM|RBS_BT1_BCD2_DsbA(BBF10K_003391)_15nM|Ntag1_R5(BBF10K_003399)_15nM-Ntag2_TEVcut(BBF10K_003418)_15nM|T_TZ(BBF10K_003477)_15nM|DV_pTi_5nM,F8,2023-06-04
pPREEX62,P_T7_lacO(BBF10K_003379)_15nM|RBS_BT1_BCD2_DsbA(BBF10K_003391)_15nM|Ntag1_R5(BBF10K_003399)_15nM-Ntag2_TEVcut(BBF10K_003418)_15nM|CDS_NotI(BBF10K_003300)_15nM|T_TZ(BBF10K_003477)_15nM|DV_pTi_5nM,P_T7_lacO(BBF10K_003379)_15nM,RBS_BT1_BCD2_DsbA(BBF10K_003391)_15nM,Ntag1_R5(BBF10K_003399)_15nM-Ntag2_TEVcut(BBF10K_003418)_15nM,CDS_NotI(BBF10K_003300)_15nM,T_TZ(BBF10K_003477)_15nM,DV_pTi_5nM,P_T7_lacO(BBF10K_003379)_15nM|RBS_BT1_BCD2_DsbA(BBF10K_003391)_15nM|Ntag1_R5(BBF10K_003399)_15nM-Ntag2_TEVcut(BBF10K_003418)_15nM|T_TZ(BBF10K_003477)_15nM|DV_pTi_5nM,G8,2023-06-04
pPREEX63,P_T7_lacO(BBF10K_003379)_15nM|RBS_BT1_BCD2_DsbA(BBF10K_003391)_15nM|Ntag1_R5(BBF10K_003399)_15nM-Ntag2_TEVcut(BBF10K_003418)_15nM|CDS_PstI(BBF10K_003283)_15nM|T_TZ(BBF10K_003477)_15nM|DV_pTi_5nM,P_T7_lacO(BBF10K_003379)_15nM,RBS_BT1_BCD2_DsbA(BBF10K_003391)_15nM,Ntag1_R5(BBF10K_003399)_15nM-Ntag2_TEVcut(BBF10K_003418)_15nM,CDS_PstI(BBF10K_003283)_15nM,T_TZ(BBF10K_003477)_15nM,DV_pTi_5nM,P_T7_lacO(BBF10K_003379)_15nM|RBS_BT1_BCD2_DsbA(BBF10K_003391)_15nM|Ntag1_R5(BBF10K_003399)_15nM-Ntag2_TEVcut(BBF10K_003418)_15nM|T_TZ(BBF10K_003477)_15nM|DV_pTi_5nM,H8,2023-06-04
pPREEX64,P_T7_lacO(BBF10K_003379)_15nM|RBS_BT1_BCD2_DsbA(BBF10K_003391)_15nM|Ntag1_R5(BBF10K_003399)_15nM-Ntag2_TEVcut(BBF10K_003418)_15nM|CDS_SapI(BBF10K_003295)_15nM|T_TZ(BBF10K_003477)_15nM|DV_pTi_5nM,P_T7_lacO(BBF10K_003379)_15nM,RBS_BT1_BCD2_DsbA(BBF10K_003391)_15nM,Ntag1_R5(BBF10K_003399)_15nM-Ntag2_TEVcut(BBF10K_003418)_15nM,CDS_SapI(BBF10K_003295)_15nM,T_TZ(BBF10K_003477)_15nM,DV_pTi_5nM,P_T7_lacO(BBF10K_003379)_15nM|RBS_BT1_BCD2_DsbA(BBF10K_003391)_15nM|Ntag1_R5(BBF10K_003399)_15nM-Ntag2_TEVcut(BBF10K_003418)_15nM|T_TZ(BBF10K_003477)_15nM|DV_pTi_5nM,A9,2023-06-04
pPREEX65,P_T7_lacO(BBF10K_003379)_15nM|RBS_BT1_BCD2_DsbA(BBF10K_003391)_15nM|Ntag1_R5(BBF10K_003399)_15nM-Ntag2_TEVcut(BBF10K_003418)_15nM|CDS_XbaI(BBF10K_003298)_15nM|T_TZ(BBF10K_003477)_15nM|DV_pTi_5nM,P_T7_lacO(BBF10K_003379)_15nM,RBS_BT1_BCD2_DsbA(BBF10K_003391)_15nM,Ntag1_R5(BBF10K_003399)_15nM-Ntag2_TEVcut(BBF10K_003418)_15nM,CDS_XbaI(BBF10K_003298)_15nM,T_TZ(BBF10K_003477)_15nM,DV_pTi_5nM,P_T7_lacO(BBF10K_003379)_15nM|RBS_BT1_BCD2_DsbA(BBF10K_003391)_15nM|Ntag1_R5(BBF10K_003399)_15nM-Ntag2_TEVcut(BBF10K_003418)_15nM|T_TZ(BBF10K_003477)_15nM|DV_pTi_5nM,B9,2023-06-04
pPREEX66,P_T7_lacO(BBF10K_003379)_15nM|RBS_BT1_BCD2_DsbA(BBF10K_003391)_15nM|Ntag_His_TEVcut(BBF10K_003407_15nM|CDS_Eco31I(BBF10K_003292)_15nM|T_TZ(BBF10K_003477)_15nM|DV_pTi_5nM,P_T7_lacO(BBF10K_003379)_15nM,RBS_BT1_BCD2_DsbA(BBF10K_003391)_15nM,Ntag_His_TEVcut(BBF10K_003407_15nM,CDS_Eco31I(BBF10K_003292)_15nM,T_TZ(BBF10K_003477)_15nM,DV_pTi_5nM,P_T7_lacO(BBF10K_003379)_15nM|RBS_BT1_BCD2_DsbA(BBF10K_003391)_15nM|Ntag_His_TEVcut(BBF10K_003407_15nM|T_TZ(BBF10K_003477)_15nM|DV_pTi_5nM,C9,2023-06-04
pPREEX67,P_T7_lacO(BBF10K_003379)_15nM|RBS_BT1_BCD2_DsbA(BBF10K_003391)_15nM|Ntag_His_TEVcut(BBF10K_003407_15nM|CDS_EcoRI(BBF10K_003281)_15nM|T_TZ(BBF10K_003477)_15nM|DV_pTi_5nM,P_T7_lacO(BBF10K_003379)_15nM,RBS_BT1_BCD2_DsbA(BBF10K_003391)_15nM,Ntag_His_TEVcut(BBF10K_003407_15nM,CDS_EcoRI(BBF10K_003281)_15nM,T_TZ(BBF10K_003477)_15nM,DV_pTi_5nM,P_T7_lacO(BBF10K_003379)_15nM|RBS_BT1_BCD2_DsbA(BBF10K_003391)_15nM|Ntag_His_TEVcut(BBF10K_003407_15nM|T_TZ(BBF10K_003477)_15nM|DV_pTi_5nM,D9,2023-06-04
pPREEX68,P_T7_lacO(BBF10K_003379)_15nM|RBS_BT1_BCD2_DsbA(BBF10K_003391)_15nM|Ntag_His_TEVcut(BBF10K_003407_15nM|CDS_NotI(BBF10K_003300)_15nM|T_TZ(BBF10K_003477)_15nM|DV_pTi_5nM,P_T7_lacO(BBF10K_003379)_15nM,RBS_BT1_BCD2_DsbA(BBF10K_003391)_15nM,Ntag_His_TEVcut(BBF10K_003407_15nM,CDS_NotI(BBF10K_003300)_15nM,T_TZ(BBF10K_003477)_15nM,DV_pTi_5nM,P_T7_lacO(BBF10K_003379)_15nM|RBS_BT1_BCD2_DsbA(BBF10K_003391)_15nM|Ntag_His_TEVcut(BBF10K_003407_15nM|T_TZ(BBF10K_003477)_15nM|DV_pTi_5nM,E9,2023-06-04
pPREEX69,P_T7_lacO(BBF10K_003379)_15nM|RBS_BT1_BCD2_DsbA(BBF10K_003391)_15nM|Ntag_His_TEVcut(BBF10K_003407_15nM|CDS_PstI(BBF10K_003283)_15nM|T_TZ(BBF10K_003477)_15nM|DV_pTi_5nM,P_T7_lacO(BBF10K_003379)_15nM,RBS_BT1_BCD2_DsbA(BBF10K_003391)_15nM,Ntag_His_TEVcut(BBF10K_003407_15nM,CDS_PstI(BBF10K_003283)_15nM,T_TZ(BBF10K_003477)_15nM,DV_pTi_5nM,P_T7_lacO(BBF10K_003379)_15nM|RBS_BT1_BCD2_DsbA(BBF10K_003391)_15nM|Ntag_His_TEVcut(BBF10K_003407_15nM|T_TZ(BBF10K_003477)_15nM|DV_pTi_5nM,F9,2023-06-04
pPREEX70,P_T7_lacO(BBF10K_003379)_15nM|RBS_BT1_BCD2_DsbA(BBF10K_003391)_15nM|Ntag_His_TEVcut(BBF10K_003407_15nM|CDS_SapI(BBF10K_003295)_15nM|T_TZ(BBF10K_003477)_15nM|DV_pTi_5nM,P_T7_lacO(BBF10K_003379)_15nM,RBS_BT1_BCD2_DsbA(BBF10K_003391)_15nM,Ntag_His_TEVcut(BBF10K_003407_15nM,CDS_SapI(BBF10K_003295)_15nM,T_TZ(BBF10K_003477)_15nM,DV_pTi_5nM,P_T7_lacO(BBF10K_003379)_15nM|RBS_BT1_BCD2_DsbA(BBF10K_003391)_15nM|Ntag_His_TEVcut(BBF10K_003407_15nM|T_TZ(BBF10K_003477)_15nM|DV_pTi_5nM,G9,2023-06-04
pPREEX71,P_T7_lacO(BBF10K_003379)_15nM|RBS_BT1_BCD2_DsbA(BBF10K_003391)_15nM|Ntag_His_TEVcut(BBF10K_003407_15nM|CDS_XbaI(BBF10K_003298)_15nM|T_TZ(BBF10K_003477)_15nM|DV_pTi_5nM,P_T7_lacO(BBF10K_003379)_15nM,RBS_BT1_BCD2_DsbA(BBF10K_003391)_15nM,Ntag_His_TEVcut(BBF10K_003407_15nM,CDS_XbaI(BBF10K_003298)_15nM,T_TZ(BBF10K_003477)_15nM,DV_pTi_5nM,P_T7_lacO(BBF10K_003379)_15nM|RBS_BT1_BCD2_DsbA(BBF10K_003391)_15nM|Ntag_His_TEVcut(BBF10K_003407_15nM|T_TZ(BBF10K_003477)_15nM|DV_pTi_5nM,H9,2023-06-04
pPREEX72,P_T7_lacO(BBF10K_003379)_15nM|RBS_BT1_BCD2_OmpT(BBF10K_003392)_15nM|Ntag1_R5(BBF10K_003399)_15nM-Ntag2_TEVcut(BBF10K_003418)_15nM|CDS_Eco31I(BBF10K_003292)_15nM|T_TZ(BBF10K_003477)_15nM|DV_pTi_5nM,P_T7_lacO(BBF10K_003379)_15nM,RBS_BT1_BCD2_OmpT(BBF10K_003392)_15nM,Ntag1_R5(BBF10K_003399)_15nM-Ntag2_TEVcut(BBF10K_003418)_15nM,CDS_Eco31I(BBF10K_003292)_15nM,T_TZ(BBF10K_003477)_15nM,DV_pTi_5nM,P_T7_lacO(BBF10K_003379)_15nM|RBS_BT1_BCD2_OmpT(BBF10K_003392)_15nM|Ntag1_R5(BBF10K_003399)_15nM-Ntag2_TEVcut(BBF10K_003418)_15nM|T_TZ(BBF10K_003477)_15nM|DV_pTi_5nM,A10,2023-06-04
pPREEX73,P_T7_lacO(BBF10K_003379)_15nM|RBS_BT1_BCD2_OmpT(BBF10K_003392)_15nM|Ntag1_R5(BBF10K_003399)_15nM-Ntag2_TEVcut(BBF10K_003418)_15nM|CDS_EcoRI(BBF10K_003281)_15nM|T_TZ(BBF10K_003477)_15nM|DV_pTi_5nM,P_T7_lacO(BBF10K_003379)_15nM,RBS_BT1_BCD2_OmpT(BBF10K_003392)_15nM,Ntag1_R5(BBF10K_003399)_15nM-Ntag2_TEVcut(BBF10K_003418)_15nM,CDS_EcoRI(BBF10K_003281)_15nM,T_TZ(BBF10K_003477)_15nM,DV_pTi_5nM,P_T7_lacO(BBF10K_003379)_15nM|RBS_BT1_BCD2_OmpT(BBF10K_003392)_15nM|Ntag1_R5(BBF10K_003399)_15nM-Ntag2_TEVcut(BBF10K_003418)_15nM|T_TZ(BBF10K_003477)_15nM|DV_pTi_5nM,B10,2023-06-04
pPREEX74,P_T7_lacO(BBF10K_003379)_15nM|RBS_BT1_BCD2_OmpT(BBF10K_003392)_15nM|Ntag1_R5(BBF10K_003399)_15nM-Ntag2_TEVcut(BBF10K_003418)_15nM|CDS_NotI(BBF10K_003300)_15nM|T_TZ(BBF10K_003477)_15nM|DV_pTi_5nM,P_T7_lacO(BBF10K_003379)_15nM,RBS_BT1_BCD2_OmpT(BBF10K_003392)_15nM,Ntag1_R5(BBF10K_003399)_15nM-Ntag2_TEVcut(BBF10K_003418)_15nM,CDS_NotI(BBF10K_003300)_15nM,T_TZ(BBF10K_003477)_15nM,DV_pTi_5nM,P_T7_lacO(BBF10K_003379)_15nM|RBS_BT1_BCD2_OmpT(BBF10K_003392)_15nM|Ntag1_R5(BBF10K_003399)_15nM-Ntag2_TEVcut(BBF10K_003418)_15nM|T_TZ(BBF10K_003477)_15nM|DV_pTi_5nM,C10,2023-06-04
pPREEX75,P_T7_lacO(BBF10K_003379)_15nM|RBS_BT1_BCD2_OmpT(BBF10K_003392)_15nM|Ntag1_R5(BBF10K_003399)_15nM-Ntag2_TEVcut(BBF10K_003418)_15nM|CDS_PstI(BBF10K_003283)_15nM|T_TZ(BBF10K_003477)_15nM|DV_pTi_5nM,P_T7_lacO(BBF10K_003379)_15nM,RBS_BT1_BCD2_OmpT(BBF10K_003392)_15nM,Ntag1_R5(BBF10K_003399)_15nM-Ntag2_TEVcut(BBF10K_003418)_15nM,CDS_PstI(BBF10K_003283)_15nM,T_TZ(BBF10K_003477)_15nM,DV_pTi_5nM,P_T7_lacO(BBF10K_003379)_15nM|RBS_BT1_BCD2_OmpT(BBF10K_003392)_15nM|Ntag1_R5(BBF10K_003399)_15nM-Ntag2_TEVcut(BBF10K_003418)_15nM|T_TZ(BBF10K_003477)_15nM|DV_pTi_5nM,D10,2023-06-04
pPREEX76,P_T7_lacO(BBF10K_003379)_15nM|RBS_BT1_BCD2_OmpT(BBF10K_003392)_15nM|Ntag1_R5(BBF10K_003399)_15nM-Ntag2_TEVcut(BBF10K_003418)_15nM|CDS_SapI(BBF10K_003295)_15nM|T_TZ(BBF10K_003477)_15nM|DV_pTi_5nM,P_T7_lacO(BBF10K_003379)_15nM,RBS_BT1_BCD2_OmpT(BBF10K_003392)_15nM,Ntag1_R5(BBF10K_003399)_15nM-Ntag2_TEVcut(BBF10K_003418)_15nM,CDS_SapI(BBF10K_003295)_15nM,T_TZ(BBF10K_003477)_15nM,DV_pTi_5nM,P_T7_lacO(BBF10K_003379)_15nM|RBS_BT1_BCD2_OmpT(BBF10K_003392)_15nM|Ntag1_R5(BBF10K_003399)_15nM-Ntag2_TEVcut(BBF10K_003418)_15nM|T_TZ(BBF10K_003477)_15nM|DV_pTi_5nM,E10,2023-06-04
pPREEX77,P_T7_lacO(BBF10K_003379)_15nM|RBS_BT1_BCD2_OmpT(BBF10K_003392)_15nM|Ntag1_R5(BBF10K_003399)_15nM-Ntag2_TEVcut(BBF10K_003418)_15nM|CDS_XbaI(BBF10K_003298)_15nM|T_TZ(BBF10K_003477)_15nM|DV_pTi_5nM,P_T7_lacO(BBF10K_003379)_15nM,RBS_BT1_BCD2_OmpT(BBF10K_003392)_15nM,Ntag1_R5(BBF10K_003399)_15nM-Ntag2_TEVcut(BBF10K_003418)_15nM,CDS_XbaI(BBF10K_003298)_15nM,T_TZ(BBF10K_003477)_15nM,DV_pTi_5nM,P_T7_lacO(BBF10K_003379)_15nM|RBS_BT1_BCD2_OmpT(BBF10K_003392)_15nM|Ntag1_R5(BBF10K_003399)_15nM-Ntag2_TEVcut(BBF10K_003418)_15nM|T_TZ(BBF10K_003477)_15nM|DV_pTi_5nM,F10,2023-06-04
pPREEX78,P_T7_lacO(BBF10K_003379)_15nM|RBS_BT1_BCD2_OmpT(BBF10K_003392)_15nM|Ntag_His_TEVcut(BBF10K_003407_15nM|CDS_Eco31I(BBF10K_003292)_15nM|T_TZ(BBF10K_003477)_15nM|DV_pTi_5nM,P_T7_lacO(BBF10K_003379)_15nM,RBS_BT1_BCD2_OmpT(BBF10K_003392)_15nM,Ntag_His_TEVcut(BBF10K_003407_15nM,CDS_Eco31I(BBF10K_003292)_15nM,T_TZ(BBF10K_003477)_15nM,DV_pTi_5nM,P_T7_lacO(BBF10K_003379)_15nM|RBS_BT1_BCD2_OmpT(BBF10K_003392)_15nM|Ntag_His_TEVcut(BBF10K_003407_15nM|T_TZ(BBF10K_003477)_15nM|DV_pTi_5nM,G10,2023-06-04
pPREEX79,P_T7_lacO(BBF10K_003379)_15nM|RBS_BT1_BCD2_OmpT(BBF10K_003392)_15nM|Ntag_His_TEVcut(BBF10K_003407_15nM|CDS_EcoRI(BBF10K_003281)_15nM|T_TZ(BBF10K_003477)_15nM|DV_pTi_5nM,P_T7_lacO(BBF10K_003379)_15nM,RBS_BT1_BCD2_OmpT(BBF10K_003392)_15nM,Ntag_His_TEVcut(BBF10K_003407_15nM,CDS_EcoRI(BBF10K_003281)_15nM,T_TZ(BBF10K_003477)_15nM,DV_pTi_5nM,P_T7_lacO(BBF10K_003379)_15nM|RBS_BT1_BCD2_OmpT(BBF10K_003392)_15nM|Ntag_His_TEVcut(BBF10K_003407_15nM|T_TZ(BBF10K_003477)_15nM|DV_pTi_5nM,H10,2023-06-04
pPREEX80,P_T7_lacO(BBF10K_003379)_15nM|RBS_BT1_BCD2_OmpT(BBF10K_003392)_15nM|Ntag_His_TEVcut(BBF10K_003407_15nM|CDS_NotI(BBF10K_003300)_15nM|T_TZ(BBF10K_003477)_15nM|DV_pTi_5nM,P_T7_lacO(BBF10K_003379)_15nM,RBS_BT1_BCD2_OmpT(BBF10K_003392)_15nM,Ntag_His_TEVcut(BBF10K_003407_15nM,CDS_NotI(BBF10K_003300)_15nM,T_TZ(BBF10K_003477)_15nM,DV_pTi_5nM,P_T7_lacO(BBF10K_003379)_15nM|RBS_BT1_BCD2_OmpT(BBF10K_003392)_15nM|Ntag_His_TEVcut(BBF10K_003407_15nM|T_TZ(BBF10K_003477)_15nM|DV_pTi_5nM,A11,2023-06-04
pPREEX81,P_T7_lacO(BBF10K_003379)_15nM|RBS_BT1_BCD2_OmpT(BBF10K_003392)_15nM|Ntag_His_TEVcut(BBF10K_003407_15nM|CDS_PstI(BBF10K_003283)_15nM|T_TZ(BBF10K_003477)_15nM|DV_pTi_5nM,P_T7_lacO(BBF10K_003379)_15nM,RBS_BT1_BCD2_OmpT(BBF10K_003392)_15nM,Ntag_His_TEVcut(BBF10K_003407_15nM,CDS_PstI(BBF10K_003283)_15nM,T_TZ(BBF10K_003477)_15nM,DV_pTi_5nM,P_T7_lacO(BBF10K_003379)_15nM|RBS_BT1_BCD2_OmpT(BBF10K_003392)_15nM|Ntag_His_TEVcut(BBF10K_003407_15nM|T_TZ(BBF10K_003477)_15nM|DV_pTi_5nM,B11,2023-06-04
pPREEX82,P_T7_lacO(BBF10K_003379)_15nM|RBS_BT1_BCD2_OmpT(BBF10K_003392)_15nM|Ntag_His_TEVcut(BBF10K_003407_15nM|CDS_SapI(BBF10K_003295)_15nM|T_TZ(BBF10K_003477)_15nM|DV_pTi_5nM,P_T7_lacO(BBF10K_003379)_15nM,RBS_BT1_BCD2_OmpT(BBF10K_003392)_15nM,Ntag_His_TEVcut(BBF10K_003407_15nM,CDS_SapI(BBF10K_003295)_15nM,T_TZ(BBF10K_003477)_15nM,DV_pTi_5nM,P_T7_lacO(BBF10K_003379)_15nM|RBS_BT1_BCD2_OmpT(BBF10K_003392)_15nM|Ntag_His_TEVcut(BBF10K_003407_15nM|T_TZ(BBF10K_003477)_15nM|DV_pTi_5nM,C11,2023-06-04
pPREEX83,P_T7_lacO(BBF10K_003379)_15nM|RBS_BT1_BCD2_OmpT(BBF10K_003392)_15nM|Ntag_His_TEVcut(BBF10K_003407_15nM|CDS_XbaI(BBF10K_003298)_15nM|T_TZ(BBF10K_003477)_15nM|DV_pTi_5nM,P_T7_lacO(BBF10K_003379)_15nM,RBS_BT1_BCD2_OmpT(BBF10K_003392)_15nM,Ntag_His_TEVcut(BBF10K_003407_15nM,CDS_XbaI(BBF10K_003298)_15nM,T_TZ(BBF10K_003477)_15nM,DV_pTi_5nM,P_T7_lacO(BBF10K_003379)_15nM|RBS_BT1_BCD2_OmpT(BBF10K_003392)_15nM|Ntag_His_TEVcut(BBF10K_003407_15nM|T_TZ(BBF10K_003477)_15nM|DV_pTi_5nM,D11,2023-06-04
pPREEX84,P_T7_lacO(BBF10K_003379)_15nM|RBS_BT1_BCD2_pelB(BBF10K_003393)_15nM|Ntag1_R5(BBF10K_003399)_15nM-Ntag2_TEVcut(BBF10K_003418)_15nM|CDS_Eco31I(BBF10K_003292)_15nM|T_TZ(BBF10K_003477)_15nM|DV_pTi_5nM,P_T7_lacO(BBF10K_003379)_15nM,RBS_BT1_BCD2_pelB(BBF10K_003393)_15nM,Ntag1_R5(BBF10K_003399)_15nM-Ntag2_TEVcut(BBF10K_003418)_15nM,CDS_Eco31I(BBF10K_003292)_15nM,T_TZ(BBF10K_003477)_15nM,DV_pTi_5nM,P_T7_lacO(BBF10K_003379)_15nM|RBS_BT1_BCD2_pelB(BBF10K_003393)_15nM|Ntag1_R5(BBF10K_003399)_15nM-Ntag2_TEVcut(BBF10K_003418)_15nM|T_TZ(BBF10K_003477)_15nM|DV_pTi_5nM,E11,2023-06-04
pPREEX85,P_T7_lacO(BBF10K_003379)_15nM|RBS_BT1_BCD2_pelB(BBF10K_003393)_15nM|Ntag1_R5(BBF10K_003399)_15nM-Ntag2_TEVcut(BBF10K_003418)_15nM|CDS_EcoRI(BBF10K_003281)_15nM|T_TZ(BBF10K_003477)_15nM|DV_pTi_5nM,P_T7_lacO(BBF10K_003379)_15nM,RBS_BT1_BCD2_pelB(BBF10K_003393)_15nM,Ntag1_R5(BBF10K_003399)_15nM-Ntag2_TEVcut(BBF10K_003418)_15nM,CDS_EcoRI(BBF10K_003281)_15nM,T_TZ(BBF10K_003477)_15nM,DV_pTi_5nM,P_T7_lacO(BBF10K_003379)_15nM|RBS_BT1_BCD2_pelB(BBF10K_003393)_15nM|Ntag1_R5(BBF10K_003399)_15nM-Ntag2_TEVcut(BBF10K_003418)_15nM|T_TZ(BBF10K_003477)_15nM|DV_pTi_5nM,F11,2023-06-04
pPREEX86,P_T7_lacO(BBF10K_003379)_15nM|RBS_BT1_BCD2_pelB(BBF10K_003393)_15nM|Ntag1_R5(BBF10K_003399)_15nM-Ntag2_TEVcut(BBF10K_003418)_15nM|CDS_NotI(BBF10K_003300)_15nM|T_TZ(BBF10K_003477)_15nM|DV_pTi_5nM,P_T7_lacO(BBF10K_003379)_15nM,RBS_BT1_BCD2_pelB(BBF10K_003393)_15nM,Ntag1_R5(BBF10K_003399)_15nM-Ntag2_TEVcut(BBF10K_003418)_15nM,CDS_NotI(BBF10K_003300)_15nM,T_TZ(BBF10K_003477)_15nM,DV_pTi_5nM,P_T7_lacO(BBF10K_003379)_15nM|RBS_BT1_BCD2_pelB(BBF10K_003393)_15nM|Ntag1_R5(BBF10K_003399)_15nM-Ntag2_TEVcut(BBF10K_003418)_15nM|T_TZ(BBF10K_003477)_15nM|DV_pTi_5nM,G11,2023-06-04
pPREEX87,P_T7_lacO(BBF10K_003379)_15nM|RBS_BT1_BCD2_pelB(BBF10K_003393)_15nM|Ntag1_R5(BBF10K_003399)_15nM-Ntag2_TEVcut(BBF10K_003418)_15nM|CDS_PstI(BBF10K_003283)_15nM|T_TZ(BBF10K_003477)_15nM|DV_pTi_5nM,P_T7_lacO(BBF10K_003379)_15nM,RBS_BT1_BCD2_pelB(BBF10K_003393)_15nM,Ntag1_R5(BBF10K_003399)_15nM-Ntag2_TEVcut(BBF10K_003418)_15nM,CDS_PstI(BBF10K_003283)_15nM,T_TZ(BBF10K_003477)_15nM,DV_pTi_5nM,P_T7_lacO(BBF10K_003379)_15nM|RBS_BT1_BCD2_pelB(BBF10K_003393)_15nM|Ntag1_R5(BBF10K_003399)_15nM-Ntag2_TEVcut(BBF10K_003418)_15nM|T_TZ(BBF10K_003477)_15nM|DV_pTi_5nM,H11,2023-06-04
pPREEX88,P_T7_lacO(BBF10K_003379)_15nM|RBS_BT1_BCD2_pelB(BBF10K_003393)_15nM|Ntag1_R5(BBF10K_003399)_15nM-Ntag2_TEVcut(BBF10K_003418)_15nM|CDS_SapI(BBF10K_003295)_15nM|T_TZ(BBF10K_003477)_15nM|DV_pTi_5nM,P_T7_lacO(BBF10K_003379)_15nM,RBS_BT1_BCD2_pelB(BBF10K_003393)_15nM,Ntag1_R5(BBF10K_003399)_15nM-Ntag2_TEVcut(BBF10K_003418)_15nM,CDS_SapI(BBF10K_003295)_15nM,T_TZ(BBF10K_003477)_15nM,DV_pTi_5nM,P_T7_lacO(BBF10K_003379)_15nM|RBS_BT1_BCD2_pelB(BBF10K_003393)_15nM|Ntag1_R5(BBF10K_003399)_15nM-Ntag2_TEVcut(BBF10K_003418)_15nM|T_TZ(BBF10K_003477)_15nM|DV_pTi_5nM,A12,2023-06-04
pPREEX89,P_T7_lacO(BBF10K_003379)_15nM|RBS_BT1_BCD2_pelB(BBF10K_003393)_15nM|Ntag1_R5(BBF10K_003399)_15nM-Ntag2_TEVcut(BBF10K_003418)_15nM|CDS_XbaI(BBF10K_003298)_15nM|T_TZ(BBF10K_003477)_15nM|DV_pTi_5nM,P_T7_lacO(BBF10K_003379)_15nM,RBS_BT1_BCD2_pelB(BBF10K_003393)_15nM,Ntag1_R5(BBF10K_003399)_15nM-Ntag2_TEVcut(BBF10K_003418)_15nM,CDS_XbaI(BBF10K_003298)_15nM,T_TZ(BBF10K_003477)_15nM,DV_pTi_5nM,P_T7_lacO(BBF10K_003379)_15nM|RBS_BT1_BCD2_pelB(BBF10K_003393)_15nM|Ntag1_R5(BBF10K_003399)_15nM-Ntag2_TEVcut(BBF10K_003418)_15nM|T_TZ(BBF10K_003477)_15nM|DV_pTi_5nM,B12,2023-06-04
pPREEX90,P_T7_lacO(BBF10K_003379)_15nM|RBS_BT1_BCD2_pelB(BBF10K_003393)_15nM|Ntag_His_TEVcut(BBF10K_003407_15nM|CDS_Eco31I(BBF10K_003292)_15nM|T_TZ(BBF10K_003477)_15nM|DV_pTi_5nM,P_T7_lacO(BBF10K_003379)_15nM,RBS_BT1_BCD2_pelB(BBF10K_003393)_15nM,Ntag_His_TEVcut(BBF10K_003407_15nM,CDS_Eco31I(BBF10K_003292)_15nM,T_TZ(BBF10K_003477)_15nM,DV_pTi_5nM,P_T7_lacO(BBF10K_003379)_15nM|RBS_BT1_BCD2_pelB(BBF10K_003393)_15nM|Ntag_His_TEVcut(BBF10K_003407_15nM|T_TZ(BBF10K_003477)_15nM|DV_pTi_5nM,C12,2023-06-04
pPREEX91,P_T7_lacO(BBF10K_003379)_15nM|RBS_BT1_BCD2_pelB(BBF10K_003393)_15nM|Ntag_His_TEVcut(BBF10K_003407_15nM|CDS_EcoRI(BBF10K_003281)_15nM|T_TZ(BBF10K_003477)_15nM|DV_pTi_5nM,P_T7_lacO(BBF10K_003379)_15nM,RBS_BT1_BCD2_pelB(BBF10K_003393)_15nM,Ntag_His_TEVcut(BBF10K_003407_15nM,CDS_EcoRI(BBF10K_003281)_15nM,T_TZ(BBF10K_003477)_15nM,DV_pTi_5nM,P_T7_lacO(BBF10K_003379)_15nM|RBS_BT1_BCD2_pelB(BBF10K_003393)_15nM|Ntag_His_TEVcut(BBF10K_003407_15nM|T_TZ(BBF10K_003477)_15nM|DV_pTi_5nM,D12,2023-06-04
pPREEX92,P_T7_lacO(BBF10K_003379)_15nM|RBS_BT1_BCD2_pelB(BBF10K_003393)_15nM|Ntag_His_TEVcut(BBF10K_003407_15nM|CDS_NotI(BBF10K_003300)_15nM|T_TZ(BBF10K_003477)_15nM|DV_pTi_5nM,P_T7_lacO(BBF10K_003379)_15nM,RBS_BT1_BCD2_pelB(BBF10K_003393)_15nM,Ntag_His_TEVcut(BBF10K_003407_15nM,CDS_NotI(BBF10K_003300)_15nM,T_TZ(BBF10K_003477)_15nM,DV_pTi_5nM,P_T7_lacO(BBF10K_003379)_15nM|RBS_BT1_BCD2_pelB(BBF10K_003393)_15nM|Ntag_His_TEVcut(BBF10K_003407_15nM|T_TZ(BBF10K_003477)_15nM|DV_pTi_5nM,E12,2023-06-04
pPREEX93,P_T7_lacO(BBF10K_003379)_15nM|RBS_BT1_BCD2_pelB(BBF10K_003393)_15nM|Ntag_His_TEVcut(BBF10K_003407_15nM|CDS_PstI(BBF10K_003283)_15nM|T_TZ(BBF10K_003477)_15nM|DV_pTi_5nM,P_T7_lacO(BBF10K_003379)_15nM,RBS_BT1_BCD2_pelB(BBF10K_003393)_15nM,Ntag_His_TEVcut(BBF10K_003407_15nM,CDS_PstI(BBF10K_003283)_15nM,T_TZ(BBF10K_003477)_15nM,DV_pTi_5nM,P_T7_lacO(BBF10K_003379)_15nM|RBS_BT1_BCD2_pelB(BBF10K_003393)_15nM|Ntag_His_TEVcut(BBF10K_003407_15nM|T_TZ(BBF10K_003477)_15nM|DV_pTi_5nM,F12,2023-06-04
pPREEX94,P_T7_lacO(BBF10K_003379)_15nM|RBS_BT1_BCD2_pelB(BBF10K_003393)_15nM|Ntag_His_TEVcut(BBF10K_003407_15nM|CDS_SapI(BBF10K_003295)_15nM|T_TZ(BBF10K_003477)_15nM|DV_pTi_5nM,P_T7_lacO(BBF10K_003379)_15nM,RBS_BT1_BCD2_pelB(BBF10K_003393)_15nM,Ntag_His_TEVcut(BBF10K_003407_15nM,CDS_SapI(BBF10K_003295)_15nM,T_TZ(BBF10K_003477)_15nM,DV_pTi_5nM,P_T7_lacO(BBF10K_003379)_15nM|RBS_BT1_BCD2_pelB(BBF10K_003393)_15nM|Ntag_His_TEVcut(BBF10K_003407_15nM|T_TZ(BBF10K_003477)_15nM|DV_pTi_5nM,G12,2023-06-04
pPREEX95,P_T7_lacO(BBF10K_003379)_15nM|RBS_BT1_BCD2_pelB(BBF10K_003393)_15nM|Ntag_His_TEVcut(BBF10K_003407_15nM|CDS_XbaI(BBF10K_003298)_15nM|T_TZ(BBF10K_003477)_15nM|DV_pTi_5nM,P_T7_lacO(BBF10K_003379)_15nM,RBS_BT1_BCD2_pelB(BBF10K_003393)_15nM,Ntag_His_TEVcut(BBF10K_003407_15nM,CDS_XbaI(BBF10K_003298)_15nM,T_TZ(BBF10K_003477)_15nM,DV_pTi_5nM,P_T7_lacO(BBF10K_003379)_15nM|RBS_BT1_BCD2_pelB(BBF10K_003393)_15nM|Ntag_His_TEVcut(BBF10K_003407_15nM|T_TZ(BBF10K_003477)_15nM|DV_pTi_5nM,H12,2023-06-04
