assembly_ID,Sample Name,Transfer Volume,Source Plate Name,Source Plate Type,Source Well,Destination Plate Name,Destination Plate Type,Destination Well
pCM301,P_T7(BBF10K_003378)_15nM,199.99999999999997,220925_ark_384_sTUFPlibrary,384PP_AQ_BP2,A1,220817_assembly_sTUFPlibrary,384_PCR_plate Framestar - 4titude,B2
pCM301,RBS_BT1_BCD2(BBF10K_003384)_15nM,199.99999999999997,220925_ark_384_sTUFPlibrary,384PP_AQ_BP2,C1,220817_assembly_sTUFPlibrary,384_PCR_plate Framestar - 4titude,B2
pCM301,Ntag1_R5(BBF10K_003399)_15nM-Ntag2_TEVcut(BBF10K_003418)_15nM,199.99999999999997,220925_ark_384_sTUFPlibrary,384PP_AQ_BP2,C3,220817_assembly_sTUFPlibrary,384_PCR_plate Framestar - 4titude,B2
pCM301,CDS_Eco31I(BBF10K_003292)_15nM,199.99999999999997,220925_ark_384_sTUFPlibrary,384PP_AQ_BP2,B2,220817_assembly_sTUFPlibrary,384_PCR_plate Framestar - 4titude,B2
pCM301,T_TZ(BBF10K_003477)_15nM,199.99999999999997,220925_ark_384_sTUFPlibrary,384PP_AQ_BP2,H2,220817_assembly_sTUFPlibrary,384_PCR_plate Framestar - 4titude,B2
pCM301,DV_pTi_5nM,199.99999999999997,220925_ark_384_sTUFPlibrary,384PP_AQ_BP2,B3,220817_assembly_sTUFPlibrary,384_PCR_plate Framestar - 4titude,B2
pCM302,P_T7(BBF10K_003378)_15nM,199.99999999999997,220925_ark_384_sTUFPlibrary,384PP_AQ_BP2,A1,220817_assembly_sTUFPlibrary,384_PCR_plate Framestar - 4titude,C2
pCM302,RBS_BT1_BCD2(BBF10K_003384)_15nM,199.99999999999997,220925_ark_384_sTUFPlibrary,384PP_AQ_BP2,C1,220817_assembly_sTUFPlibrary,384_PCR_plate Framestar - 4titude,C2
pCM302,Ntag1_R5(BBF10K_003399)_15nM-Ntag2_TEVcut(BBF10K_003418)_15nM,199.99999999999997,220925_ark_384_sTUFPlibrary,384PP_AQ_BP2,C3,220817_assembly_sTUFPlibrary,384_PCR_plate Framestar - 4titude,C2
pCM302,CDS_EcoRI(BBF10K_003281)_15nM,199.99999999999997,220925_ark_384_sTUFPlibrary,384PP_AQ_BP2,C2,220817_assembly_sTUFPlibrary,384_PCR_plate Framestar - 4titude,C2
pCM302,T_TZ(BBF10K_003477)_15nM,199.99999999999997,220925_ark_384_sTUFPlibrary,384PP_AQ_BP2,H2,220817_assembly_sTUFPlibrary,384_PCR_plate Framestar - 4titude,C2
pCM302,DV_pTi_5nM,199.99999999999997,220925_ark_384_sTUFPlibrary,384PP_AQ_BP2,B3,220817_assembly_sTUFPlibrary,384_PCR_plate Framestar - 4titude,C2
pCM303,P_T7(BBF10K_003378)_15nM,199.99999999999997,220925_ark_384_sTUFPlibrary,384PP_AQ_BP2,A1,220817_assembly_sTUFPlibrary,384_PCR_plate Framestar - 4titude,D2
pCM303,RBS_BT1_BCD2(BBF10K_003384)_15nM,199.99999999999997,220925_ark_384_sTUFPlibrary,384PP_AQ_BP2,C1,220817_assembly_sTUFPlibrary,384_PCR_plate Framestar - 4titude,D2
pCM303,Ntag1_R5(BBF10K_003399)_15nM-Ntag2_TEVcut(BBF10K_003418)_15nM,199.99999999999997,220925_ark_384_sTUFPlibrary,384PP_AQ_BP2,C3,220817_assembly_sTUFPlibrary,384_PCR_plate Framestar - 4titude,D2
pCM303,CDS_NotI(BBF10K_003300)_15nM,199.99999999999997,220925_ark_384_sTUFPlibrary,384PP_AQ_BP2,D2,220817_assembly_sTUFPlibrary,384_PCR_plate Framestar - 4titude,D2
pCM303,T_TZ(BBF10K_003477)_15nM,199.99999999999997,220925_ark_384_sTUFPlibrary,384PP_AQ_BP2,H2,220817_assembly_sTUFPlibrary,384_PCR_plate Framestar - 4titude,D2
pCM303,DV_pTi_5nM,199.99999999999997,220925_ark_384_sTUFPlibrary,384PP_AQ_BP2,B3,220817_assembly_sTUFPlibrary,384_PCR_plate Framestar - 4titude,D2
pCM304,P_T7(BBF10K_003378)_15nM,199.99999999999997,220925_ark_384_sTUFPlibrary,384PP_AQ_BP2,A1,220817_assembly_sTUFPlibrary,384_PCR_plate Framestar - 4titude,E2
pCM304,RBS_BT1_BCD2(BBF10K_003384)_15nM,199.99999999999997,220925_ark_384_sTUFPlibrary,384PP_AQ_BP2,C1,220817_assembly_sTUFPlibrary,384_PCR_plate Framestar - 4titude,E2
pCM304,Ntag1_R5(BBF10K_003399)_15nM-Ntag2_TEVcut(BBF10K_003418)_15nM,199.99999999999997,220925_ark_384_sTUFPlibrary,384PP_AQ_BP2,C3,220817_assembly_sTUFPlibrary,384_PCR_plate Framestar - 4titude,E2
pCM304,CDS_PstI(BBF10K_003283)_15nM,199.99999999999997,220925_ark_384_sTUFPlibrary,384PP_AQ_BP2,E2,220817_assembly_sTUFPlibrary,384_PCR_plate Framestar - 4titude,E2
pCM304,T_TZ(BBF10K_003477)_15nM,199.99999999999997,220925_ark_384_sTUFPlibrary,384PP_AQ_BP2,H2,220817_assembly_sTUFPlibrary,384_PCR_plate Framestar - 4titude,E2
pCM304,DV_pTi_5nM,199.99999999999997,220925_ark_384_sTUFPlibrary,384PP_AQ_BP2,B3,220817_assembly_sTUFPlibrary,384_PCR_plate Framestar - 4titude,E2
pCM305,P_T7(BBF10K_003378)_15nM,199.99999999999997,220925_ark_384_sTUFPlibrary,384PP_AQ_BP2,A1,220817_assembly_sTUFPlibrary,384_PCR_plate Framestar - 4titude,F2
pCM305,RBS_BT1_BCD2(BBF10K_003384)_15nM,199.99999999999997,220925_ark_384_sTUFPlibrary,384PP_AQ_BP2,C1,220817_assembly_sTUFPlibrary,384_PCR_plate Framestar - 4titude,F2
pCM305,Ntag1_R5(BBF10K_003399)_15nM-Ntag2_TEVcut(BBF10K_003418)_15nM,199.99999999999997,220925_ark_384_sTUFPlibrary,384PP_AQ_BP2,C3,220817_assembly_sTUFPlibrary,384_PCR_plate Framestar - 4titude,F2
pCM305,CDS_SapI(BBF10K_003295)_15nM,199.99999999999997,220925_ark_384_sTUFPlibrary,384PP_AQ_BP2,F2,220817_assembly_sTUFPlibrary,384_PCR_plate Framestar - 4titude,F2
pCM305,T_TZ(BBF10K_003477)_15nM,199.99999999999997,220925_ark_384_sTUFPlibrary,384PP_AQ_BP2,H2,220817_assembly_sTUFPlibrary,384_PCR_plate Framestar - 4titude,F2
pCM305,DV_pTi_5nM,199.99999999999997,220925_ark_384_sTUFPlibrary,384PP_AQ_BP2,B3,220817_assembly_sTUFPlibrary,384_PCR_plate Framestar - 4titude,F2
pCM306,P_T7(BBF10K_003378)_15nM,199.99999999999997,220925_ark_384_sTUFPlibrary,384PP_AQ_BP2,A1,220817_assembly_sTUFPlibrary,384_PCR_plate Framestar - 4titude,G2
pCM306,RBS_BT1_BCD2(BBF10K_003384)_15nM,199.99999999999997,220925_ark_384_sTUFPlibrary,384PP_AQ_BP2,C1,220817_assembly_sTUFPlibrary,384_PCR_plate Framestar - 4titude,G2
pCM306,Ntag1_R5(BBF10K_003399)_15nM-Ntag2_TEVcut(BBF10K_003418)_15nM,199.99999999999997,220925_ark_384_sTUFPlibrary,384PP_AQ_BP2,C3,220817_assembly_sTUFPlibrary,384_PCR_plate Framestar - 4titude,G2
pCM306,CDS_XbaI(BBF10K_003298)_15nM,199.99999999999997,220925_ark_384_sTUFPlibrary,384PP_AQ_BP2,G2,220817_assembly_sTUFPlibrary,384_PCR_plate Framestar - 4titude,G2
pCM306,T_TZ(BBF10K_003477)_15nM,199.99999999999997,220925_ark_384_sTUFPlibrary,384PP_AQ_BP2,H2,220817_assembly_sTUFPlibrary,384_PCR_plate Framestar - 4titude,G2
pCM306,DV_pTi_5nM,199.99999999999997,220925_ark_384_sTUFPlibrary,384PP_AQ_BP2,B3,220817_assembly_sTUFPlibrary,384_PCR_plate Framestar - 4titude,G2
pCM307,P_T7(BBF10K_003378)_15nM,199.99999999999997,220925_ark_384_sTUFPlibrary,384PP_AQ_BP2,A1,220817_assembly_sTUFPlibrary,384_PCR_plate Framestar - 4titude,H2
pCM307,RBS_BT1_BCD2(BBF10K_003384)_15nM,199.99999999999997,220925_ark_384_sTUFPlibrary,384PP_AQ_BP2,C1,220817_assembly_sTUFPlibrary,384_PCR_plate Framestar - 4titude,H2
pCM307,Ntag_His_TEVcut(BBF10K_003407_15nM,199.99999999999997,220925_ark_384_sTUFPlibrary,384PP_AQ_BP2,A2,220817_assembly_sTUFPlibrary,384_PCR_plate Framestar - 4titude,H2
pCM307,CDS_Eco31I(BBF10K_003292)_15nM,199.99999999999997,220925_ark_384_sTUFPlibrary,384PP_AQ_BP2,B2,220817_assembly_sTUFPlibrary,384_PCR_plate Framestar - 4titude,H2
pCM307,T_TZ(BBF10K_003477)_15nM,199.99999999999997,220925_ark_384_sTUFPlibrary,384PP_AQ_BP2,H2,220817_assembly_sTUFPlibrary,384_PCR_plate Framestar - 4titude,H2
pCM307,DV_pTi_5nM,199.99999999999997,220925_ark_384_sTUFPlibrary,384PP_AQ_BP2,B3,220817_assembly_sTUFPlibrary,384_PCR_plate Framestar - 4titude,H2
pCM308,P_T7(BBF10K_003378)_15nM,199.99999999999997,220925_ark_384_sTUFPlibrary,384PP_AQ_BP2,A1,220817_assembly_sTUFPlibrary,384_PCR_plate Framestar - 4titude,I2
pCM308,RBS_BT1_BCD2(BBF10K_003384)_15nM,199.99999999999997,220925_ark_384_sTUFPlibrary,384PP_AQ_BP2,C1,220817_assembly_sTUFPlibrary,384_PCR_plate Framestar - 4titude,I2
pCM308,Ntag_His_TEVcut(BBF10K_003407_15nM,199.99999999999997,220925_ark_384_sTUFPlibrary,384PP_AQ_BP2,A2,220817_assembly_sTUFPlibrary,384_PCR_plate Framestar - 4titude,I2
pCM308,CDS_EcoRI(BBF10K_003281)_15nM,199.99999999999997,220925_ark_384_sTUFPlibrary,384PP_AQ_BP2,C2,220817_assembly_sTUFPlibrary,384_PCR_plate Framestar - 4titude,I2
pCM308,T_TZ(BBF10K_003477)_15nM,199.99999999999997,220925_ark_384_sTUFPlibrary,384PP_AQ_BP2,H2,220817_assembly_sTUFPlibrary,384_PCR_plate Framestar - 4titude,I2
pCM308,DV_pTi_5nM,199.99999999999997,220925_ark_384_sTUFPlibrary,384PP_AQ_BP2,B3,220817_assembly_sTUFPlibrary,384_PCR_plate Framestar - 4titude,I2
pCM309,P_T7(BBF10K_003378)_15nM,199.99999999999997,220925_ark_384_sTUFPlibrary,384PP_AQ_BP2,A1,220817_assembly_sTUFPlibrary,384_PCR_plate Framestar - 4titude,J2
pCM309,RBS_BT1_BCD2(BBF10K_003384)_15nM,199.99999999999997,220925_ark_384_sTUFPlibrary,384PP_AQ_BP2,C1,220817_assembly_sTUFPlibrary,384_PCR_plate Framestar - 4titude,J2
pCM309,Ntag_His_TEVcut(BBF10K_003407_15nM,199.99999999999997,220925_ark_384_sTUFPlibrary,384PP_AQ_BP2,A2,220817_assembly_sTUFPlibrary,384_PCR_plate Framestar - 4titude,J2
pCM309,CDS_NotI(BBF10K_003300)_15nM,199.99999999999997,220925_ark_384_sTUFPlibrary,384PP_AQ_BP2,D2,220817_assembly_sTUFPlibrary,384_PCR_plate Framestar - 4titude,J2
pCM309,T_TZ(BBF10K_003477)_15nM,199.99999999999997,220925_ark_384_sTUFPlibrary,384PP_AQ_BP2,H2,220817_assembly_sTUFPlibrary,384_PCR_plate Framestar - 4titude,J2
pCM309,DV_pTi_5nM,199.99999999999997,220925_ark_384_sTUFPlibrary,384PP_AQ_BP2,B3,220817_assembly_sTUFPlibrary,384_PCR_plate Framestar - 4titude,J2
pCM310,P_T7(BBF10K_003378)_15nM,199.99999999999997,220925_ark_384_sTUFPlibrary,384PP_AQ_BP2,A1,220817_assembly_sTUFPlibrary,384_PCR_plate Framestar - 4titude,K2
pCM310,RBS_BT1_BCD2(BBF10K_003384)_15nM,199.99999999999997,220925_ark_384_sTUFPlibrary,384PP_AQ_BP2,C1,220817_assembly_sTUFPlibrary,384_PCR_plate Framestar - 4titude,K2
pCM310,Ntag_His_TEVcut(BBF10K_003407_15nM,199.99999999999997,220925_ark_384_sTUFPlibrary,384PP_AQ_BP2,A2,220817_assembly_sTUFPlibrary,384_PCR_plate Framestar - 4titude,K2
pCM310,CDS_PstI(BBF10K_003283)_15nM,199.99999999999997,220925_ark_384_sTUFPlibrary,384PP_AQ_BP2,E2,220817_assembly_sTUFPlibrary,384_PCR_plate Framestar - 4titude,K2
pCM310,T_TZ(BBF10K_003477)_15nM,199.99999999999997,220925_ark_384_sTUFPlibrary,384PP_AQ_BP2,H2,220817_assembly_sTUFPlibrary,384_PCR_plate Framestar - 4titude,K2
pCM310,DV_pTi_5nM,199.99999999999997,220925_ark_384_sTUFPlibrary,384PP_AQ_BP2,B3,220817_assembly_sTUFPlibrary,384_PCR_plate Framestar - 4titude,K2
pCM311,P_T7(BBF10K_003378)_15nM,199.99999999999997,220925_ark_384_sTUFPlibrary,384PP_AQ_BP2,A1,220817_assembly_sTUFPlibrary,384_PCR_plate Framestar - 4titude,L2
pCM311,RBS_BT1_BCD2(BBF10K_003384)_15nM,199.99999999999997,220925_ark_384_sTUFPlibrary,384PP_AQ_BP2,C1,220817_assembly_sTUFPlibrary,384_PCR_plate Framestar - 4titude,L2
pCM311,Ntag_His_TEVcut(BBF10K_003407_15nM,199.99999999999997,220925_ark_384_sTUFPlibrary,384PP_AQ_BP2,A2,220817_assembly_sTUFPlibrary,384_PCR_plate Framestar - 4titude,L2
pCM311,CDS_SapI(BBF10K_003295)_15nM,199.99999999999997,220925_ark_384_sTUFPlibrary,384PP_AQ_BP2,F2,220817_assembly_sTUFPlibrary,384_PCR_plate Framestar - 4titude,L2
pCM311,T_TZ(BBF10K_003477)_15nM,199.99999999999997,220925_ark_384_sTUFPlibrary,384PP_AQ_BP2,H2,220817_assembly_sTUFPlibrary,384_PCR_plate Framestar - 4titude,L2
pCM311,DV_pTi_5nM,199.99999999999997,220925_ark_384_sTUFPlibrary,384PP_AQ_BP2,B3,220817_assembly_sTUFPlibrary,384_PCR_plate Framestar - 4titude,L2
pCM312,P_T7(BBF10K_003378)_15nM,199.99999999999997,220925_ark_384_sTUFPlibrary,384PP_AQ_BP2,A1,220817_assembly_sTUFPlibrary,384_PCR_plate Framestar - 4titude,M2
pCM312,RBS_BT1_BCD2(BBF10K_003384)_15nM,199.99999999999997,220925_ark_384_sTUFPlibrary,384PP_AQ_BP2,C1,220817_assembly_sTUFPlibrary,384_PCR_plate Framestar - 4titude,M2
pCM312,Ntag_His_TEVcut(BBF10K_003407_15nM,199.99999999999997,220925_ark_384_sTUFPlibrary,384PP_AQ_BP2,A2,220817_assembly_sTUFPlibrary,384_PCR_plate Framestar - 4titude,M2
pCM312,CDS_XbaI(BBF10K_003298)_15nM,199.99999999999997,220925_ark_384_sTUFPlibrary,384PP_AQ_BP2,G2,220817_assembly_sTUFPlibrary,384_PCR_plate Framestar - 4titude,M2
pCM312,T_TZ(BBF10K_003477)_15nM,199.99999999999997,220925_ark_384_sTUFPlibrary,384PP_AQ_BP2,H2,220817_assembly_sTUFPlibrary,384_PCR_plate Framestar - 4titude,M2
pCM312,DV_pTi_5nM,199.99999999999997,220925_ark_384_sTUFPlibrary,384PP_AQ_BP2,B3,220817_assembly_sTUFPlibrary,384_PCR_plate Framestar - 4titude,M2
pCM313,P_T7(BBF10K_003378)_15nM,199.99999999999997,220925_ark_384_sTUFPlibrary,384PP_AQ_BP2,A1,220817_assembly_sTUFPlibrary,384_PCR_plate Framestar - 4titude,N2
pCM313,RBS_BT1_BCD2_DsbA(BBF10K_003391)_15nM,199.99999999999997,220925_ark_384_sTUFPlibrary,384PP_AQ_BP2,D1,220817_assembly_sTUFPlibrary,384_PCR_plate Framestar - 4titude,N2
pCM313,Ntag1_R5(BBF10K_003399)_15nM-Ntag2_TEVcut(BBF10K_003418)_15nM,199.99999999999997,220925_ark_384_sTUFPlibrary,384PP_AQ_BP2,C3,220817_assembly_sTUFPlibrary,384_PCR_plate Framestar - 4titude,N2
pCM313,CDS_Eco31I(BBF10K_003292)_15nM,199.99999999999997,220925_ark_384_sTUFPlibrary,384PP_AQ_BP2,B2,220817_assembly_sTUFPlibrary,384_PCR_plate Framestar - 4titude,N2
pCM313,T_TZ(BBF10K_003477)_15nM,199.99999999999997,220925_ark_384_sTUFPlibrary,384PP_AQ_BP2,H2,220817_assembly_sTUFPlibrary,384_PCR_plate Framestar - 4titude,N2
pCM313,DV_pTi_5nM,199.99999999999997,220925_ark_384_sTUFPlibrary,384PP_AQ_BP2,B3,220817_assembly_sTUFPlibrary,384_PCR_plate Framestar - 4titude,N2
pCM314,P_T7(BBF10K_003378)_15nM,199.99999999999997,220925_ark_384_sTUFPlibrary,384PP_AQ_BP2,A1,220817_assembly_sTUFPlibrary,384_PCR_plate Framestar - 4titude,O2
pCM314,RBS_BT1_BCD2_DsbA(BBF10K_003391)_15nM,199.99999999999997,220925_ark_384_sTUFPlibrary,384PP_AQ_BP2,D1,220817_assembly_sTUFPlibrary,384_PCR_plate Framestar - 4titude,O2
pCM314,Ntag1_R5(BBF10K_003399)_15nM-Ntag2_TEVcut(BBF10K_003418)_15nM,199.99999999999997,220925_ark_384_sTUFPlibrary,384PP_AQ_BP2,C3,220817_assembly_sTUFPlibrary,384_PCR_plate Framestar - 4titude,O2
pCM314,CDS_EcoRI(BBF10K_003281)_15nM,199.99999999999997,220925_ark_384_sTUFPlibrary,384PP_AQ_BP2,C2,220817_assembly_sTUFPlibrary,384_PCR_plate Framestar - 4titude,O2
pCM314,T_TZ(BBF10K_003477)_15nM,199.99999999999997,220925_ark_384_sTUFPlibrary,384PP_AQ_BP2,H2,220817_assembly_sTUFPlibrary,384_PCR_plate Framestar - 4titude,O2
pCM314,DV_pTi_5nM,199.99999999999997,220925_ark_384_sTUFPlibrary,384PP_AQ_BP2,B3,220817_assembly_sTUFPlibrary,384_PCR_plate Framestar - 4titude,O2
pCM315,P_T7(BBF10K_003378)_15nM,199.99999999999997,220925_ark_384_sTUFPlibrary,384PP_AQ_BP2,A1,220817_assembly_sTUFPlibrary,384_PCR_plate Framestar - 4titude,B3
pCM315,RBS_BT1_BCD2_DsbA(BBF10K_003391)_15nM,199.99999999999997,220925_ark_384_sTUFPlibrary,384PP_AQ_BP2,D1,220817_assembly_sTUFPlibrary,384_PCR_plate Framestar - 4titude,B3
pCM315,Ntag1_R5(BBF10K_003399)_15nM-Ntag2_TEVcut(BBF10K_003418)_15nM,199.99999999999997,220925_ark_384_sTUFPlibrary,384PP_AQ_BP2,C3,220817_assembly_sTUFPlibrary,384_PCR_plate Framestar - 4titude,B3
pCM315,CDS_NotI(BBF10K_003300)_15nM,199.99999999999997,220925_ark_384_sTUFPlibrary,384PP_AQ_BP2,D2,220817_assembly_sTUFPlibrary,384_PCR_plate Framestar - 4titude,B3
pCM315,T_TZ(BBF10K_003477)_15nM,199.99999999999997,220925_ark_384_sTUFPlibrary,384PP_AQ_BP2,H2,220817_assembly_sTUFPlibrary,384_PCR_plate Framestar - 4titude,B3
pCM315,DV_pTi_5nM,199.99999999999997,220925_ark_384_sTUFPlibrary,384PP_AQ_BP2,B3,220817_assembly_sTUFPlibrary,384_PCR_plate Framestar - 4titude,B3
pCM316,P_T7(BBF10K_003378)_15nM,199.99999999999997,220925_ark_384_sTUFPlibrary,384PP_AQ_BP2,A1,220817_assembly_sTUFPlibrary,384_PCR_plate Framestar - 4titude,C3
pCM316,RBS_BT1_BCD2_DsbA(BBF10K_003391)_15nM,199.99999999999997,220925_ark_384_sTUFPlibrary,384PP_AQ_BP2,D1,220817_assembly_sTUFPlibrary,384_PCR_plate Framestar - 4titude,C3
pCM316,Ntag1_R5(BBF10K_003399)_15nM-Ntag2_TEVcut(BBF10K_003418)_15nM,199.99999999999997,220925_ark_384_sTUFPlibrary,384PP_AQ_BP2,C3,220817_assembly_sTUFPlibrary,384_PCR_plate Framestar - 4titude,C3
pCM316,CDS_PstI(BBF10K_003283)_15nM,199.99999999999997,220925_ark_384_sTUFPlibrary,384PP_AQ_BP2,E2,220817_assembly_sTUFPlibrary,384_PCR_plate Framestar - 4titude,C3
pCM316,T_TZ(BBF10K_003477)_15nM,199.99999999999997,220925_ark_384_sTUFPlibrary,384PP_AQ_BP2,H2,220817_assembly_sTUFPlibrary,384_PCR_plate Framestar - 4titude,C3
pCM316,DV_pTi_5nM,199.99999999999997,220925_ark_384_sTUFPlibrary,384PP_AQ_BP2,B3,220817_assembly_sTUFPlibrary,384_PCR_plate Framestar - 4titude,C3
pCM317,P_T7(BBF10K_003378)_15nM,199.99999999999997,220925_ark_384_sTUFPlibrary,384PP_AQ_BP2,A1,220817_assembly_sTUFPlibrary,384_PCR_plate Framestar - 4titude,D3
pCM317,RBS_BT1_BCD2_DsbA(BBF10K_003391)_15nM,199.99999999999997,220925_ark_384_sTUFPlibrary,384PP_AQ_BP2,D1,220817_assembly_sTUFPlibrary,384_PCR_plate Framestar - 4titude,D3
pCM317,Ntag1_R5(BBF10K_003399)_15nM-Ntag2_TEVcut(BBF10K_003418)_15nM,199.99999999999997,220925_ark_384_sTUFPlibrary,384PP_AQ_BP2,C3,220817_assembly_sTUFPlibrary,384_PCR_plate Framestar - 4titude,D3
pCM317,CDS_SapI(BBF10K_003295)_15nM,199.99999999999997,220925_ark_384_sTUFPlibrary,384PP_AQ_BP2,F2,220817_assembly_sTUFPlibrary,384_PCR_plate Framestar - 4titude,D3
pCM317,T_TZ(BBF10K_003477)_15nM,199.99999999999997,220925_ark_384_sTUFPlibrary,384PP_AQ_BP2,H2,220817_assembly_sTUFPlibrary,384_PCR_plate Framestar - 4titude,D3
pCM317,DV_pTi_5nM,199.99999999999997,220925_ark_384_sTUFPlibrary,384PP_AQ_BP2,B3,220817_assembly_sTUFPlibrary,384_PCR_plate Framestar - 4titude,D3
pCM318,P_T7(BBF10K_003378)_15nM,199.99999999999997,220925_ark_384_sTUFPlibrary,384PP_AQ_BP2,A1,220817_assembly_sTUFPlibrary,384_PCR_plate Framestar - 4titude,E3
pCM318,RBS_BT1_BCD2_DsbA(BBF10K_003391)_15nM,199.99999999999997,220925_ark_384_sTUFPlibrary,384PP_AQ_BP2,D1,220817_assembly_sTUFPlibrary,384_PCR_plate Framestar - 4titude,E3
pCM318,Ntag1_R5(BBF10K_003399)_15nM-Ntag2_TEVcut(BBF10K_003418)_15nM,199.99999999999997,220925_ark_384_sTUFPlibrary,384PP_AQ_BP2,C3,220817_assembly_sTUFPlibrary,384_PCR_plate Framestar - 4titude,E3
pCM318,CDS_XbaI(BBF10K_003298)_15nM,199.99999999999997,220925_ark_384_sTUFPlibrary,384PP_AQ_BP2,G2,220817_assembly_sTUFPlibrary,384_PCR_plate Framestar - 4titude,E3
pCM318,T_TZ(BBF10K_003477)_15nM,199.99999999999997,220925_ark_384_sTUFPlibrary,384PP_AQ_BP2,H2,220817_assembly_sTUFPlibrary,384_PCR_plate Framestar - 4titude,E3
pCM318,DV_pTi_5nM,199.99999999999997,220925_ark_384_sTUFPlibrary,384PP_AQ_BP2,B3,220817_assembly_sTUFPlibrary,384_PCR_plate Framestar - 4titude,E3
pCM319,P_T7(BBF10K_003378)_15nM,199.99999999999997,220925_ark_384_sTUFPlibrary,384PP_AQ_BP2,A1,220817_assembly_sTUFPlibrary,384_PCR_plate Framestar - 4titude,F3
pCM319,RBS_BT1_BCD2_DsbA(BBF10K_003391)_15nM,199.99999999999997,220925_ark_384_sTUFPlibrary,384PP_AQ_BP2,D1,220817_assembly_sTUFPlibrary,384_PCR_plate Framestar - 4titude,F3
pCM319,Ntag_His_TEVcut(BBF10K_003407_15nM,199.99999999999997,220925_ark_384_sTUFPlibrary,384PP_AQ_BP2,A2,220817_assembly_sTUFPlibrary,384_PCR_plate Framestar - 4titude,F3
pCM319,CDS_Eco31I(BBF10K_003292)_15nM,199.99999999999997,220925_ark_384_sTUFPlibrary,384PP_AQ_BP2,B2,220817_assembly_sTUFPlibrary,384_PCR_plate Framestar - 4titude,F3
pCM319,T_TZ(BBF10K_003477)_15nM,199.99999999999997,220925_ark_384_sTUFPlibrary,384PP_AQ_BP2,H2,220817_assembly_sTUFPlibrary,384_PCR_plate Framestar - 4titude,F3
pCM319,DV_pTi_5nM,199.99999999999997,220925_ark_384_sTUFPlibrary,384PP_AQ_BP2,B3,220817_assembly_sTUFPlibrary,384_PCR_plate Framestar - 4titude,F3
pCM320,P_T7(BBF10K_003378)_15nM,199.99999999999997,220925_ark_384_sTUFPlibrary,384PP_AQ_BP2,A1,220817_assembly_sTUFPlibrary,384_PCR_plate Framestar - 4titude,G3
pCM320,RBS_BT1_BCD2_DsbA(BBF10K_003391)_15nM,199.99999999999997,220925_ark_384_sTUFPlibrary,384PP_AQ_BP2,D1,220817_assembly_sTUFPlibrary,384_PCR_plate Framestar - 4titude,G3
pCM320,Ntag_His_TEVcut(BBF10K_003407_15nM,199.99999999999997,220925_ark_384_sTUFPlibrary,384PP_AQ_BP2,A2,220817_assembly_sTUFPlibrary,384_PCR_plate Framestar - 4titude,G3
pCM320,CDS_EcoRI(BBF10K_003281)_15nM,199.99999999999997,220925_ark_384_sTUFPlibrary,384PP_AQ_BP2,C2,220817_assembly_sTUFPlibrary,384_PCR_plate Framestar - 4titude,G3
pCM320,T_TZ(BBF10K_003477)_15nM,199.99999999999997,220925_ark_384_sTUFPlibrary,384PP_AQ_BP2,H2,220817_assembly_sTUFPlibrary,384_PCR_plate Framestar - 4titude,G3
pCM320,DV_pTi_5nM,199.99999999999997,220925_ark_384_sTUFPlibrary,384PP_AQ_BP2,B3,220817_assembly_sTUFPlibrary,384_PCR_plate Framestar - 4titude,G3
pCM321,P_T7(BBF10K_003378)_15nM,199.99999999999997,220925_ark_384_sTUFPlibrary,384PP_AQ_BP2,A1,220817_assembly_sTUFPlibrary,384_PCR_plate Framestar - 4titude,H3
pCM321,RBS_BT1_BCD2_DsbA(BBF10K_003391)_15nM,199.99999999999997,220925_ark_384_sTUFPlibrary,384PP_AQ_BP2,D1,220817_assembly_sTUFPlibrary,384_PCR_plate Framestar - 4titude,H3
pCM321,Ntag_His_TEVcut(BBF10K_003407_15nM,199.99999999999997,220925_ark_384_sTUFPlibrary,384PP_AQ_BP2,A2,220817_assembly_sTUFPlibrary,384_PCR_plate Framestar - 4titude,H3
pCM321,CDS_NotI(BBF10K_003300)_15nM,199.99999999999997,220925_ark_384_sTUFPlibrary,384PP_AQ_BP2,D2,220817_assembly_sTUFPlibrary,384_PCR_plate Framestar - 4titude,H3
pCM321,T_TZ(BBF10K_003477)_15nM,199.99999999999997,220925_ark_384_sTUFPlibrary,384PP_AQ_BP2,H2,220817_assembly_sTUFPlibrary,384_PCR_plate Framestar - 4titude,H3
pCM321,DV_pTi_5nM,199.99999999999997,220925_ark_384_sTUFPlibrary,384PP_AQ_BP2,B3,220817_assembly_sTUFPlibrary,384_PCR_plate Framestar - 4titude,H3
pCM322,P_T7(BBF10K_003378)_15nM,199.99999999999997,220925_ark_384_sTUFPlibrary,384PP_AQ_BP2,A1,220817_assembly_sTUFPlibrary,384_PCR_plate Framestar - 4titude,I3
pCM322,RBS_BT1_BCD2_DsbA(BBF10K_003391)_15nM,199.99999999999997,220925_ark_384_sTUFPlibrary,384PP_AQ_BP2,D1,220817_assembly_sTUFPlibrary,384_PCR_plate Framestar - 4titude,I3
pCM322,Ntag_His_TEVcut(BBF10K_003407_15nM,199.99999999999997,220925_ark_384_sTUFPlibrary,384PP_AQ_BP2,A2,220817_assembly_sTUFPlibrary,384_PCR_plate Framestar - 4titude,I3
pCM322,CDS_PstI(BBF10K_003283)_15nM,199.99999999999997,220925_ark_384_sTUFPlibrary,384PP_AQ_BP2,E2,220817_assembly_sTUFPlibrary,384_PCR_plate Framestar - 4titude,I3
pCM322,T_TZ(BBF10K_003477)_15nM,199.99999999999997,220925_ark_384_sTUFPlibrary,384PP_AQ_BP2,H2,220817_assembly_sTUFPlibrary,384_PCR_plate Framestar - 4titude,I3
pCM322,DV_pTi_5nM,199.99999999999997,220925_ark_384_sTUFPlibrary,384PP_AQ_BP2,B3,220817_assembly_sTUFPlibrary,384_PCR_plate Framestar - 4titude,I3
pCM323,P_T7(BBF10K_003378)_15nM,199.99999999999997,220925_ark_384_sTUFPlibrary,384PP_AQ_BP2,A1,220817_assembly_sTUFPlibrary,384_PCR_plate Framestar - 4titude,J3
pCM323,RBS_BT1_BCD2_DsbA(BBF10K_003391)_15nM,199.99999999999997,220925_ark_384_sTUFPlibrary,384PP_AQ_BP2,D1,220817_assembly_sTUFPlibrary,384_PCR_plate Framestar - 4titude,J3
pCM323,Ntag_His_TEVcut(BBF10K_003407_15nM,199.99999999999997,220925_ark_384_sTUFPlibrary,384PP_AQ_BP2,A2,220817_assembly_sTUFPlibrary,384_PCR_plate Framestar - 4titude,J3
pCM323,CDS_SapI(BBF10K_003295)_15nM,199.99999999999997,220925_ark_384_sTUFPlibrary,384PP_AQ_BP2,F2,220817_assembly_sTUFPlibrary,384_PCR_plate Framestar - 4titude,J3
pCM323,T_TZ(BBF10K_003477)_15nM,199.99999999999997,220925_ark_384_sTUFPlibrary,384PP_AQ_BP2,H2,220817_assembly_sTUFPlibrary,384_PCR_plate Framestar - 4titude,J3
pCM323,DV_pTi_5nM,199.99999999999997,220925_ark_384_sTUFPlibrary,384PP_AQ_BP2,B3,220817_assembly_sTUFPlibrary,384_PCR_plate Framestar - 4titude,J3
pCM324,P_T7(BBF10K_003378)_15nM,199.99999999999997,220925_ark_384_sTUFPlibrary,384PP_AQ_BP2,A1,220817_assembly_sTUFPlibrary,384_PCR_plate Framestar - 4titude,K3
pCM324,RBS_BT1_BCD2_DsbA(BBF10K_003391)_15nM,199.99999999999997,220925_ark_384_sTUFPlibrary,384PP_AQ_BP2,D1,220817_assembly_sTUFPlibrary,384_PCR_plate Framestar - 4titude,K3
pCM324,Ntag_His_TEVcut(BBF10K_003407_15nM,199.99999999999997,220925_ark_384_sTUFPlibrary,384PP_AQ_BP2,A2,220817_assembly_sTUFPlibrary,384_PCR_plate Framestar - 4titude,K3
pCM324,CDS_XbaI(BBF10K_003298)_15nM,199.99999999999997,220925_ark_384_sTUFPlibrary,384PP_AQ_BP2,G2,220817_assembly_sTUFPlibrary,384_PCR_plate Framestar - 4titude,K3
pCM324,T_TZ(BBF10K_003477)_15nM,199.99999999999997,220925_ark_384_sTUFPlibrary,384PP_AQ_BP2,H2,220817_assembly_sTUFPlibrary,384_PCR_plate Framestar - 4titude,K3
pCM324,DV_pTi_5nM,199.99999999999997,220925_ark_384_sTUFPlibrary,384PP_AQ_BP2,B3,220817_assembly_sTUFPlibrary,384_PCR_plate Framestar - 4titude,K3
pCM325,P_T7(BBF10K_003378)_15nM,199.99999999999997,220925_ark_384_sTUFPlibrary,384PP_AQ_BP2,A1,220817_assembly_sTUFPlibrary,384_PCR_plate Framestar - 4titude,L3
pCM325,RBS_BT1_BCD2_OmpT(BBF10K_003392)_15nM,199.99999999999997,220925_ark_384_sTUFPlibrary,384PP_AQ_BP2,E1,220817_assembly_sTUFPlibrary,384_PCR_plate Framestar - 4titude,L3
pCM325,Ntag1_R5(BBF10K_003399)_15nM-Ntag2_TEVcut(BBF10K_003418)_15nM,199.99999999999997,220925_ark_384_sTUFPlibrary,384PP_AQ_BP2,C3,220817_assembly_sTUFPlibrary,384_PCR_plate Framestar - 4titude,L3
pCM325,CDS_Eco31I(BBF10K_003292)_15nM,199.99999999999997,220925_ark_384_sTUFPlibrary,384PP_AQ_BP2,B2,220817_assembly_sTUFPlibrary,384_PCR_plate Framestar - 4titude,L3
pCM325,T_TZ(BBF10K_003477)_15nM,199.99999999999997,220925_ark_384_sTUFPlibrary,384PP_AQ_BP2,H2,220817_assembly_sTUFPlibrary,384_PCR_plate Framestar - 4titude,L3
pCM325,DV_pTi_5nM,199.99999999999997,220925_ark_384_sTUFPlibrary,384PP_AQ_BP2,B3,220817_assembly_sTUFPlibrary,384_PCR_plate Framestar - 4titude,L3
pCM326,P_T7(BBF10K_003378)_15nM,199.99999999999997,220925_ark_384_sTUFPlibrary,384PP_AQ_BP2,A1,220817_assembly_sTUFPlibrary,384_PCR_plate Framestar - 4titude,M3
pCM326,RBS_BT1_BCD2_OmpT(BBF10K_003392)_15nM,199.99999999999997,220925_ark_384_sTUFPlibrary,384PP_AQ_BP2,E1,220817_assembly_sTUFPlibrary,384_PCR_plate Framestar - 4titude,M3
pCM326,Ntag1_R5(BBF10K_003399)_15nM-Ntag2_TEVcut(BBF10K_003418)_15nM,199.99999999999997,220925_ark_384_sTUFPlibrary,384PP_AQ_BP2,C3,220817_assembly_sTUFPlibrary,384_PCR_plate Framestar - 4titude,M3
pCM326,CDS_EcoRI(BBF10K_003281)_15nM,199.99999999999997,220925_ark_384_sTUFPlibrary,384PP_AQ_BP2,C2,220817_assembly_sTUFPlibrary,384_PCR_plate Framestar - 4titude,M3
pCM326,T_TZ(BBF10K_003477)_15nM,199.99999999999997,220925_ark_384_sTUFPlibrary,384PP_AQ_BP2,H2,220817_assembly_sTUFPlibrary,384_PCR_plate Framestar - 4titude,M3
pCM326,DV_pTi_5nM,199.99999999999997,220925_ark_384_sTUFPlibrary,384PP_AQ_BP2,B3,220817_assembly_sTUFPlibrary,384_PCR_plate Framestar - 4titude,M3
pCM327,P_T7(BBF10K_003378)_15nM,199.99999999999997,220925_ark_384_sTUFPlibrary,384PP_AQ_BP2,A1,220817_assembly_sTUFPlibrary,384_PCR_plate Framestar - 4titude,N3
pCM327,RBS_BT1_BCD2_OmpT(BBF10K_003392)_15nM,199.99999999999997,220925_ark_384_sTUFPlibrary,384PP_AQ_BP2,E1,220817_assembly_sTUFPlibrary,384_PCR_plate Framestar - 4titude,N3
pCM327,Ntag1_R5(BBF10K_003399)_15nM-Ntag2_TEVcut(BBF10K_003418)_15nM,199.99999999999997,220925_ark_384_sTUFPlibrary,384PP_AQ_BP2,C3,220817_assembly_sTUFPlibrary,384_PCR_plate Framestar - 4titude,N3
pCM327,CDS_NotI(BBF10K_003300)_15nM,199.99999999999997,220925_ark_384_sTUFPlibrary,384PP_AQ_BP2,D2,220817_assembly_sTUFPlibrary,384_PCR_plate Framestar - 4titude,N3
pCM327,T_TZ(BBF10K_003477)_15nM,199.99999999999997,220925_ark_384_sTUFPlibrary,384PP_AQ_BP2,H2,220817_assembly_sTUFPlibrary,384_PCR_plate Framestar - 4titude,N3
pCM327,DV_pTi_5nM,199.99999999999997,220925_ark_384_sTUFPlibrary,384PP_AQ_BP2,B3,220817_assembly_sTUFPlibrary,384_PCR_plate Framestar - 4titude,N3
pCM328,P_T7(BBF10K_003378)_15nM,199.99999999999997,220925_ark_384_sTUFPlibrary,384PP_AQ_BP2,A1,220817_assembly_sTUFPlibrary,384_PCR_plate Framestar - 4titude,O3
pCM328,RBS_BT1_BCD2_OmpT(BBF10K_003392)_15nM,199.99999999999997,220925_ark_384_sTUFPlibrary,384PP_AQ_BP2,E1,220817_assembly_sTUFPlibrary,384_PCR_plate Framestar - 4titude,O3
pCM328,Ntag1_R5(BBF10K_003399)_15nM-Ntag2_TEVcut(BBF10K_003418)_15nM,199.99999999999997,220925_ark_384_sTUFPlibrary,384PP_AQ_BP2,C3,220817_assembly_sTUFPlibrary,384_PCR_plate Framestar - 4titude,O3
pCM328,CDS_PstI(BBF10K_003283)_15nM,199.99999999999997,220925_ark_384_sTUFPlibrary,384PP_AQ_BP2,E2,220817_assembly_sTUFPlibrary,384_PCR_plate Framestar - 4titude,O3
pCM328,T_TZ(BBF10K_003477)_15nM,199.99999999999997,220925_ark_384_sTUFPlibrary,384PP_AQ_BP2,H2,220817_assembly_sTUFPlibrary,384_PCR_plate Framestar - 4titude,O3
pCM328,DV_pTi_5nM,199.99999999999997,220925_ark_384_sTUFPlibrary,384PP_AQ_BP2,B3,220817_assembly_sTUFPlibrary,384_PCR_plate Framestar - 4titude,O3
pCM329,P_T7(BBF10K_003378)_15nM,199.99999999999997,220925_ark_384_sTUFPlibrary,384PP_AQ_BP2,A1,220817_assembly_sTUFPlibrary,384_PCR_plate Framestar - 4titude,B4
pCM329,RBS_BT1_BCD2_OmpT(BBF10K_003392)_15nM,199.99999999999997,220925_ark_384_sTUFPlibrary,384PP_AQ_BP2,E1,220817_assembly_sTUFPlibrary,384_PCR_plate Framestar - 4titude,B4
pCM329,Ntag1_R5(BBF10K_003399)_15nM-Ntag2_TEVcut(BBF10K_003418)_15nM,199.99999999999997,220925_ark_384_sTUFPlibrary,384PP_AQ_BP2,C3,220817_assembly_sTUFPlibrary,384_PCR_plate Framestar - 4titude,B4
pCM329,CDS_SapI(BBF10K_003295)_15nM,199.99999999999997,220925_ark_384_sTUFPlibrary,384PP_AQ_BP2,F2,220817_assembly_sTUFPlibrary,384_PCR_plate Framestar - 4titude,B4
pCM329,T_TZ(BBF10K_003477)_15nM,199.99999999999997,220925_ark_384_sTUFPlibrary,384PP_AQ_BP2,H2,220817_assembly_sTUFPlibrary,384_PCR_plate Framestar - 4titude,B4
pCM329,DV_pTi_5nM,199.99999999999997,220925_ark_384_sTUFPlibrary,384PP_AQ_BP2,B3,220817_assembly_sTUFPlibrary,384_PCR_plate Framestar - 4titude,B4
pCM330,P_T7(BBF10K_003378)_15nM,199.99999999999997,220925_ark_384_sTUFPlibrary,384PP_AQ_BP2,A1,220817_assembly_sTUFPlibrary,384_PCR_plate Framestar - 4titude,C4
pCM330,RBS_BT1_BCD2_OmpT(BBF10K_003392)_15nM,199.99999999999997,220925_ark_384_sTUFPlibrary,384PP_AQ_BP2,E1,220817_assembly_sTUFPlibrary,384_PCR_plate Framestar - 4titude,C4
pCM330,Ntag1_R5(BBF10K_003399)_15nM-Ntag2_TEVcut(BBF10K_003418)_15nM,199.99999999999997,220925_ark_384_sTUFPlibrary,384PP_AQ_BP2,C3,220817_assembly_sTUFPlibrary,384_PCR_plate Framestar - 4titude,C4
pCM330,CDS_XbaI(BBF10K_003298)_15nM,199.99999999999997,220925_ark_384_sTUFPlibrary,384PP_AQ_BP2,G2,220817_assembly_sTUFPlibrary,384_PCR_plate Framestar - 4titude,C4
pCM330,T_TZ(BBF10K_003477)_15nM,199.99999999999997,220925_ark_384_sTUFPlibrary,384PP_AQ_BP2,H2,220817_assembly_sTUFPlibrary,384_PCR_plate Framestar - 4titude,C4
pCM330,DV_pTi_5nM,199.99999999999997,220925_ark_384_sTUFPlibrary,384PP_AQ_BP2,B3,220817_assembly_sTUFPlibrary,384_PCR_plate Framestar - 4titude,C4
pCM331,P_T7(BBF10K_003378)_15nM,199.99999999999997,220925_ark_384_sTUFPlibrary,384PP_AQ_BP2,A1,220817_assembly_sTUFPlibrary,384_PCR_plate Framestar - 4titude,D4
pCM331,RBS_BT1_BCD2_OmpT(BBF10K_003392)_15nM,199.99999999999997,220925_ark_384_sTUFPlibrary,384PP_AQ_BP2,E1,220817_assembly_sTUFPlibrary,384_PCR_plate Framestar - 4titude,D4
pCM331,Ntag_His_TEVcut(BBF10K_003407_15nM,199.99999999999997,220925_ark_384_sTUFPlibrary,384PP_AQ_BP2,A2,220817_assembly_sTUFPlibrary,384_PCR_plate Framestar - 4titude,D4
pCM331,CDS_Eco31I(BBF10K_003292)_15nM,199.99999999999997,220925_ark_384_sTUFPlibrary,384PP_AQ_BP2,B2,220817_assembly_sTUFPlibrary,384_PCR_plate Framestar - 4titude,D4
pCM331,T_TZ(BBF10K_003477)_15nM,199.99999999999997,220925_ark_384_sTUFPlibrary,384PP_AQ_BP2,H2,220817_assembly_sTUFPlibrary,384_PCR_plate Framestar - 4titude,D4
pCM331,DV_pTi_5nM,199.99999999999997,220925_ark_384_sTUFPlibrary,384PP_AQ_BP2,B3,220817_assembly_sTUFPlibrary,384_PCR_plate Framestar - 4titude,D4
pCM332,P_T7(BBF10K_003378)_15nM,199.99999999999997,220925_ark_384_sTUFPlibrary,384PP_AQ_BP2,A1,220817_assembly_sTUFPlibrary,384_PCR_plate Framestar - 4titude,E4
pCM332,RBS_BT1_BCD2_OmpT(BBF10K_003392)_15nM,199.99999999999997,220925_ark_384_sTUFPlibrary,384PP_AQ_BP2,E1,220817_assembly_sTUFPlibrary,384_PCR_plate Framestar - 4titude,E4
pCM332,Ntag_His_TEVcut(BBF10K_003407_15nM,199.99999999999997,220925_ark_384_sTUFPlibrary,384PP_AQ_BP2,A2,220817_assembly_sTUFPlibrary,384_PCR_plate Framestar - 4titude,E4
pCM332,CDS_EcoRI(BBF10K_003281)_15nM,199.99999999999997,220925_ark_384_sTUFPlibrary,384PP_AQ_BP2,C2,220817_assembly_sTUFPlibrary,384_PCR_plate Framestar - 4titude,E4
pCM332,T_TZ(BBF10K_003477)_15nM,199.99999999999997,220925_ark_384_sTUFPlibrary,384PP_AQ_BP2,H2,220817_assembly_sTUFPlibrary,384_PCR_plate Framestar - 4titude,E4
pCM332,DV_pTi_5nM,199.99999999999997,220925_ark_384_sTUFPlibrary,384PP_AQ_BP2,B3,220817_assembly_sTUFPlibrary,384_PCR_plate Framestar - 4titude,E4
pCM333,P_T7(BBF10K_003378)_15nM,199.99999999999997,220925_ark_384_sTUFPlibrary,384PP_AQ_BP2,A1,220817_assembly_sTUFPlibrary,384_PCR_plate Framestar - 4titude,F4
pCM333,RBS_BT1_BCD2_OmpT(BBF10K_003392)_15nM,199.99999999999997,220925_ark_384_sTUFPlibrary,384PP_AQ_BP2,E1,220817_assembly_sTUFPlibrary,384_PCR_plate Framestar - 4titude,F4
pCM333,Ntag_His_TEVcut(BBF10K_003407_15nM,199.99999999999997,220925_ark_384_sTUFPlibrary,384PP_AQ_BP2,A2,220817_assembly_sTUFPlibrary,384_PCR_plate Framestar - 4titude,F4
pCM333,CDS_NotI(BBF10K_003300)_15nM,199.99999999999997,220925_ark_384_sTUFPlibrary,384PP_AQ_BP2,D2,220817_assembly_sTUFPlibrary,384_PCR_plate Framestar - 4titude,F4
pCM333,T_TZ(BBF10K_003477)_15nM,199.99999999999997,220925_ark_384_sTUFPlibrary,384PP_AQ_BP2,H2,220817_assembly_sTUFPlibrary,384_PCR_plate Framestar - 4titude,F4
pCM333,DV_pTi_5nM,199.99999999999997,220925_ark_384_sTUFPlibrary,384PP_AQ_BP2,B3,220817_assembly_sTUFPlibrary,384_PCR_plate Framestar - 4titude,F4
pCM334,P_T7(BBF10K_003378)_15nM,199.99999999999997,220925_ark_384_sTUFPlibrary,384PP_AQ_BP2,A1,220817_assembly_sTUFPlibrary,384_PCR_plate Framestar - 4titude,G4
pCM334,RBS_BT1_BCD2_OmpT(BBF10K_003392)_15nM,199.99999999999997,220925_ark_384_sTUFPlibrary,384PP_AQ_BP2,E1,220817_assembly_sTUFPlibrary,384_PCR_plate Framestar - 4titude,G4
pCM334,Ntag_His_TEVcut(BBF10K_003407_15nM,199.99999999999997,220925_ark_384_sTUFPlibrary,384PP_AQ_BP2,A2,220817_assembly_sTUFPlibrary,384_PCR_plate Framestar - 4titude,G4
pCM334,CDS_PstI(BBF10K_003283)_15nM,199.99999999999997,220925_ark_384_sTUFPlibrary,384PP_AQ_BP2,E2,220817_assembly_sTUFPlibrary,384_PCR_plate Framestar - 4titude,G4
pCM334,T_TZ(BBF10K_003477)_15nM,199.99999999999997,220925_ark_384_sTUFPlibrary,384PP_AQ_BP2,H2,220817_assembly_sTUFPlibrary,384_PCR_plate Framestar - 4titude,G4
pCM334,DV_pTi_5nM,199.99999999999997,220925_ark_384_sTUFPlibrary,384PP_AQ_BP2,B3,220817_assembly_sTUFPlibrary,384_PCR_plate Framestar - 4titude,G4
pCM335,P_T7(BBF10K_003378)_15nM,199.99999999999997,220925_ark_384_sTUFPlibrary,384PP_AQ_BP2,A1,220817_assembly_sTUFPlibrary,384_PCR_plate Framestar - 4titude,H4
pCM335,RBS_BT1_BCD2_OmpT(BBF10K_003392)_15nM,199.99999999999997,220925_ark_384_sTUFPlibrary,384PP_AQ_BP2,E1,220817_assembly_sTUFPlibrary,384_PCR_plate Framestar - 4titude,H4
pCM335,Ntag_His_TEVcut(BBF10K_003407_15nM,199.99999999999997,220925_ark_384_sTUFPlibrary,384PP_AQ_BP2,A2,220817_assembly_sTUFPlibrary,384_PCR_plate Framestar - 4titude,H4
pCM335,CDS_SapI(BBF10K_003295)_15nM,199.99999999999997,220925_ark_384_sTUFPlibrary,384PP_AQ_BP2,F2,220817_assembly_sTUFPlibrary,384_PCR_plate Framestar - 4titude,H4
pCM335,T_TZ(BBF10K_003477)_15nM,199.99999999999997,220925_ark_384_sTUFPlibrary,384PP_AQ_BP2,H2,220817_assembly_sTUFPlibrary,384_PCR_plate Framestar - 4titude,H4
pCM335,DV_pTi_5nM,199.99999999999997,220925_ark_384_sTUFPlibrary,384PP_AQ_BP2,B3,220817_assembly_sTUFPlibrary,384_PCR_plate Framestar - 4titude,H4
pCM336,P_T7(BBF10K_003378)_15nM,199.99999999999997,220925_ark_384_sTUFPlibrary,384PP_AQ_BP2,A1,220817_assembly_sTUFPlibrary,384_PCR_plate Framestar - 4titude,I4
pCM336,RBS_BT1_BCD2_OmpT(BBF10K_003392)_15nM,199.99999999999997,220925_ark_384_sTUFPlibrary,384PP_AQ_BP2,E1,220817_assembly_sTUFPlibrary,384_PCR_plate Framestar - 4titude,I4
pCM336,Ntag_His_TEVcut(BBF10K_003407_15nM,199.99999999999997,220925_ark_384_sTUFPlibrary,384PP_AQ_BP2,A2,220817_assembly_sTUFPlibrary,384_PCR_plate Framestar - 4titude,I4
pCM336,CDS_XbaI(BBF10K_003298)_15nM,199.99999999999997,220925_ark_384_sTUFPlibrary,384PP_AQ_BP2,G2,220817_assembly_sTUFPlibrary,384_PCR_plate Framestar - 4titude,I4
pCM336,T_TZ(BBF10K_003477)_15nM,199.99999999999997,220925_ark_384_sTUFPlibrary,384PP_AQ_BP2,H2,220817_assembly_sTUFPlibrary,384_PCR_plate Framestar - 4titude,I4
pCM336,DV_pTi_5nM,199.99999999999997,220925_ark_384_sTUFPlibrary,384PP_AQ_BP2,B3,220817_assembly_sTUFPlibrary,384_PCR_plate Framestar - 4titude,I4
pCM337,P_T7(BBF10K_003378)_15nM,199.99999999999997,220925_ark_384_sTUFPlibrary,384PP_AQ_BP2,A1,220817_assembly_sTUFPlibrary,384_PCR_plate Framestar - 4titude,J4
pCM337,RBS_BT1_BCD2_pelB(BBF10K_003393)_15nM,199.99999999999997,220925_ark_384_sTUFPlibrary,384PP_AQ_BP2,F1,220817_assembly_sTUFPlibrary,384_PCR_plate Framestar - 4titude,J4
pCM337,Ntag1_R5(BBF10K_003399)_15nM-Ntag2_TEVcut(BBF10K_003418)_15nM,199.99999999999997,220925_ark_384_sTUFPlibrary,384PP_AQ_BP2,C3,220817_assembly_sTUFPlibrary,384_PCR_plate Framestar - 4titude,J4
pCM337,CDS_Eco31I(BBF10K_003292)_15nM,199.99999999999997,220925_ark_384_sTUFPlibrary,384PP_AQ_BP2,B2,220817_assembly_sTUFPlibrary,384_PCR_plate Framestar - 4titude,J4
pCM337,T_TZ(BBF10K_003477)_15nM,199.99999999999997,220925_ark_384_sTUFPlibrary,384PP_AQ_BP2,H2,220817_assembly_sTUFPlibrary,384_PCR_plate Framestar - 4titude,J4
pCM337,DV_pTi_5nM,199.99999999999997,220925_ark_384_sTUFPlibrary,384PP_AQ_BP2,B3,220817_assembly_sTUFPlibrary,384_PCR_plate Framestar - 4titude,J4
pCM338,P_T7(BBF10K_003378)_15nM,199.99999999999997,220925_ark_384_sTUFPlibrary,384PP_AQ_BP2,A1,220817_assembly_sTUFPlibrary,384_PCR_plate Framestar - 4titude,K4
pCM338,RBS_BT1_BCD2_pelB(BBF10K_003393)_15nM,199.99999999999997,220925_ark_384_sTUFPlibrary,384PP_AQ_BP2,F1,220817_assembly_sTUFPlibrary,384_PCR_plate Framestar - 4titude,K4
pCM338,Ntag1_R5(BBF10K_003399)_15nM-Ntag2_TEVcut(BBF10K_003418)_15nM,199.99999999999997,220925_ark_384_sTUFPlibrary,384PP_AQ_BP2,C3,220817_assembly_sTUFPlibrary,384_PCR_plate Framestar - 4titude,K4
pCM338,CDS_EcoRI(BBF10K_003281)_15nM,199.99999999999997,220925_ark_384_sTUFPlibrary,384PP_AQ_BP2,C2,220817_assembly_sTUFPlibrary,384_PCR_plate Framestar - 4titude,K4
pCM338,T_TZ(BBF10K_003477)_15nM,199.99999999999997,220925_ark_384_sTUFPlibrary,384PP_AQ_BP2,H2,220817_assembly_sTUFPlibrary,384_PCR_plate Framestar - 4titude,K4
pCM338,DV_pTi_5nM,199.99999999999997,220925_ark_384_sTUFPlibrary,384PP_AQ_BP2,B3,220817_assembly_sTUFPlibrary,384_PCR_plate Framestar - 4titude,K4
pCM339,P_T7(BBF10K_003378)_15nM,199.99999999999997,220925_ark_384_sTUFPlibrary,384PP_AQ_BP2,A1,220817_assembly_sTUFPlibrary,384_PCR_plate Framestar - 4titude,L4
pCM339,RBS_BT1_BCD2_pelB(BBF10K_003393)_15nM,199.99999999999997,220925_ark_384_sTUFPlibrary,384PP_AQ_BP2,F1,220817_assembly_sTUFPlibrary,384_PCR_plate Framestar - 4titude,L4
pCM339,Ntag1_R5(BBF10K_003399)_15nM-Ntag2_TEVcut(BBF10K_003418)_15nM,199.99999999999997,220925_ark_384_sTUFPlibrary,384PP_AQ_BP2,C3,220817_assembly_sTUFPlibrary,384_PCR_plate Framestar - 4titude,L4
pCM339,CDS_NotI(BBF10K_003300)_15nM,199.99999999999997,220925_ark_384_sTUFPlibrary,384PP_AQ_BP2,D2,220817_assembly_sTUFPlibrary,384_PCR_plate Framestar - 4titude,L4
pCM339,T_TZ(BBF10K_003477)_15nM,199.99999999999997,220925_ark_384_sTUFPlibrary,384PP_AQ_BP2,H2,220817_assembly_sTUFPlibrary,384_PCR_plate Framestar - 4titude,L4
pCM339,DV_pTi_5nM,199.99999999999997,220925_ark_384_sTUFPlibrary,384PP_AQ_BP2,B3,220817_assembly_sTUFPlibrary,384_PCR_plate Framestar - 4titude,L4
pCM340,P_T7(BBF10K_003378)_15nM,199.99999999999997,220925_ark_384_sTUFPlibrary,384PP_AQ_BP2,A1,220817_assembly_sTUFPlibrary,384_PCR_plate Framestar - 4titude,M4
pCM340,RBS_BT1_BCD2_pelB(BBF10K_003393)_15nM,199.99999999999997,220925_ark_384_sTUFPlibrary,384PP_AQ_BP2,F1,220817_assembly_sTUFPlibrary,384_PCR_plate Framestar - 4titude,M4
pCM340,Ntag1_R5(BBF10K_003399)_15nM-Ntag2_TEVcut(BBF10K_003418)_15nM,199.99999999999997,220925_ark_384_sTUFPlibrary,384PP_AQ_BP2,C3,220817_assembly_sTUFPlibrary,384_PCR_plate Framestar - 4titude,M4
pCM340,CDS_PstI(BBF10K_003283)_15nM,199.99999999999997,220925_ark_384_sTUFPlibrary,384PP_AQ_BP2,E2,220817_assembly_sTUFPlibrary,384_PCR_plate Framestar - 4titude,M4
pCM340,T_TZ(BBF10K_003477)_15nM,199.99999999999997,220925_ark_384_sTUFPlibrary,384PP_AQ_BP2,H2,220817_assembly_sTUFPlibrary,384_PCR_plate Framestar - 4titude,M4
pCM340,DV_pTi_5nM,199.99999999999997,220925_ark_384_sTUFPlibrary,384PP_AQ_BP2,B3,220817_assembly_sTUFPlibrary,384_PCR_plate Framestar - 4titude,M4
pCM341,P_T7(BBF10K_003378)_15nM,199.99999999999997,220925_ark_384_sTUFPlibrary,384PP_AQ_BP2,A1,220817_assembly_sTUFPlibrary,384_PCR_plate Framestar - 4titude,N4
pCM341,RBS_BT1_BCD2_pelB(BBF10K_003393)_15nM,199.99999999999997,220925_ark_384_sTUFPlibrary,384PP_AQ_BP2,F1,220817_assembly_sTUFPlibrary,384_PCR_plate Framestar - 4titude,N4
pCM341,Ntag1_R5(BBF10K_003399)_15nM-Ntag2_TEVcut(BBF10K_003418)_15nM,199.99999999999997,220925_ark_384_sTUFPlibrary,384PP_AQ_BP2,C3,220817_assembly_sTUFPlibrary,384_PCR_plate Framestar - 4titude,N4
pCM341,CDS_SapI(BBF10K_003295)_15nM,199.99999999999997,220925_ark_384_sTUFPlibrary,384PP_AQ_BP2,F2,220817_assembly_sTUFPlibrary,384_PCR_plate Framestar - 4titude,N4
pCM341,T_TZ(BBF10K_003477)_15nM,199.99999999999997,220925_ark_384_sTUFPlibrary,384PP_AQ_BP2,H2,220817_assembly_sTUFPlibrary,384_PCR_plate Framestar - 4titude,N4
pCM341,DV_pTi_5nM,199.99999999999997,220925_ark_384_sTUFPlibrary,384PP_AQ_BP2,B3,220817_assembly_sTUFPlibrary,384_PCR_plate Framestar - 4titude,N4
pCM342,P_T7(BBF10K_003378)_15nM,199.99999999999997,220925_ark_384_sTUFPlibrary,384PP_AQ_BP2,A1,220817_assembly_sTUFPlibrary,384_PCR_plate Framestar - 4titude,O4
pCM342,RBS_BT1_BCD2_pelB(BBF10K_003393)_15nM,199.99999999999997,220925_ark_384_sTUFPlibrary,384PP_AQ_BP2,F1,220817_assembly_sTUFPlibrary,384_PCR_plate Framestar - 4titude,O4
pCM342,Ntag1_R5(BBF10K_003399)_15nM-Ntag2_TEVcut(BBF10K_003418)_15nM,199.99999999999997,220925_ark_384_sTUFPlibrary,384PP_AQ_BP2,C3,220817_assembly_sTUFPlibrary,384_PCR_plate Framestar - 4titude,O4
pCM342,CDS_XbaI(BBF10K_003298)_15nM,199.99999999999997,220925_ark_384_sTUFPlibrary,384PP_AQ_BP2,G2,220817_assembly_sTUFPlibrary,384_PCR_plate Framestar - 4titude,O4
pCM342,T_TZ(BBF10K_003477)_15nM,199.99999999999997,220925_ark_384_sTUFPlibrary,384PP_AQ_BP2,H2,220817_assembly_sTUFPlibrary,384_PCR_plate Framestar - 4titude,O4
pCM342,DV_pTi_5nM,199.99999999999997,220925_ark_384_sTUFPlibrary,384PP_AQ_BP2,B3,220817_assembly_sTUFPlibrary,384_PCR_plate Framestar - 4titude,O4
pCM343,P_T7(BBF10K_003378)_15nM,199.99999999999997,220925_ark_384_sTUFPlibrary,384PP_AQ_BP2,A1,220817_assembly_sTUFPlibrary,384_PCR_plate Framestar - 4titude,B5
pCM343,RBS_BT1_BCD2_pelB(BBF10K_003393)_15nM,199.99999999999997,220925_ark_384_sTUFPlibrary,384PP_AQ_BP2,F1,220817_assembly_sTUFPlibrary,384_PCR_plate Framestar - 4titude,B5
pCM343,Ntag_His_TEVcut(BBF10K_003407_15nM,199.99999999999997,220925_ark_384_sTUFPlibrary,384PP_AQ_BP2,A2,220817_assembly_sTUFPlibrary,384_PCR_plate Framestar - 4titude,B5
pCM343,CDS_Eco31I(BBF10K_003292)_15nM,199.99999999999997,220925_ark_384_sTUFPlibrary,384PP_AQ_BP2,B2,220817_assembly_sTUFPlibrary,384_PCR_plate Framestar - 4titude,B5
pCM343,T_TZ(BBF10K_003477)_15nM,199.99999999999997,220925_ark_384_sTUFPlibrary,384PP_AQ_BP2,H2,220817_assembly_sTUFPlibrary,384_PCR_plate Framestar - 4titude,B5
pCM343,DV_pTi_5nM,199.99999999999997,220925_ark_384_sTUFPlibrary,384PP_AQ_BP2,B3,220817_assembly_sTUFPlibrary,384_PCR_plate Framestar - 4titude,B5
pCM344,P_T7(BBF10K_003378)_15nM,199.99999999999997,220925_ark_384_sTUFPlibrary,384PP_AQ_BP2,A1,220817_assembly_sTUFPlibrary,384_PCR_plate Framestar - 4titude,C5
pCM344,RBS_BT1_BCD2_pelB(BBF10K_003393)_15nM,199.99999999999997,220925_ark_384_sTUFPlibrary,384PP_AQ_BP2,F1,220817_assembly_sTUFPlibrary,384_PCR_plate Framestar - 4titude,C5
pCM344,Ntag_His_TEVcut(BBF10K_003407_15nM,199.99999999999997,220925_ark_384_sTUFPlibrary,384PP_AQ_BP2,A2,220817_assembly_sTUFPlibrary,384_PCR_plate Framestar - 4titude,C5
pCM344,CDS_EcoRI(BBF10K_003281)_15nM,199.99999999999997,220925_ark_384_sTUFPlibrary,384PP_AQ_BP2,C2,220817_assembly_sTUFPlibrary,384_PCR_plate Framestar - 4titude,C5
pCM344,T_TZ(BBF10K_003477)_15nM,199.99999999999997,220925_ark_384_sTUFPlibrary,384PP_AQ_BP2,H2,220817_assembly_sTUFPlibrary,384_PCR_plate Framestar - 4titude,C5
pCM344,DV_pTi_5nM,199.99999999999997,220925_ark_384_sTUFPlibrary,384PP_AQ_BP2,B3,220817_assembly_sTUFPlibrary,384_PCR_plate Framestar - 4titude,C5
pCM345,P_T7(BBF10K_003378)_15nM,199.99999999999997,220925_ark_384_sTUFPlibrary,384PP_AQ_BP2,A1,220817_assembly_sTUFPlibrary,384_PCR_plate Framestar - 4titude,D5
pCM345,RBS_BT1_BCD2_pelB(BBF10K_003393)_15nM,199.99999999999997,220925_ark_384_sTUFPlibrary,384PP_AQ_BP2,F1,220817_assembly_sTUFPlibrary,384_PCR_plate Framestar - 4titude,D5
pCM345,Ntag_His_TEVcut(BBF10K_003407_15nM,199.99999999999997,220925_ark_384_sTUFPlibrary,384PP_AQ_BP2,A2,220817_assembly_sTUFPlibrary,384_PCR_plate Framestar - 4titude,D5
pCM345,CDS_NotI(BBF10K_003300)_15nM,199.99999999999997,220925_ark_384_sTUFPlibrary,384PP_AQ_BP2,D2,220817_assembly_sTUFPlibrary,384_PCR_plate Framestar - 4titude,D5
pCM345,T_TZ(BBF10K_003477)_15nM,199.99999999999997,220925_ark_384_sTUFPlibrary,384PP_AQ_BP2,H2,220817_assembly_sTUFPlibrary,384_PCR_plate Framestar - 4titude,D5
pCM345,DV_pTi_5nM,199.99999999999997,220925_ark_384_sTUFPlibrary,384PP_AQ_BP2,B3,220817_assembly_sTUFPlibrary,384_PCR_plate Framestar - 4titude,D5
pCM346,P_T7(BBF10K_003378)_15nM,199.99999999999997,220925_ark_384_sTUFPlibrary,384PP_AQ_BP2,A1,220817_assembly_sTUFPlibrary,384_PCR_plate Framestar - 4titude,E5
pCM346,RBS_BT1_BCD2_pelB(BBF10K_003393)_15nM,199.99999999999997,220925_ark_384_sTUFPlibrary,384PP_AQ_BP2,F1,220817_assembly_sTUFPlibrary,384_PCR_plate Framestar - 4titude,E5
pCM346,Ntag_His_TEVcut(BBF10K_003407_15nM,199.99999999999997,220925_ark_384_sTUFPlibrary,384PP_AQ_BP2,A2,220817_assembly_sTUFPlibrary,384_PCR_plate Framestar - 4titude,E5
pCM346,CDS_PstI(BBF10K_003283)_15nM,199.99999999999997,220925_ark_384_sTUFPlibrary,384PP_AQ_BP2,E2,220817_assembly_sTUFPlibrary,384_PCR_plate Framestar - 4titude,E5
pCM346,T_TZ(BBF10K_003477)_15nM,199.99999999999997,220925_ark_384_sTUFPlibrary,384PP_AQ_BP2,H2,220817_assembly_sTUFPlibrary,384_PCR_plate Framestar - 4titude,E5
pCM346,DV_pTi_5nM,199.99999999999997,220925_ark_384_sTUFPlibrary,384PP_AQ_BP2,B3,220817_assembly_sTUFPlibrary,384_PCR_plate Framestar - 4titude,E5
pCM347,P_T7(BBF10K_003378)_15nM,199.99999999999997,220925_ark_384_sTUFPlibrary,384PP_AQ_BP2,A1,220817_assembly_sTUFPlibrary,384_PCR_plate Framestar - 4titude,F5
pCM347,RBS_BT1_BCD2_pelB(BBF10K_003393)_15nM,199.99999999999997,220925_ark_384_sTUFPlibrary,384PP_AQ_BP2,F1,220817_assembly_sTUFPlibrary,384_PCR_plate Framestar - 4titude,F5
pCM347,Ntag_His_TEVcut(BBF10K_003407_15nM,199.99999999999997,220925_ark_384_sTUFPlibrary,384PP_AQ_BP2,A2,220817_assembly_sTUFPlibrary,384_PCR_plate Framestar - 4titude,F5
pCM347,CDS_SapI(BBF10K_003295)_15nM,199.99999999999997,220925_ark_384_sTUFPlibrary,384PP_AQ_BP2,F2,220817_assembly_sTUFPlibrary,384_PCR_plate Framestar - 4titude,F5
pCM347,T_TZ(BBF10K_003477)_15nM,199.99999999999997,220925_ark_384_sTUFPlibrary,384PP_AQ_BP2,H2,220817_assembly_sTUFPlibrary,384_PCR_plate Framestar - 4titude,F5
pCM347,DV_pTi_5nM,199.99999999999997,220925_ark_384_sTUFPlibrary,384PP_AQ_BP2,B3,220817_assembly_sTUFPlibrary,384_PCR_plate Framestar - 4titude,F5
pCM348,P_T7(BBF10K_003378)_15nM,199.99999999999997,220925_ark_384_sTUFPlibrary,384PP_AQ_BP2,A1,220817_assembly_sTUFPlibrary,384_PCR_plate Framestar - 4titude,G5
pCM348,RBS_BT1_BCD2_pelB(BBF10K_003393)_15nM,199.99999999999997,220925_ark_384_sTUFPlibrary,384PP_AQ_BP2,F1,220817_assembly_sTUFPlibrary,384_PCR_plate Framestar - 4titude,G5
pCM348,Ntag_His_TEVcut(BBF10K_003407_15nM,199.99999999999997,220925_ark_384_sTUFPlibrary,384PP_AQ_BP2,A2,220817_assembly_sTUFPlibrary,384_PCR_plate Framestar - 4titude,G5
pCM348,CDS_XbaI(BBF10K_003298)_15nM,199.99999999999997,220925_ark_384_sTUFPlibrary,384PP_AQ_BP2,G2,220817_assembly_sTUFPlibrary,384_PCR_plate Framestar - 4titude,G5
pCM348,T_TZ(BBF10K_003477)_15nM,199.99999999999997,220925_ark_384_sTUFPlibrary,384PP_AQ_BP2,H2,220817_assembly_sTUFPlibrary,384_PCR_plate Framestar - 4titude,G5
pCM348,DV_pTi_5nM,199.99999999999997,220925_ark_384_sTUFPlibrary,384PP_AQ_BP2,B3,220817_assembly_sTUFPlibrary,384_PCR_plate Framestar - 4titude,G5
pCM349,P_T7_lacO(BBF10K_003379)_15nM,199.99999999999997,220925_ark_384_sTUFPlibrary,384PP_AQ_BP2,B1,220817_assembly_sTUFPlibrary,384_PCR_plate Framestar - 4titude,H5
pCM349,RBS_BT1_BCD2(BBF10K_003384)_15nM,199.99999999999997,220925_ark_384_sTUFPlibrary,384PP_AQ_BP2,C1,220817_assembly_sTUFPlibrary,384_PCR_plate Framestar - 4titude,H5
pCM349,Ntag1_R5(BBF10K_003399)_15nM-Ntag2_TEVcut(BBF10K_003418)_15nM,199.99999999999997,220925_ark_384_sTUFPlibrary,384PP_AQ_BP2,C3,220817_assembly_sTUFPlibrary,384_PCR_plate Framestar - 4titude,H5
pCM349,CDS_Eco31I(BBF10K_003292)_15nM,199.99999999999997,220925_ark_384_sTUFPlibrary,384PP_AQ_BP2,B2,220817_assembly_sTUFPlibrary,384_PCR_plate Framestar - 4titude,H5
pCM349,T_TZ(BBF10K_003477)_15nM,199.99999999999997,220925_ark_384_sTUFPlibrary,384PP_AQ_BP2,H2,220817_assembly_sTUFPlibrary,384_PCR_plate Framestar - 4titude,H5
pCM349,DV_pTi_5nM,199.99999999999997,220925_ark_384_sTUFPlibrary,384PP_AQ_BP2,B3,220817_assembly_sTUFPlibrary,384_PCR_plate Framestar - 4titude,H5
pCM350,P_T7_lacO(BBF10K_003379)_15nM,199.99999999999997,220925_ark_384_sTUFPlibrary,384PP_AQ_BP2,B1,220817_assembly_sTUFPlibrary,384_PCR_plate Framestar - 4titude,I5
pCM350,RBS_BT1_BCD2(BBF10K_003384)_15nM,199.99999999999997,220925_ark_384_sTUFPlibrary,384PP_AQ_BP2,C1,220817_assembly_sTUFPlibrary,384_PCR_plate Framestar - 4titude,I5
pCM350,Ntag1_R5(BBF10K_003399)_15nM-Ntag2_TEVcut(BBF10K_003418)_15nM,199.99999999999997,220925_ark_384_sTUFPlibrary,384PP_AQ_BP2,C3,220817_assembly_sTUFPlibrary,384_PCR_plate Framestar - 4titude,I5
pCM350,CDS_EcoRI(BBF10K_003281)_15nM,199.99999999999997,220925_ark_384_sTUFPlibrary,384PP_AQ_BP2,C2,220817_assembly_sTUFPlibrary,384_PCR_plate Framestar - 4titude,I5
pCM350,T_TZ(BBF10K_003477)_15nM,199.99999999999997,220925_ark_384_sTUFPlibrary,384PP_AQ_BP2,H2,220817_assembly_sTUFPlibrary,384_PCR_plate Framestar - 4titude,I5
pCM350,DV_pTi_5nM,199.99999999999997,220925_ark_384_sTUFPlibrary,384PP_AQ_BP2,B3,220817_assembly_sTUFPlibrary,384_PCR_plate Framestar - 4titude,I5
pCM351,P_T7_lacO(BBF10K_003379)_15nM,199.99999999999997,220925_ark_384_sTUFPlibrary,384PP_AQ_BP2,B1,220817_assembly_sTUFPlibrary,384_PCR_plate Framestar - 4titude,J5
pCM351,RBS_BT1_BCD2(BBF10K_003384)_15nM,199.99999999999997,220925_ark_384_sTUFPlibrary,384PP_AQ_BP2,C1,220817_assembly_sTUFPlibrary,384_PCR_plate Framestar - 4titude,J5
pCM351,Ntag1_R5(BBF10K_003399)_15nM-Ntag2_TEVcut(BBF10K_003418)_15nM,199.99999999999997,220925_ark_384_sTUFPlibrary,384PP_AQ_BP2,C3,220817_assembly_sTUFPlibrary,384_PCR_plate Framestar - 4titude,J5
pCM351,CDS_NotI(BBF10K_003300)_15nM,199.99999999999997,220925_ark_384_sTUFPlibrary,384PP_AQ_BP2,D2,220817_assembly_sTUFPlibrary,384_PCR_plate Framestar - 4titude,J5
pCM351,T_TZ(BBF10K_003477)_15nM,199.99999999999997,220925_ark_384_sTUFPlibrary,384PP_AQ_BP2,H2,220817_assembly_sTUFPlibrary,384_PCR_plate Framestar - 4titude,J5
pCM351,DV_pTi_5nM,199.99999999999997,220925_ark_384_sTUFPlibrary,384PP_AQ_BP2,B3,220817_assembly_sTUFPlibrary,384_PCR_plate Framestar - 4titude,J5
pCM352,P_T7_lacO(BBF10K_003379)_15nM,199.99999999999997,220925_ark_384_sTUFPlibrary,384PP_AQ_BP2,B1,220817_assembly_sTUFPlibrary,384_PCR_plate Framestar - 4titude,K5
pCM352,RBS_BT1_BCD2(BBF10K_003384)_15nM,199.99999999999997,220925_ark_384_sTUFPlibrary,384PP_AQ_BP2,C1,220817_assembly_sTUFPlibrary,384_PCR_plate Framestar - 4titude,K5
pCM352,Ntag1_R5(BBF10K_003399)_15nM-Ntag2_TEVcut(BBF10K_003418)_15nM,199.99999999999997,220925_ark_384_sTUFPlibrary,384PP_AQ_BP2,C3,220817_assembly_sTUFPlibrary,384_PCR_plate Framestar - 4titude,K5
pCM352,CDS_PstI(BBF10K_003283)_15nM,199.99999999999997,220925_ark_384_sTUFPlibrary,384PP_AQ_BP2,E2,220817_assembly_sTUFPlibrary,384_PCR_plate Framestar - 4titude,K5
pCM352,T_TZ(BBF10K_003477)_15nM,199.99999999999997,220925_ark_384_sTUFPlibrary,384PP_AQ_BP2,H2,220817_assembly_sTUFPlibrary,384_PCR_plate Framestar - 4titude,K5
pCM352,DV_pTi_5nM,199.99999999999997,220925_ark_384_sTUFPlibrary,384PP_AQ_BP2,B3,220817_assembly_sTUFPlibrary,384_PCR_plate Framestar - 4titude,K5
pCM353,P_T7_lacO(BBF10K_003379)_15nM,199.99999999999997,220925_ark_384_sTUFPlibrary,384PP_AQ_BP2,B1,220817_assembly_sTUFPlibrary,384_PCR_plate Framestar - 4titude,L5
pCM353,RBS_BT1_BCD2(BBF10K_003384)_15nM,199.99999999999997,220925_ark_384_sTUFPlibrary,384PP_AQ_BP2,C1,220817_assembly_sTUFPlibrary,384_PCR_plate Framestar - 4titude,L5
pCM353,Ntag1_R5(BBF10K_003399)_15nM-Ntag2_TEVcut(BBF10K_003418)_15nM,199.99999999999997,220925_ark_384_sTUFPlibrary,384PP_AQ_BP2,C3,220817_assembly_sTUFPlibrary,384_PCR_plate Framestar - 4titude,L5
pCM353,CDS_SapI(BBF10K_003295)_15nM,199.99999999999997,220925_ark_384_sTUFPlibrary,384PP_AQ_BP2,F2,220817_assembly_sTUFPlibrary,384_PCR_plate Framestar - 4titude,L5
pCM353,T_TZ(BBF10K_003477)_15nM,199.99999999999997,220925_ark_384_sTUFPlibrary,384PP_AQ_BP2,H2,220817_assembly_sTUFPlibrary,384_PCR_plate Framestar - 4titude,L5
pCM353,DV_pTi_5nM,199.99999999999997,220925_ark_384_sTUFPlibrary,384PP_AQ_BP2,B3,220817_assembly_sTUFPlibrary,384_PCR_plate Framestar - 4titude,L5
pCM354,P_T7_lacO(BBF10K_003379)_15nM,199.99999999999997,220925_ark_384_sTUFPlibrary,384PP_AQ_BP2,B1,220817_assembly_sTUFPlibrary,384_PCR_plate Framestar - 4titude,M5
pCM354,RBS_BT1_BCD2(BBF10K_003384)_15nM,199.99999999999997,220925_ark_384_sTUFPlibrary,384PP_AQ_BP2,C1,220817_assembly_sTUFPlibrary,384_PCR_plate Framestar - 4titude,M5
pCM354,Ntag1_R5(BBF10K_003399)_15nM-Ntag2_TEVcut(BBF10K_003418)_15nM,199.99999999999997,220925_ark_384_sTUFPlibrary,384PP_AQ_BP2,C3,220817_assembly_sTUFPlibrary,384_PCR_plate Framestar - 4titude,M5
pCM354,CDS_XbaI(BBF10K_003298)_15nM,199.99999999999997,220925_ark_384_sTUFPlibrary,384PP_AQ_BP2,G2,220817_assembly_sTUFPlibrary,384_PCR_plate Framestar - 4titude,M5
pCM354,T_TZ(BBF10K_003477)_15nM,199.99999999999997,220925_ark_384_sTUFPlibrary,384PP_AQ_BP2,H2,220817_assembly_sTUFPlibrary,384_PCR_plate Framestar - 4titude,M5
pCM354,DV_pTi_5nM,199.99999999999997,220925_ark_384_sTUFPlibrary,384PP_AQ_BP2,B3,220817_assembly_sTUFPlibrary,384_PCR_plate Framestar - 4titude,M5
pCM355,P_T7_lacO(BBF10K_003379)_15nM,199.99999999999997,220925_ark_384_sTUFPlibrary,384PP_AQ_BP2,B1,220817_assembly_sTUFPlibrary,384_PCR_plate Framestar - 4titude,N5
pCM355,RBS_BT1_BCD2(BBF10K_003384)_15nM,199.99999999999997,220925_ark_384_sTUFPlibrary,384PP_AQ_BP2,C1,220817_assembly_sTUFPlibrary,384_PCR_plate Framestar - 4titude,N5
pCM355,Ntag_His_TEVcut(BBF10K_003407_15nM,199.99999999999997,220925_ark_384_sTUFPlibrary,384PP_AQ_BP2,A2,220817_assembly_sTUFPlibrary,384_PCR_plate Framestar - 4titude,N5
pCM355,CDS_Eco31I(BBF10K_003292)_15nM,199.99999999999997,220925_ark_384_sTUFPlibrary,384PP_AQ_BP2,B2,220817_assembly_sTUFPlibrary,384_PCR_plate Framestar - 4titude,N5
pCM355,T_TZ(BBF10K_003477)_15nM,199.99999999999997,220925_ark_384_sTUFPlibrary,384PP_AQ_BP2,H2,220817_assembly_sTUFPlibrary,384_PCR_plate Framestar - 4titude,N5
pCM355,DV_pTi_5nM,199.99999999999997,220925_ark_384_sTUFPlibrary,384PP_AQ_BP2,B3,220817_assembly_sTUFPlibrary,384_PCR_plate Framestar - 4titude,N5
pCM356,P_T7_lacO(BBF10K_003379)_15nM,199.99999999999997,220925_ark_384_sTUFPlibrary,384PP_AQ_BP2,B1,220817_assembly_sTUFPlibrary,384_PCR_plate Framestar - 4titude,O5
pCM356,RBS_BT1_BCD2(BBF10K_003384)_15nM,199.99999999999997,220925_ark_384_sTUFPlibrary,384PP_AQ_BP2,C1,220817_assembly_sTUFPlibrary,384_PCR_plate Framestar - 4titude,O5
pCM356,Ntag_His_TEVcut(BBF10K_003407_15nM,199.99999999999997,220925_ark_384_sTUFPlibrary,384PP_AQ_BP2,A2,220817_assembly_sTUFPlibrary,384_PCR_plate Framestar - 4titude,O5
pCM356,CDS_EcoRI(BBF10K_003281)_15nM,199.99999999999997,220925_ark_384_sTUFPlibrary,384PP_AQ_BP2,C2,220817_assembly_sTUFPlibrary,384_PCR_plate Framestar - 4titude,O5
pCM356,T_TZ(BBF10K_003477)_15nM,199.99999999999997,220925_ark_384_sTUFPlibrary,384PP_AQ_BP2,H2,220817_assembly_sTUFPlibrary,384_PCR_plate Framestar - 4titude,O5
pCM356,DV_pTi_5nM,199.99999999999997,220925_ark_384_sTUFPlibrary,384PP_AQ_BP2,B3,220817_assembly_sTUFPlibrary,384_PCR_plate Framestar - 4titude,O5
pCM357,P_T7_lacO(BBF10K_003379)_15nM,199.99999999999997,220925_ark_384_sTUFPlibrary,384PP_AQ_BP2,B1,220817_assembly_sTUFPlibrary,384_PCR_plate Framestar - 4titude,B6
pCM357,RBS_BT1_BCD2(BBF10K_003384)_15nM,199.99999999999997,220925_ark_384_sTUFPlibrary,384PP_AQ_BP2,C1,220817_assembly_sTUFPlibrary,384_PCR_plate Framestar - 4titude,B6
pCM357,Ntag_His_TEVcut(BBF10K_003407_15nM,199.99999999999997,220925_ark_384_sTUFPlibrary,384PP_AQ_BP2,A2,220817_assembly_sTUFPlibrary,384_PCR_plate Framestar - 4titude,B6
pCM357,CDS_NotI(BBF10K_003300)_15nM,199.99999999999997,220925_ark_384_sTUFPlibrary,384PP_AQ_BP2,D2,220817_assembly_sTUFPlibrary,384_PCR_plate Framestar - 4titude,B6
pCM357,T_TZ(BBF10K_003477)_15nM,199.99999999999997,220925_ark_384_sTUFPlibrary,384PP_AQ_BP2,H2,220817_assembly_sTUFPlibrary,384_PCR_plate Framestar - 4titude,B6
pCM357,DV_pTi_5nM,199.99999999999997,220925_ark_384_sTUFPlibrary,384PP_AQ_BP2,B3,220817_assembly_sTUFPlibrary,384_PCR_plate Framestar - 4titude,B6
pCM358,P_T7_lacO(BBF10K_003379)_15nM,199.99999999999997,220925_ark_384_sTUFPlibrary,384PP_AQ_BP2,B1,220817_assembly_sTUFPlibrary,384_PCR_plate Framestar - 4titude,C6
pCM358,RBS_BT1_BCD2(BBF10K_003384)_15nM,199.99999999999997,220925_ark_384_sTUFPlibrary,384PP_AQ_BP2,C1,220817_assembly_sTUFPlibrary,384_PCR_plate Framestar - 4titude,C6
pCM358,Ntag_His_TEVcut(BBF10K_003407_15nM,199.99999999999997,220925_ark_384_sTUFPlibrary,384PP_AQ_BP2,A2,220817_assembly_sTUFPlibrary,384_PCR_plate Framestar - 4titude,C6
pCM358,CDS_PstI(BBF10K_003283)_15nM,199.99999999999997,220925_ark_384_sTUFPlibrary,384PP_AQ_BP2,E2,220817_assembly_sTUFPlibrary,384_PCR_plate Framestar - 4titude,C6
pCM358,T_TZ(BBF10K_003477)_15nM,199.99999999999997,220925_ark_384_sTUFPlibrary,384PP_AQ_BP2,H2,220817_assembly_sTUFPlibrary,384_PCR_plate Framestar - 4titude,C6
pCM358,DV_pTi_5nM,199.99999999999997,220925_ark_384_sTUFPlibrary,384PP_AQ_BP2,B3,220817_assembly_sTUFPlibrary,384_PCR_plate Framestar - 4titude,C6
pCM359,P_T7_lacO(BBF10K_003379)_15nM,199.99999999999997,220925_ark_384_sTUFPlibrary,384PP_AQ_BP2,B1,220817_assembly_sTUFPlibrary,384_PCR_plate Framestar - 4titude,D6
pCM359,RBS_BT1_BCD2(BBF10K_003384)_15nM,199.99999999999997,220925_ark_384_sTUFPlibrary,384PP_AQ_BP2,C1,220817_assembly_sTUFPlibrary,384_PCR_plate Framestar - 4titude,D6
pCM359,Ntag_His_TEVcut(BBF10K_003407_15nM,199.99999999999997,220925_ark_384_sTUFPlibrary,384PP_AQ_BP2,A2,220817_assembly_sTUFPlibrary,384_PCR_plate Framestar - 4titude,D6
pCM359,CDS_SapI(BBF10K_003295)_15nM,199.99999999999997,220925_ark_384_sTUFPlibrary,384PP_AQ_BP2,F2,220817_assembly_sTUFPlibrary,384_PCR_plate Framestar - 4titude,D6
pCM359,T_TZ(BBF10K_003477)_15nM,199.99999999999997,220925_ark_384_sTUFPlibrary,384PP_AQ_BP2,H2,220817_assembly_sTUFPlibrary,384_PCR_plate Framestar - 4titude,D6
pCM359,DV_pTi_5nM,199.99999999999997,220925_ark_384_sTUFPlibrary,384PP_AQ_BP2,B3,220817_assembly_sTUFPlibrary,384_PCR_plate Framestar - 4titude,D6
pCM360,P_T7_lacO(BBF10K_003379)_15nM,199.99999999999997,220925_ark_384_sTUFPlibrary,384PP_AQ_BP2,B1,220817_assembly_sTUFPlibrary,384_PCR_plate Framestar - 4titude,E6
pCM360,RBS_BT1_BCD2(BBF10K_003384)_15nM,199.99999999999997,220925_ark_384_sTUFPlibrary,384PP_AQ_BP2,C1,220817_assembly_sTUFPlibrary,384_PCR_plate Framestar - 4titude,E6
pCM360,Ntag_His_TEVcut(BBF10K_003407_15nM,199.99999999999997,220925_ark_384_sTUFPlibrary,384PP_AQ_BP2,A2,220817_assembly_sTUFPlibrary,384_PCR_plate Framestar - 4titude,E6
pCM360,CDS_XbaI(BBF10K_003298)_15nM,199.99999999999997,220925_ark_384_sTUFPlibrary,384PP_AQ_BP2,G2,220817_assembly_sTUFPlibrary,384_PCR_plate Framestar - 4titude,E6
pCM360,T_TZ(BBF10K_003477)_15nM,199.99999999999997,220925_ark_384_sTUFPlibrary,384PP_AQ_BP2,H2,220817_assembly_sTUFPlibrary,384_PCR_plate Framestar - 4titude,E6
pCM360,DV_pTi_5nM,199.99999999999997,220925_ark_384_sTUFPlibrary,384PP_AQ_BP2,B3,220817_assembly_sTUFPlibrary,384_PCR_plate Framestar - 4titude,E6
pCM361,P_T7_lacO(BBF10K_003379)_15nM,199.99999999999997,220925_ark_384_sTUFPlibrary,384PP_AQ_BP2,B1,220817_assembly_sTUFPlibrary,384_PCR_plate Framestar - 4titude,F6
pCM361,RBS_BT1_BCD2_DsbA(BBF10K_003391)_15nM,199.99999999999997,220925_ark_384_sTUFPlibrary,384PP_AQ_BP2,D1,220817_assembly_sTUFPlibrary,384_PCR_plate Framestar - 4titude,F6
pCM361,Ntag1_R5(BBF10K_003399)_15nM-Ntag2_TEVcut(BBF10K_003418)_15nM,199.99999999999997,220925_ark_384_sTUFPlibrary,384PP_AQ_BP2,C3,220817_assembly_sTUFPlibrary,384_PCR_plate Framestar - 4titude,F6
pCM361,CDS_Eco31I(BBF10K_003292)_15nM,199.99999999999997,220925_ark_384_sTUFPlibrary,384PP_AQ_BP2,B2,220817_assembly_sTUFPlibrary,384_PCR_plate Framestar - 4titude,F6
pCM361,T_TZ(BBF10K_003477)_15nM,199.99999999999997,220925_ark_384_sTUFPlibrary,384PP_AQ_BP2,H2,220817_assembly_sTUFPlibrary,384_PCR_plate Framestar - 4titude,F6
pCM361,DV_pTi_5nM,199.99999999999997,220925_ark_384_sTUFPlibrary,384PP_AQ_BP2,B3,220817_assembly_sTUFPlibrary,384_PCR_plate Framestar - 4titude,F6
pCM362,P_T7_lacO(BBF10K_003379)_15nM,199.99999999999997,220925_ark_384_sTUFPlibrary,384PP_AQ_BP2,B1,220817_assembly_sTUFPlibrary,384_PCR_plate Framestar - 4titude,G6
pCM362,RBS_BT1_BCD2_DsbA(BBF10K_003391)_15nM,199.99999999999997,220925_ark_384_sTUFPlibrary,384PP_AQ_BP2,D1,220817_assembly_sTUFPlibrary,384_PCR_plate Framestar - 4titude,G6
pCM362,Ntag1_R5(BBF10K_003399)_15nM-Ntag2_TEVcut(BBF10K_003418)_15nM,199.99999999999997,220925_ark_384_sTUFPlibrary,384PP_AQ_BP2,C3,220817_assembly_sTUFPlibrary,384_PCR_plate Framestar - 4titude,G6
pCM362,CDS_EcoRI(BBF10K_003281)_15nM,199.99999999999997,220925_ark_384_sTUFPlibrary,384PP_AQ_BP2,C2,220817_assembly_sTUFPlibrary,384_PCR_plate Framestar - 4titude,G6
pCM362,T_TZ(BBF10K_003477)_15nM,199.99999999999997,220925_ark_384_sTUFPlibrary,384PP_AQ_BP2,H2,220817_assembly_sTUFPlibrary,384_PCR_plate Framestar - 4titude,G6
pCM362,DV_pTi_5nM,199.99999999999997,220925_ark_384_sTUFPlibrary,384PP_AQ_BP2,B3,220817_assembly_sTUFPlibrary,384_PCR_plate Framestar - 4titude,G6
pCM363,P_T7_lacO(BBF10K_003379)_15nM,199.99999999999997,220925_ark_384_sTUFPlibrary,384PP_AQ_BP2,B1,220817_assembly_sTUFPlibrary,384_PCR_plate Framestar - 4titude,H6
pCM363,RBS_BT1_BCD2_DsbA(BBF10K_003391)_15nM,199.99999999999997,220925_ark_384_sTUFPlibrary,384PP_AQ_BP2,D1,220817_assembly_sTUFPlibrary,384_PCR_plate Framestar - 4titude,H6
pCM363,Ntag1_R5(BBF10K_003399)_15nM-Ntag2_TEVcut(BBF10K_003418)_15nM,199.99999999999997,220925_ark_384_sTUFPlibrary,384PP_AQ_BP2,C3,220817_assembly_sTUFPlibrary,384_PCR_plate Framestar - 4titude,H6
pCM363,CDS_NotI(BBF10K_003300)_15nM,199.99999999999997,220925_ark_384_sTUFPlibrary,384PP_AQ_BP2,D2,220817_assembly_sTUFPlibrary,384_PCR_plate Framestar - 4titude,H6
pCM363,T_TZ(BBF10K_003477)_15nM,199.99999999999997,220925_ark_384_sTUFPlibrary,384PP_AQ_BP2,H2,220817_assembly_sTUFPlibrary,384_PCR_plate Framestar - 4titude,H6
pCM363,DV_pTi_5nM,199.99999999999997,220925_ark_384_sTUFPlibrary,384PP_AQ_BP2,B3,220817_assembly_sTUFPlibrary,384_PCR_plate Framestar - 4titude,H6
pCM364,P_T7_lacO(BBF10K_003379)_15nM,199.99999999999997,220925_ark_384_sTUFPlibrary,384PP_AQ_BP2,B1,220817_assembly_sTUFPlibrary,384_PCR_plate Framestar - 4titude,I6
pCM364,RBS_BT1_BCD2_DsbA(BBF10K_003391)_15nM,199.99999999999997,220925_ark_384_sTUFPlibrary,384PP_AQ_BP2,D1,220817_assembly_sTUFPlibrary,384_PCR_plate Framestar - 4titude,I6
pCM364,Ntag1_R5(BBF10K_003399)_15nM-Ntag2_TEVcut(BBF10K_003418)_15nM,199.99999999999997,220925_ark_384_sTUFPlibrary,384PP_AQ_BP2,C3,220817_assembly_sTUFPlibrary,384_PCR_plate Framestar - 4titude,I6
pCM364,CDS_PstI(BBF10K_003283)_15nM,199.99999999999997,220925_ark_384_sTUFPlibrary,384PP_AQ_BP2,E2,220817_assembly_sTUFPlibrary,384_PCR_plate Framestar - 4titude,I6
pCM364,T_TZ(BBF10K_003477)_15nM,199.99999999999997,220925_ark_384_sTUFPlibrary,384PP_AQ_BP2,H2,220817_assembly_sTUFPlibrary,384_PCR_plate Framestar - 4titude,I6
pCM364,DV_pTi_5nM,199.99999999999997,220925_ark_384_sTUFPlibrary,384PP_AQ_BP2,B3,220817_assembly_sTUFPlibrary,384_PCR_plate Framestar - 4titude,I6
pCM365,P_T7_lacO(BBF10K_003379)_15nM,199.99999999999997,220925_ark_384_sTUFPlibrary,384PP_AQ_BP2,B1,220817_assembly_sTUFPlibrary,384_PCR_plate Framestar - 4titude,J6
pCM365,RBS_BT1_BCD2_DsbA(BBF10K_003391)_15nM,199.99999999999997,220925_ark_384_sTUFPlibrary,384PP_AQ_BP2,D1,220817_assembly_sTUFPlibrary,384_PCR_plate Framestar - 4titude,J6
pCM365,Ntag1_R5(BBF10K_003399)_15nM-Ntag2_TEVcut(BBF10K_003418)_15nM,199.99999999999997,220925_ark_384_sTUFPlibrary,384PP_AQ_BP2,C3,220817_assembly_sTUFPlibrary,384_PCR_plate Framestar - 4titude,J6
pCM365,CDS_SapI(BBF10K_003295)_15nM,199.99999999999997,220925_ark_384_sTUFPlibrary,384PP_AQ_BP2,F2,220817_assembly_sTUFPlibrary,384_PCR_plate Framestar - 4titude,J6
pCM365,T_TZ(BBF10K_003477)_15nM,199.99999999999997,220925_ark_384_sTUFPlibrary,384PP_AQ_BP2,H2,220817_assembly_sTUFPlibrary,384_PCR_plate Framestar - 4titude,J6
pCM365,DV_pTi_5nM,199.99999999999997,220925_ark_384_sTUFPlibrary,384PP_AQ_BP2,B3,220817_assembly_sTUFPlibrary,384_PCR_plate Framestar - 4titude,J6
pCM366,P_T7_lacO(BBF10K_003379)_15nM,199.99999999999997,220925_ark_384_sTUFPlibrary,384PP_AQ_BP2,B1,220817_assembly_sTUFPlibrary,384_PCR_plate Framestar - 4titude,K6
pCM366,RBS_BT1_BCD2_DsbA(BBF10K_003391)_15nM,199.99999999999997,220925_ark_384_sTUFPlibrary,384PP_AQ_BP2,D1,220817_assembly_sTUFPlibrary,384_PCR_plate Framestar - 4titude,K6
pCM366,Ntag1_R5(BBF10K_003399)_15nM-Ntag2_TEVcut(BBF10K_003418)_15nM,199.99999999999997,220925_ark_384_sTUFPlibrary,384PP_AQ_BP2,C3,220817_assembly_sTUFPlibrary,384_PCR_plate Framestar - 4titude,K6
pCM366,CDS_XbaI(BBF10K_003298)_15nM,199.99999999999997,220925_ark_384_sTUFPlibrary,384PP_AQ_BP2,G2,220817_assembly_sTUFPlibrary,384_PCR_plate Framestar - 4titude,K6
pCM366,T_TZ(BBF10K_003477)_15nM,199.99999999999997,220925_ark_384_sTUFPlibrary,384PP_AQ_BP2,H2,220817_assembly_sTUFPlibrary,384_PCR_plate Framestar - 4titude,K6
pCM366,DV_pTi_5nM,199.99999999999997,220925_ark_384_sTUFPlibrary,384PP_AQ_BP2,B3,220817_assembly_sTUFPlibrary,384_PCR_plate Framestar - 4titude,K6
pCM367,P_T7_lacO(BBF10K_003379)_15nM,199.99999999999997,220925_ark_384_sTUFPlibrary,384PP_AQ_BP2,B1,220817_assembly_sTUFPlibrary,384_PCR_plate Framestar - 4titude,L6
pCM367,RBS_BT1_BCD2_DsbA(BBF10K_003391)_15nM,199.99999999999997,220925_ark_384_sTUFPlibrary,384PP_AQ_BP2,D1,220817_assembly_sTUFPlibrary,384_PCR_plate Framestar - 4titude,L6
pCM367,Ntag_His_TEVcut(BBF10K_003407_15nM,199.99999999999997,220925_ark_384_sTUFPlibrary,384PP_AQ_BP2,A2,220817_assembly_sTUFPlibrary,384_PCR_plate Framestar - 4titude,L6
pCM367,CDS_Eco31I(BBF10K_003292)_15nM,199.99999999999997,220925_ark_384_sTUFPlibrary,384PP_AQ_BP2,B2,220817_assembly_sTUFPlibrary,384_PCR_plate Framestar - 4titude,L6
pCM367,T_TZ(BBF10K_003477)_15nM,199.99999999999997,220925_ark_384_sTUFPlibrary,384PP_AQ_BP2,H2,220817_assembly_sTUFPlibrary,384_PCR_plate Framestar - 4titude,L6
pCM367,DV_pTi_5nM,199.99999999999997,220925_ark_384_sTUFPlibrary,384PP_AQ_BP2,B3,220817_assembly_sTUFPlibrary,384_PCR_plate Framestar - 4titude,L6
pCM368,P_T7_lacO(BBF10K_003379)_15nM,199.99999999999997,220925_ark_384_sTUFPlibrary,384PP_AQ_BP2,B1,220817_assembly_sTUFPlibrary,384_PCR_plate Framestar - 4titude,M6
pCM368,RBS_BT1_BCD2_DsbA(BBF10K_003391)_15nM,199.99999999999997,220925_ark_384_sTUFPlibrary,384PP_AQ_BP2,D1,220817_assembly_sTUFPlibrary,384_PCR_plate Framestar - 4titude,M6
pCM368,Ntag_His_TEVcut(BBF10K_003407_15nM,199.99999999999997,220925_ark_384_sTUFPlibrary,384PP_AQ_BP2,A2,220817_assembly_sTUFPlibrary,384_PCR_plate Framestar - 4titude,M6
pCM368,CDS_EcoRI(BBF10K_003281)_15nM,199.99999999999997,220925_ark_384_sTUFPlibrary,384PP_AQ_BP2,C2,220817_assembly_sTUFPlibrary,384_PCR_plate Framestar - 4titude,M6
pCM368,T_TZ(BBF10K_003477)_15nM,199.99999999999997,220925_ark_384_sTUFPlibrary,384PP_AQ_BP2,H2,220817_assembly_sTUFPlibrary,384_PCR_plate Framestar - 4titude,M6
pCM368,DV_pTi_5nM,199.99999999999997,220925_ark_384_sTUFPlibrary,384PP_AQ_BP2,B3,220817_assembly_sTUFPlibrary,384_PCR_plate Framestar - 4titude,M6
pCM369,P_T7_lacO(BBF10K_003379)_15nM,199.99999999999997,220925_ark_384_sTUFPlibrary,384PP_AQ_BP2,B1,220817_assembly_sTUFPlibrary,384_PCR_plate Framestar - 4titude,N6
pCM369,RBS_BT1_BCD2_DsbA(BBF10K_003391)_15nM,199.99999999999997,220925_ark_384_sTUFPlibrary,384PP_AQ_BP2,D1,220817_assembly_sTUFPlibrary,384_PCR_plate Framestar - 4titude,N6
pCM369,Ntag_His_TEVcut(BBF10K_003407_15nM,199.99999999999997,220925_ark_384_sTUFPlibrary,384PP_AQ_BP2,A2,220817_assembly_sTUFPlibrary,384_PCR_plate Framestar - 4titude,N6
pCM369,CDS_NotI(BBF10K_003300)_15nM,199.99999999999997,220925_ark_384_sTUFPlibrary,384PP_AQ_BP2,D2,220817_assembly_sTUFPlibrary,384_PCR_plate Framestar - 4titude,N6
pCM369,T_TZ(BBF10K_003477)_15nM,199.99999999999997,220925_ark_384_sTUFPlibrary,384PP_AQ_BP2,H2,220817_assembly_sTUFPlibrary,384_PCR_plate Framestar - 4titude,N6
pCM369,DV_pTi_5nM,199.99999999999997,220925_ark_384_sTUFPlibrary,384PP_AQ_BP2,B3,220817_assembly_sTUFPlibrary,384_PCR_plate Framestar - 4titude,N6
pCM370,P_T7_lacO(BBF10K_003379)_15nM,199.99999999999997,220925_ark_384_sTUFPlibrary,384PP_AQ_BP2,B1,220817_assembly_sTUFPlibrary,384_PCR_plate Framestar - 4titude,O6
pCM370,RBS_BT1_BCD2_DsbA(BBF10K_003391)_15nM,199.99999999999997,220925_ark_384_sTUFPlibrary,384PP_AQ_BP2,D1,220817_assembly_sTUFPlibrary,384_PCR_plate Framestar - 4titude,O6
pCM370,Ntag_His_TEVcut(BBF10K_003407_15nM,199.99999999999997,220925_ark_384_sTUFPlibrary,384PP_AQ_BP2,A2,220817_assembly_sTUFPlibrary,384_PCR_plate Framestar - 4titude,O6
pCM370,CDS_PstI(BBF10K_003283)_15nM,199.99999999999997,220925_ark_384_sTUFPlibrary,384PP_AQ_BP2,E2,220817_assembly_sTUFPlibrary,384_PCR_plate Framestar - 4titude,O6
pCM370,T_TZ(BBF10K_003477)_15nM,199.99999999999997,220925_ark_384_sTUFPlibrary,384PP_AQ_BP2,H2,220817_assembly_sTUFPlibrary,384_PCR_plate Framestar - 4titude,O6
pCM370,DV_pTi_5nM,199.99999999999997,220925_ark_384_sTUFPlibrary,384PP_AQ_BP2,B3,220817_assembly_sTUFPlibrary,384_PCR_plate Framestar - 4titude,O6
pCM371,P_T7_lacO(BBF10K_003379)_15nM,199.99999999999997,220925_ark_384_sTUFPlibrary,384PP_AQ_BP2,B1,220817_assembly_sTUFPlibrary,384_PCR_plate Framestar - 4titude,B7
pCM371,RBS_BT1_BCD2_DsbA(BBF10K_003391)_15nM,199.99999999999997,220925_ark_384_sTUFPlibrary,384PP_AQ_BP2,D1,220817_assembly_sTUFPlibrary,384_PCR_plate Framestar - 4titude,B7
pCM371,Ntag_His_TEVcut(BBF10K_003407_15nM,199.99999999999997,220925_ark_384_sTUFPlibrary,384PP_AQ_BP2,A2,220817_assembly_sTUFPlibrary,384_PCR_plate Framestar - 4titude,B7
pCM371,CDS_SapI(BBF10K_003295)_15nM,199.99999999999997,220925_ark_384_sTUFPlibrary,384PP_AQ_BP2,F2,220817_assembly_sTUFPlibrary,384_PCR_plate Framestar - 4titude,B7
pCM371,T_TZ(BBF10K_003477)_15nM,199.99999999999997,220925_ark_384_sTUFPlibrary,384PP_AQ_BP2,H2,220817_assembly_sTUFPlibrary,384_PCR_plate Framestar - 4titude,B7
pCM371,DV_pTi_5nM,199.99999999999997,220925_ark_384_sTUFPlibrary,384PP_AQ_BP2,B3,220817_assembly_sTUFPlibrary,384_PCR_plate Framestar - 4titude,B7
pCM372,P_T7_lacO(BBF10K_003379)_15nM,199.99999999999997,220925_ark_384_sTUFPlibrary,384PP_AQ_BP2,B1,220817_assembly_sTUFPlibrary,384_PCR_plate Framestar - 4titude,C7
pCM372,RBS_BT1_BCD2_DsbA(BBF10K_003391)_15nM,199.99999999999997,220925_ark_384_sTUFPlibrary,384PP_AQ_BP2,D1,220817_assembly_sTUFPlibrary,384_PCR_plate Framestar - 4titude,C7
pCM372,Ntag_His_TEVcut(BBF10K_003407_15nM,199.99999999999997,220925_ark_384_sTUFPlibrary,384PP_AQ_BP2,A2,220817_assembly_sTUFPlibrary,384_PCR_plate Framestar - 4titude,C7
pCM372,CDS_XbaI(BBF10K_003298)_15nM,199.99999999999997,220925_ark_384_sTUFPlibrary,384PP_AQ_BP2,G2,220817_assembly_sTUFPlibrary,384_PCR_plate Framestar - 4titude,C7
pCM372,T_TZ(BBF10K_003477)_15nM,199.99999999999997,220925_ark_384_sTUFPlibrary,384PP_AQ_BP2,H2,220817_assembly_sTUFPlibrary,384_PCR_plate Framestar - 4titude,C7
pCM372,DV_pTi_5nM,199.99999999999997,220925_ark_384_sTUFPlibrary,384PP_AQ_BP2,B3,220817_assembly_sTUFPlibrary,384_PCR_plate Framestar - 4titude,C7
pCM373,P_T7_lacO(BBF10K_003379)_15nM,199.99999999999997,220925_ark_384_sTUFPlibrary,384PP_AQ_BP2,B1,220817_assembly_sTUFPlibrary,384_PCR_plate Framestar - 4titude,D7
pCM373,RBS_BT1_BCD2_OmpT(BBF10K_003392)_15nM,199.99999999999997,220925_ark_384_sTUFPlibrary,384PP_AQ_BP2,E1,220817_assembly_sTUFPlibrary,384_PCR_plate Framestar - 4titude,D7
pCM373,Ntag1_R5(BBF10K_003399)_15nM-Ntag2_TEVcut(BBF10K_003418)_15nM,199.99999999999997,220925_ark_384_sTUFPlibrary,384PP_AQ_BP2,C3,220817_assembly_sTUFPlibrary,384_PCR_plate Framestar - 4titude,D7
pCM373,CDS_Eco31I(BBF10K_003292)_15nM,199.99999999999997,220925_ark_384_sTUFPlibrary,384PP_AQ_BP2,B2,220817_assembly_sTUFPlibrary,384_PCR_plate Framestar - 4titude,D7
pCM373,T_TZ(BBF10K_003477)_15nM,199.99999999999997,220925_ark_384_sTUFPlibrary,384PP_AQ_BP2,H2,220817_assembly_sTUFPlibrary,384_PCR_plate Framestar - 4titude,D7
pCM373,DV_pTi_5nM,199.99999999999997,220925_ark_384_sTUFPlibrary,384PP_AQ_BP2,B3,220817_assembly_sTUFPlibrary,384_PCR_plate Framestar - 4titude,D7
pCM374,P_T7_lacO(BBF10K_003379)_15nM,199.99999999999997,220925_ark_384_sTUFPlibrary,384PP_AQ_BP2,B1,220817_assembly_sTUFPlibrary,384_PCR_plate Framestar - 4titude,E7
pCM374,RBS_BT1_BCD2_OmpT(BBF10K_003392)_15nM,199.99999999999997,220925_ark_384_sTUFPlibrary,384PP_AQ_BP2,E1,220817_assembly_sTUFPlibrary,384_PCR_plate Framestar - 4titude,E7
pCM374,Ntag1_R5(BBF10K_003399)_15nM-Ntag2_TEVcut(BBF10K_003418)_15nM,199.99999999999997,220925_ark_384_sTUFPlibrary,384PP_AQ_BP2,C3,220817_assembly_sTUFPlibrary,384_PCR_plate Framestar - 4titude,E7
pCM374,CDS_EcoRI(BBF10K_003281)_15nM,199.99999999999997,220925_ark_384_sTUFPlibrary,384PP_AQ_BP2,C2,220817_assembly_sTUFPlibrary,384_PCR_plate Framestar - 4titude,E7
pCM374,T_TZ(BBF10K_003477)_15nM,199.99999999999997,220925_ark_384_sTUFPlibrary,384PP_AQ_BP2,H2,220817_assembly_sTUFPlibrary,384_PCR_plate Framestar - 4titude,E7
pCM374,DV_pTi_5nM,199.99999999999997,220925_ark_384_sTUFPlibrary,384PP_AQ_BP2,B3,220817_assembly_sTUFPlibrary,384_PCR_plate Framestar - 4titude,E7
pCM375,P_T7_lacO(BBF10K_003379)_15nM,199.99999999999997,220925_ark_384_sTUFPlibrary,384PP_AQ_BP2,B1,220817_assembly_sTUFPlibrary,384_PCR_plate Framestar - 4titude,F7
pCM375,RBS_BT1_BCD2_OmpT(BBF10K_003392)_15nM,199.99999999999997,220925_ark_384_sTUFPlibrary,384PP_AQ_BP2,E1,220817_assembly_sTUFPlibrary,384_PCR_plate Framestar - 4titude,F7
pCM375,Ntag1_R5(BBF10K_003399)_15nM-Ntag2_TEVcut(BBF10K_003418)_15nM,199.99999999999997,220925_ark_384_sTUFPlibrary,384PP_AQ_BP2,C3,220817_assembly_sTUFPlibrary,384_PCR_plate Framestar - 4titude,F7
pCM375,CDS_NotI(BBF10K_003300)_15nM,199.99999999999997,220925_ark_384_sTUFPlibrary,384PP_AQ_BP2,D2,220817_assembly_sTUFPlibrary,384_PCR_plate Framestar - 4titude,F7
pCM375,T_TZ(BBF10K_003477)_15nM,199.99999999999997,220925_ark_384_sTUFPlibrary,384PP_AQ_BP2,H2,220817_assembly_sTUFPlibrary,384_PCR_plate Framestar - 4titude,F7
pCM375,DV_pTi_5nM,199.99999999999997,220925_ark_384_sTUFPlibrary,384PP_AQ_BP2,B3,220817_assembly_sTUFPlibrary,384_PCR_plate Framestar - 4titude,F7
pCM376,P_T7_lacO(BBF10K_003379)_15nM,199.99999999999997,220925_ark_384_sTUFPlibrary,384PP_AQ_BP2,B1,220817_assembly_sTUFPlibrary,384_PCR_plate Framestar - 4titude,G7
pCM376,RBS_BT1_BCD2_OmpT(BBF10K_003392)_15nM,199.99999999999997,220925_ark_384_sTUFPlibrary,384PP_AQ_BP2,E1,220817_assembly_sTUFPlibrary,384_PCR_plate Framestar - 4titude,G7
pCM376,Ntag1_R5(BBF10K_003399)_15nM-Ntag2_TEVcut(BBF10K_003418)_15nM,199.99999999999997,220925_ark_384_sTUFPlibrary,384PP_AQ_BP2,C3,220817_assembly_sTUFPlibrary,384_PCR_plate Framestar - 4titude,G7
pCM376,CDS_PstI(BBF10K_003283)_15nM,199.99999999999997,220925_ark_384_sTUFPlibrary,384PP_AQ_BP2,E2,220817_assembly_sTUFPlibrary,384_PCR_plate Framestar - 4titude,G7
pCM376,T_TZ(BBF10K_003477)_15nM,199.99999999999997,220925_ark_384_sTUFPlibrary,384PP_AQ_BP2,H2,220817_assembly_sTUFPlibrary,384_PCR_plate Framestar - 4titude,G7
pCM376,DV_pTi_5nM,199.99999999999997,220925_ark_384_sTUFPlibrary,384PP_AQ_BP2,B3,220817_assembly_sTUFPlibrary,384_PCR_plate Framestar - 4titude,G7
pCM377,P_T7_lacO(BBF10K_003379)_15nM,199.99999999999997,220925_ark_384_sTUFPlibrary,384PP_AQ_BP2,B1,220817_assembly_sTUFPlibrary,384_PCR_plate Framestar - 4titude,H7
pCM377,RBS_BT1_BCD2_OmpT(BBF10K_003392)_15nM,199.99999999999997,220925_ark_384_sTUFPlibrary,384PP_AQ_BP2,E1,220817_assembly_sTUFPlibrary,384_PCR_plate Framestar - 4titude,H7
pCM377,Ntag1_R5(BBF10K_003399)_15nM-Ntag2_TEVcut(BBF10K_003418)_15nM,199.99999999999997,220925_ark_384_sTUFPlibrary,384PP_AQ_BP2,C3,220817_assembly_sTUFPlibrary,384_PCR_plate Framestar - 4titude,H7
pCM377,CDS_SapI(BBF10K_003295)_15nM,199.99999999999997,220925_ark_384_sTUFPlibrary,384PP_AQ_BP2,F2,220817_assembly_sTUFPlibrary,384_PCR_plate Framestar - 4titude,H7
pCM377,T_TZ(BBF10K_003477)_15nM,199.99999999999997,220925_ark_384_sTUFPlibrary,384PP_AQ_BP2,H2,220817_assembly_sTUFPlibrary,384_PCR_plate Framestar - 4titude,H7
pCM377,DV_pTi_5nM,199.99999999999997,220925_ark_384_sTUFPlibrary,384PP_AQ_BP2,B3,220817_assembly_sTUFPlibrary,384_PCR_plate Framestar - 4titude,H7
pCM378,P_T7_lacO(BBF10K_003379)_15nM,199.99999999999997,220925_ark_384_sTUFPlibrary,384PP_AQ_BP2,B1,220817_assembly_sTUFPlibrary,384_PCR_plate Framestar - 4titude,I7
pCM378,RBS_BT1_BCD2_OmpT(BBF10K_003392)_15nM,199.99999999999997,220925_ark_384_sTUFPlibrary,384PP_AQ_BP2,E1,220817_assembly_sTUFPlibrary,384_PCR_plate Framestar - 4titude,I7
pCM378,Ntag1_R5(BBF10K_003399)_15nM-Ntag2_TEVcut(BBF10K_003418)_15nM,199.99999999999997,220925_ark_384_sTUFPlibrary,384PP_AQ_BP2,C3,220817_assembly_sTUFPlibrary,384_PCR_plate Framestar - 4titude,I7
pCM378,CDS_XbaI(BBF10K_003298)_15nM,199.99999999999997,220925_ark_384_sTUFPlibrary,384PP_AQ_BP2,G2,220817_assembly_sTUFPlibrary,384_PCR_plate Framestar - 4titude,I7
pCM378,T_TZ(BBF10K_003477)_15nM,199.99999999999997,220925_ark_384_sTUFPlibrary,384PP_AQ_BP2,H2,220817_assembly_sTUFPlibrary,384_PCR_plate Framestar - 4titude,I7
pCM378,DV_pTi_5nM,199.99999999999997,220925_ark_384_sTUFPlibrary,384PP_AQ_BP2,B3,220817_assembly_sTUFPlibrary,384_PCR_plate Framestar - 4titude,I7
pCM379,P_T7_lacO(BBF10K_003379)_15nM,199.99999999999997,220925_ark_384_sTUFPlibrary,384PP_AQ_BP2,B1,220817_assembly_sTUFPlibrary,384_PCR_plate Framestar - 4titude,J7
pCM379,RBS_BT1_BCD2_OmpT(BBF10K_003392)_15nM,199.99999999999997,220925_ark_384_sTUFPlibrary,384PP_AQ_BP2,E1,220817_assembly_sTUFPlibrary,384_PCR_plate Framestar - 4titude,J7
pCM379,Ntag_His_TEVcut(BBF10K_003407_15nM,199.99999999999997,220925_ark_384_sTUFPlibrary,384PP_AQ_BP2,A2,220817_assembly_sTUFPlibrary,384_PCR_plate Framestar - 4titude,J7
pCM379,CDS_Eco31I(BBF10K_003292)_15nM,199.99999999999997,220925_ark_384_sTUFPlibrary,384PP_AQ_BP2,B2,220817_assembly_sTUFPlibrary,384_PCR_plate Framestar - 4titude,J7
pCM379,T_TZ(BBF10K_003477)_15nM,199.99999999999997,220925_ark_384_sTUFPlibrary,384PP_AQ_BP2,H2,220817_assembly_sTUFPlibrary,384_PCR_plate Framestar - 4titude,J7
pCM379,DV_pTi_5nM,199.99999999999997,220925_ark_384_sTUFPlibrary,384PP_AQ_BP2,B3,220817_assembly_sTUFPlibrary,384_PCR_plate Framestar - 4titude,J7
pCM380,P_T7_lacO(BBF10K_003379)_15nM,199.99999999999997,220925_ark_384_sTUFPlibrary,384PP_AQ_BP2,B1,220817_assembly_sTUFPlibrary,384_PCR_plate Framestar - 4titude,K7
pCM380,RBS_BT1_BCD2_OmpT(BBF10K_003392)_15nM,199.99999999999997,220925_ark_384_sTUFPlibrary,384PP_AQ_BP2,E1,220817_assembly_sTUFPlibrary,384_PCR_plate Framestar - 4titude,K7
pCM380,Ntag_His_TEVcut(BBF10K_003407_15nM,199.99999999999997,220925_ark_384_sTUFPlibrary,384PP_AQ_BP2,A2,220817_assembly_sTUFPlibrary,384_PCR_plate Framestar - 4titude,K7
pCM380,CDS_EcoRI(BBF10K_003281)_15nM,199.99999999999997,220925_ark_384_sTUFPlibrary,384PP_AQ_BP2,C2,220817_assembly_sTUFPlibrary,384_PCR_plate Framestar - 4titude,K7
pCM380,T_TZ(BBF10K_003477)_15nM,199.99999999999997,220925_ark_384_sTUFPlibrary,384PP_AQ_BP2,H2,220817_assembly_sTUFPlibrary,384_PCR_plate Framestar - 4titude,K7
pCM380,DV_pTi_5nM,199.99999999999997,220925_ark_384_sTUFPlibrary,384PP_AQ_BP2,B3,220817_assembly_sTUFPlibrary,384_PCR_plate Framestar - 4titude,K7
pCM381,P_T7_lacO(BBF10K_003379)_15nM,199.99999999999997,220925_ark_384_sTUFPlibrary,384PP_AQ_BP2,B1,220817_assembly_sTUFPlibrary,384_PCR_plate Framestar - 4titude,L7
pCM381,RBS_BT1_BCD2_OmpT(BBF10K_003392)_15nM,199.99999999999997,220925_ark_384_sTUFPlibrary,384PP_AQ_BP2,E1,220817_assembly_sTUFPlibrary,384_PCR_plate Framestar - 4titude,L7
pCM381,Ntag_His_TEVcut(BBF10K_003407_15nM,199.99999999999997,220925_ark_384_sTUFPlibrary,384PP_AQ_BP2,A2,220817_assembly_sTUFPlibrary,384_PCR_plate Framestar - 4titude,L7
pCM381,CDS_NotI(BBF10K_003300)_15nM,199.99999999999997,220925_ark_384_sTUFPlibrary,384PP_AQ_BP2,D2,220817_assembly_sTUFPlibrary,384_PCR_plate Framestar - 4titude,L7
pCM381,T_TZ(BBF10K_003477)_15nM,199.99999999999997,220925_ark_384_sTUFPlibrary,384PP_AQ_BP2,H2,220817_assembly_sTUFPlibrary,384_PCR_plate Framestar - 4titude,L7
pCM381,DV_pTi_5nM,199.99999999999997,220925_ark_384_sTUFPlibrary,384PP_AQ_BP2,B3,220817_assembly_sTUFPlibrary,384_PCR_plate Framestar - 4titude,L7
pCM382,P_T7_lacO(BBF10K_003379)_15nM,199.99999999999997,220925_ark_384_sTUFPlibrary,384PP_AQ_BP2,B1,220817_assembly_sTUFPlibrary,384_PCR_plate Framestar - 4titude,M7
pCM382,RBS_BT1_BCD2_OmpT(BBF10K_003392)_15nM,199.99999999999997,220925_ark_384_sTUFPlibrary,384PP_AQ_BP2,E1,220817_assembly_sTUFPlibrary,384_PCR_plate Framestar - 4titude,M7
pCM382,Ntag_His_TEVcut(BBF10K_003407_15nM,199.99999999999997,220925_ark_384_sTUFPlibrary,384PP_AQ_BP2,A2,220817_assembly_sTUFPlibrary,384_PCR_plate Framestar - 4titude,M7
pCM382,CDS_PstI(BBF10K_003283)_15nM,199.99999999999997,220925_ark_384_sTUFPlibrary,384PP_AQ_BP2,E2,220817_assembly_sTUFPlibrary,384_PCR_plate Framestar - 4titude,M7
pCM382,T_TZ(BBF10K_003477)_15nM,199.99999999999997,220925_ark_384_sTUFPlibrary,384PP_AQ_BP2,H2,220817_assembly_sTUFPlibrary,384_PCR_plate Framestar - 4titude,M7
pCM382,DV_pTi_5nM,199.99999999999997,220925_ark_384_sTUFPlibrary,384PP_AQ_BP2,B3,220817_assembly_sTUFPlibrary,384_PCR_plate Framestar - 4titude,M7
pCM383,P_T7_lacO(BBF10K_003379)_15nM,199.99999999999997,220925_ark_384_sTUFPlibrary,384PP_AQ_BP2,B1,220817_assembly_sTUFPlibrary,384_PCR_plate Framestar - 4titude,N7
pCM383,RBS_BT1_BCD2_OmpT(BBF10K_003392)_15nM,199.99999999999997,220925_ark_384_sTUFPlibrary,384PP_AQ_BP2,E1,220817_assembly_sTUFPlibrary,384_PCR_plate Framestar - 4titude,N7
pCM383,Ntag_His_TEVcut(BBF10K_003407_15nM,199.99999999999997,220925_ark_384_sTUFPlibrary,384PP_AQ_BP2,A2,220817_assembly_sTUFPlibrary,384_PCR_plate Framestar - 4titude,N7
pCM383,CDS_SapI(BBF10K_003295)_15nM,199.99999999999997,220925_ark_384_sTUFPlibrary,384PP_AQ_BP2,F2,220817_assembly_sTUFPlibrary,384_PCR_plate Framestar - 4titude,N7
pCM383,T_TZ(BBF10K_003477)_15nM,199.99999999999997,220925_ark_384_sTUFPlibrary,384PP_AQ_BP2,H2,220817_assembly_sTUFPlibrary,384_PCR_plate Framestar - 4titude,N7
pCM383,DV_pTi_5nM,199.99999999999997,220925_ark_384_sTUFPlibrary,384PP_AQ_BP2,B3,220817_assembly_sTUFPlibrary,384_PCR_plate Framestar - 4titude,N7
pCM384,P_T7_lacO(BBF10K_003379)_15nM,199.99999999999997,220925_ark_384_sTUFPlibrary,384PP_AQ_BP2,B1,220817_assembly_sTUFPlibrary,384_PCR_plate Framestar - 4titude,O7
pCM384,RBS_BT1_BCD2_OmpT(BBF10K_003392)_15nM,199.99999999999997,220925_ark_384_sTUFPlibrary,384PP_AQ_BP2,E1,220817_assembly_sTUFPlibrary,384_PCR_plate Framestar - 4titude,O7
pCM384,Ntag_His_TEVcut(BBF10K_003407_15nM,199.99999999999997,220925_ark_384_sTUFPlibrary,384PP_AQ_BP2,A2,220817_assembly_sTUFPlibrary,384_PCR_plate Framestar - 4titude,O7
pCM384,CDS_XbaI(BBF10K_003298)_15nM,199.99999999999997,220925_ark_384_sTUFPlibrary,384PP_AQ_BP2,G2,220817_assembly_sTUFPlibrary,384_PCR_plate Framestar - 4titude,O7
pCM384,T_TZ(BBF10K_003477)_15nM,199.99999999999997,220925_ark_384_sTUFPlibrary,384PP_AQ_BP2,H2,220817_assembly_sTUFPlibrary,384_PCR_plate Framestar - 4titude,O7
pCM384,DV_pTi_5nM,199.99999999999997,220925_ark_384_sTUFPlibrary,384PP_AQ_BP2,B3,220817_assembly_sTUFPlibrary,384_PCR_plate Framestar - 4titude,O7
pCM385,P_T7_lacO(BBF10K_003379)_15nM,199.99999999999997,220925_ark_384_sTUFPlibrary,384PP_AQ_BP2,B1,220817_assembly_sTUFPlibrary,384_PCR_plate Framestar - 4titude,B8
pCM385,RBS_BT1_BCD2_pelB(BBF10K_003393)_15nM,199.99999999999997,220925_ark_384_sTUFPlibrary,384PP_AQ_BP2,F1,220817_assembly_sTUFPlibrary,384_PCR_plate Framestar - 4titude,B8
pCM385,Ntag1_R5(BBF10K_003399)_15nM-Ntag2_TEVcut(BBF10K_003418)_15nM,199.99999999999997,220925_ark_384_sTUFPlibrary,384PP_AQ_BP2,C3,220817_assembly_sTUFPlibrary,384_PCR_plate Framestar - 4titude,B8
pCM385,CDS_Eco31I(BBF10K_003292)_15nM,199.99999999999997,220925_ark_384_sTUFPlibrary,384PP_AQ_BP2,B2,220817_assembly_sTUFPlibrary,384_PCR_plate Framestar - 4titude,B8
pCM385,T_TZ(BBF10K_003477)_15nM,199.99999999999997,220925_ark_384_sTUFPlibrary,384PP_AQ_BP2,H2,220817_assembly_sTUFPlibrary,384_PCR_plate Framestar - 4titude,B8
pCM385,DV_pTi_5nM,199.99999999999997,220925_ark_384_sTUFPlibrary,384PP_AQ_BP2,B3,220817_assembly_sTUFPlibrary,384_PCR_plate Framestar - 4titude,B8
pCM386,P_T7_lacO(BBF10K_003379)_15nM,199.99999999999997,220925_ark_384_sTUFPlibrary,384PP_AQ_BP2,B1,220817_assembly_sTUFPlibrary,384_PCR_plate Framestar - 4titude,C8
pCM386,RBS_BT1_BCD2_pelB(BBF10K_003393)_15nM,199.99999999999997,220925_ark_384_sTUFPlibrary,384PP_AQ_BP2,F1,220817_assembly_sTUFPlibrary,384_PCR_plate Framestar - 4titude,C8
pCM386,Ntag1_R5(BBF10K_003399)_15nM-Ntag2_TEVcut(BBF10K_003418)_15nM,199.99999999999997,220925_ark_384_sTUFPlibrary,384PP_AQ_BP2,C3,220817_assembly_sTUFPlibrary,384_PCR_plate Framestar - 4titude,C8
pCM386,CDS_EcoRI(BBF10K_003281)_15nM,199.99999999999997,220925_ark_384_sTUFPlibrary,384PP_AQ_BP2,C2,220817_assembly_sTUFPlibrary,384_PCR_plate Framestar - 4titude,C8
pCM386,T_TZ(BBF10K_003477)_15nM,199.99999999999997,220925_ark_384_sTUFPlibrary,384PP_AQ_BP2,H2,220817_assembly_sTUFPlibrary,384_PCR_plate Framestar - 4titude,C8
pCM386,DV_pTi_5nM,199.99999999999997,220925_ark_384_sTUFPlibrary,384PP_AQ_BP2,B3,220817_assembly_sTUFPlibrary,384_PCR_plate Framestar - 4titude,C8
pCM387,P_T7_lacO(BBF10K_003379)_15nM,199.99999999999997,220925_ark_384_sTUFPlibrary,384PP_AQ_BP2,B1,220817_assembly_sTUFPlibrary,384_PCR_plate Framestar - 4titude,D8
pCM387,RBS_BT1_BCD2_pelB(BBF10K_003393)_15nM,199.99999999999997,220925_ark_384_sTUFPlibrary,384PP_AQ_BP2,F1,220817_assembly_sTUFPlibrary,384_PCR_plate Framestar - 4titude,D8
pCM387,Ntag1_R5(BBF10K_003399)_15nM-Ntag2_TEVcut(BBF10K_003418)_15nM,199.99999999999997,220925_ark_384_sTUFPlibrary,384PP_AQ_BP2,C3,220817_assembly_sTUFPlibrary,384_PCR_plate Framestar - 4titude,D8
pCM387,CDS_NotI(BBF10K_003300)_15nM,199.99999999999997,220925_ark_384_sTUFPlibrary,384PP_AQ_BP2,D2,220817_assembly_sTUFPlibrary,384_PCR_plate Framestar - 4titude,D8
pCM387,T_TZ(BBF10K_003477)_15nM,199.99999999999997,220925_ark_384_sTUFPlibrary,384PP_AQ_BP2,H2,220817_assembly_sTUFPlibrary,384_PCR_plate Framestar - 4titude,D8
pCM387,DV_pTi_5nM,199.99999999999997,220925_ark_384_sTUFPlibrary,384PP_AQ_BP2,B3,220817_assembly_sTUFPlibrary,384_PCR_plate Framestar - 4titude,D8
pCM388,P_T7_lacO(BBF10K_003379)_15nM,199.99999999999997,220925_ark_384_sTUFPlibrary,384PP_AQ_BP2,B1,220817_assembly_sTUFPlibrary,384_PCR_plate Framestar - 4titude,E8
pCM388,RBS_BT1_BCD2_pelB(BBF10K_003393)_15nM,199.99999999999997,220925_ark_384_sTUFPlibrary,384PP_AQ_BP2,F1,220817_assembly_sTUFPlibrary,384_PCR_plate Framestar - 4titude,E8
pCM388,Ntag1_R5(BBF10K_003399)_15nM-Ntag2_TEVcut(BBF10K_003418)_15nM,199.99999999999997,220925_ark_384_sTUFPlibrary,384PP_AQ_BP2,C3,220817_assembly_sTUFPlibrary,384_PCR_plate Framestar - 4titude,E8
pCM388,CDS_PstI(BBF10K_003283)_15nM,199.99999999999997,220925_ark_384_sTUFPlibrary,384PP_AQ_BP2,E2,220817_assembly_sTUFPlibrary,384_PCR_plate Framestar - 4titude,E8
pCM388,T_TZ(BBF10K_003477)_15nM,199.99999999999997,220925_ark_384_sTUFPlibrary,384PP_AQ_BP2,H2,220817_assembly_sTUFPlibrary,384_PCR_plate Framestar - 4titude,E8
pCM388,DV_pTi_5nM,199.99999999999997,220925_ark_384_sTUFPlibrary,384PP_AQ_BP2,B3,220817_assembly_sTUFPlibrary,384_PCR_plate Framestar - 4titude,E8
pCM389,P_T7_lacO(BBF10K_003379)_15nM,199.99999999999997,220925_ark_384_sTUFPlibrary,384PP_AQ_BP2,B1,220817_assembly_sTUFPlibrary,384_PCR_plate Framestar - 4titude,F8
pCM389,RBS_BT1_BCD2_pelB(BBF10K_003393)_15nM,199.99999999999997,220925_ark_384_sTUFPlibrary,384PP_AQ_BP2,F1,220817_assembly_sTUFPlibrary,384_PCR_plate Framestar - 4titude,F8
pCM389,Ntag1_R5(BBF10K_003399)_15nM-Ntag2_TEVcut(BBF10K_003418)_15nM,199.99999999999997,220925_ark_384_sTUFPlibrary,384PP_AQ_BP2,C3,220817_assembly_sTUFPlibrary,384_PCR_plate Framestar - 4titude,F8
pCM389,CDS_SapI(BBF10K_003295)_15nM,199.99999999999997,220925_ark_384_sTUFPlibrary,384PP_AQ_BP2,F2,220817_assembly_sTUFPlibrary,384_PCR_plate Framestar - 4titude,F8
pCM389,T_TZ(BBF10K_003477)_15nM,199.99999999999997,220925_ark_384_sTUFPlibrary,384PP_AQ_BP2,H2,220817_assembly_sTUFPlibrary,384_PCR_plate Framestar - 4titude,F8
pCM389,DV_pTi_5nM,199.99999999999997,220925_ark_384_sTUFPlibrary,384PP_AQ_BP2,B3,220817_assembly_sTUFPlibrary,384_PCR_plate Framestar - 4titude,F8
pCM390,P_T7_lacO(BBF10K_003379)_15nM,199.99999999999997,220925_ark_384_sTUFPlibrary,384PP_AQ_BP2,B1,220817_assembly_sTUFPlibrary,384_PCR_plate Framestar - 4titude,G8
pCM390,RBS_BT1_BCD2_pelB(BBF10K_003393)_15nM,199.99999999999997,220925_ark_384_sTUFPlibrary,384PP_AQ_BP2,F1,220817_assembly_sTUFPlibrary,384_PCR_plate Framestar - 4titude,G8
pCM390,Ntag1_R5(BBF10K_003399)_15nM-Ntag2_TEVcut(BBF10K_003418)_15nM,199.99999999999997,220925_ark_384_sTUFPlibrary,384PP_AQ_BP2,C3,220817_assembly_sTUFPlibrary,384_PCR_plate Framestar - 4titude,G8
pCM390,CDS_XbaI(BBF10K_003298)_15nM,199.99999999999997,220925_ark_384_sTUFPlibrary,384PP_AQ_BP2,G2,220817_assembly_sTUFPlibrary,384_PCR_plate Framestar - 4titude,G8
pCM390,T_TZ(BBF10K_003477)_15nM,199.99999999999997,220925_ark_384_sTUFPlibrary,384PP_AQ_BP2,H2,220817_assembly_sTUFPlibrary,384_PCR_plate Framestar - 4titude,G8
pCM390,DV_pTi_5nM,199.99999999999997,220925_ark_384_sTUFPlibrary,384PP_AQ_BP2,B3,220817_assembly_sTUFPlibrary,384_PCR_plate Framestar - 4titude,G8
pCM391,P_T7_lacO(BBF10K_003379)_15nM,199.99999999999997,220925_ark_384_sTUFPlibrary,384PP_AQ_BP2,B1,220817_assembly_sTUFPlibrary,384_PCR_plate Framestar - 4titude,H8
pCM391,RBS_BT1_BCD2_pelB(BBF10K_003393)_15nM,199.99999999999997,220925_ark_384_sTUFPlibrary,384PP_AQ_BP2,F1,220817_assembly_sTUFPlibrary,384_PCR_plate Framestar - 4titude,H8
pCM391,Ntag_His_TEVcut(BBF10K_003407_15nM,199.99999999999997,220925_ark_384_sTUFPlibrary,384PP_AQ_BP2,A2,220817_assembly_sTUFPlibrary,384_PCR_plate Framestar - 4titude,H8
pCM391,CDS_Eco31I(BBF10K_003292)_15nM,199.99999999999997,220925_ark_384_sTUFPlibrary,384PP_AQ_BP2,B2,220817_assembly_sTUFPlibrary,384_PCR_plate Framestar - 4titude,H8
pCM391,T_TZ(BBF10K_003477)_15nM,199.99999999999997,220925_ark_384_sTUFPlibrary,384PP_AQ_BP2,H2,220817_assembly_sTUFPlibrary,384_PCR_plate Framestar - 4titude,H8
pCM391,DV_pTi_5nM,199.99999999999997,220925_ark_384_sTUFPlibrary,384PP_AQ_BP2,B3,220817_assembly_sTUFPlibrary,384_PCR_plate Framestar - 4titude,H8
pCM392,P_T7_lacO(BBF10K_003379)_15nM,199.99999999999997,220925_ark_384_sTUFPlibrary,384PP_AQ_BP2,B1,220817_assembly_sTUFPlibrary,384_PCR_plate Framestar - 4titude,I8
pCM392,RBS_BT1_BCD2_pelB(BBF10K_003393)_15nM,199.99999999999997,220925_ark_384_sTUFPlibrary,384PP_AQ_BP2,F1,220817_assembly_sTUFPlibrary,384_PCR_plate Framestar - 4titude,I8
pCM392,Ntag_His_TEVcut(BBF10K_003407_15nM,199.99999999999997,220925_ark_384_sTUFPlibrary,384PP_AQ_BP2,A2,220817_assembly_sTUFPlibrary,384_PCR_plate Framestar - 4titude,I8
pCM392,CDS_EcoRI(BBF10K_003281)_15nM,199.99999999999997,220925_ark_384_sTUFPlibrary,384PP_AQ_BP2,C2,220817_assembly_sTUFPlibrary,384_PCR_plate Framestar - 4titude,I8
pCM392,T_TZ(BBF10K_003477)_15nM,199.99999999999997,220925_ark_384_sTUFPlibrary,384PP_AQ_BP2,H2,220817_assembly_sTUFPlibrary,384_PCR_plate Framestar - 4titude,I8
pCM392,DV_pTi_5nM,199.99999999999997,220925_ark_384_sTUFPlibrary,384PP_AQ_BP2,B3,220817_assembly_sTUFPlibrary,384_PCR_plate Framestar - 4titude,I8
pCM393,P_T7_lacO(BBF10K_003379)_15nM,199.99999999999997,220925_ark_384_sTUFPlibrary,384PP_AQ_BP2,B1,220817_assembly_sTUFPlibrary,384_PCR_plate Framestar - 4titude,J8
pCM393,RBS_BT1_BCD2_pelB(BBF10K_003393)_15nM,199.99999999999997,220925_ark_384_sTUFPlibrary,384PP_AQ_BP2,F1,220817_assembly_sTUFPlibrary,384_PCR_plate Framestar - 4titude,J8
pCM393,Ntag_His_TEVcut(BBF10K_003407_15nM,199.99999999999997,220925_ark_384_sTUFPlibrary,384PP_AQ_BP2,A2,220817_assembly_sTUFPlibrary,384_PCR_plate Framestar - 4titude,J8
pCM393,CDS_NotI(BBF10K_003300)_15nM,199.99999999999997,220925_ark_384_sTUFPlibrary,384PP_AQ_BP2,D2,220817_assembly_sTUFPlibrary,384_PCR_plate Framestar - 4titude,J8
pCM393,T_TZ(BBF10K_003477)_15nM,199.99999999999997,220925_ark_384_sTUFPlibrary,384PP_AQ_BP2,H2,220817_assembly_sTUFPlibrary,384_PCR_plate Framestar - 4titude,J8
pCM393,DV_pTi_5nM,199.99999999999997,220925_ark_384_sTUFPlibrary,384PP_AQ_BP2,B3,220817_assembly_sTUFPlibrary,384_PCR_plate Framestar - 4titude,J8
pCM394,P_T7_lacO(BBF10K_003379)_15nM,199.99999999999997,220925_ark_384_sTUFPlibrary,384PP_AQ_BP2,B1,220817_assembly_sTUFPlibrary,384_PCR_plate Framestar - 4titude,K8
pCM394,RBS_BT1_BCD2_pelB(BBF10K_003393)_15nM,199.99999999999997,220925_ark_384_sTUFPlibrary,384PP_AQ_BP2,F1,220817_assembly_sTUFPlibrary,384_PCR_plate Framestar - 4titude,K8
pCM394,Ntag_His_TEVcut(BBF10K_003407_15nM,199.99999999999997,220925_ark_384_sTUFPlibrary,384PP_AQ_BP2,A2,220817_assembly_sTUFPlibrary,384_PCR_plate Framestar - 4titude,K8
pCM394,CDS_PstI(BBF10K_003283)_15nM,199.99999999999997,220925_ark_384_sTUFPlibrary,384PP_AQ_BP2,E2,220817_assembly_sTUFPlibrary,384_PCR_plate Framestar - 4titude,K8
pCM394,T_TZ(BBF10K_003477)_15nM,199.99999999999997,220925_ark_384_sTUFPlibrary,384PP_AQ_BP2,H2,220817_assembly_sTUFPlibrary,384_PCR_plate Framestar - 4titude,K8
pCM394,DV_pTi_5nM,199.99999999999997,220925_ark_384_sTUFPlibrary,384PP_AQ_BP2,B3,220817_assembly_sTUFPlibrary,384_PCR_plate Framestar - 4titude,K8
pCM395,P_T7_lacO(BBF10K_003379)_15nM,199.99999999999997,220925_ark_384_sTUFPlibrary,384PP_AQ_BP2,B1,220817_assembly_sTUFPlibrary,384_PCR_plate Framestar - 4titude,L8
pCM395,RBS_BT1_BCD2_pelB(BBF10K_003393)_15nM,199.99999999999997,220925_ark_384_sTUFPlibrary,384PP_AQ_BP2,F1,220817_assembly_sTUFPlibrary,384_PCR_plate Framestar - 4titude,L8
pCM395,Ntag_His_TEVcut(BBF10K_003407_15nM,199.99999999999997,220925_ark_384_sTUFPlibrary,384PP_AQ_BP2,A2,220817_assembly_sTUFPlibrary,384_PCR_plate Framestar - 4titude,L8
pCM395,CDS_SapI(BBF10K_003295)_15nM,199.99999999999997,220925_ark_384_sTUFPlibrary,384PP_AQ_BP2,F2,220817_assembly_sTUFPlibrary,384_PCR_plate Framestar - 4titude,L8
pCM395,T_TZ(BBF10K_003477)_15nM,199.99999999999997,220925_ark_384_sTUFPlibrary,384PP_AQ_BP2,H2,220817_assembly_sTUFPlibrary,384_PCR_plate Framestar - 4titude,L8
pCM395,DV_pTi_5nM,199.99999999999997,220925_ark_384_sTUFPlibrary,384PP_AQ_BP2,B3,220817_assembly_sTUFPlibrary,384_PCR_plate Framestar - 4titude,L8
pCM396,P_T7_lacO(BBF10K_003379)_15nM,199.99999999999997,220925_ark_384_sTUFPlibrary,384PP_AQ_BP2,B1,220817_assembly_sTUFPlibrary,384_PCR_plate Framestar - 4titude,M8
pCM396,RBS_BT1_BCD2_pelB(BBF10K_003393)_15nM,199.99999999999997,220925_ark_384_sTUFPlibrary,384PP_AQ_BP2,F1,220817_assembly_sTUFPlibrary,384_PCR_plate Framestar - 4titude,M8
pCM396,Ntag_His_TEVcut(BBF10K_003407_15nM,199.99999999999997,220925_ark_384_sTUFPlibrary,384PP_AQ_BP2,A2,220817_assembly_sTUFPlibrary,384_PCR_plate Framestar - 4titude,M8
pCM396,CDS_XbaI(BBF10K_003298)_15nM,199.99999999999997,220925_ark_384_sTUFPlibrary,384PP_AQ_BP2,G2,220817_assembly_sTUFPlibrary,384_PCR_plate Framestar - 4titude,M8
pCM396,T_TZ(BBF10K_003477)_15nM,199.99999999999997,220925_ark_384_sTUFPlibrary,384PP_AQ_BP2,H2,220817_assembly_sTUFPlibrary,384_PCR_plate Framestar - 4titude,M8
pCM396,DV_pTi_5nM,199.99999999999997,220925_ark_384_sTUFPlibrary,384PP_AQ_BP2,B3,220817_assembly_sTUFPlibrary,384_PCR_plate Framestar - 4titude,M8
