assembly_ID,assembly_description,Module A | Part 1: Promoter,Module A | Part 2: RBS,Module A | Part 3 & 4: Tag1and2,Module A | Part 5: CDS,Module A | Part 6: Terminator,Module A | Part 7: LVL1 Destination Vector,assembly_tube,assembly_date
pCM301,P_T7(BBF10K_003378)_15nM|RBS_BT1_BCD2(BBF10K_003384)_15nM|Ntag1_R5(BBF10K_003399)_15nM-Ntag2_TEVcut(BBF10K_003418)_15nM|CDS_Eco31I(BBF10K_003292)_15nM|T_TZ(BBF10K_003477)_15nM|DV_pTi_5nM,P_T7(BBF10K_003378)_15nM,RBS_BT1_BCD2(BBF10K_003384)_15nM,Ntag1_R5(BBF10K_003399)_15nM-Ntag2_TEVcut(BBF10K_003418)_15nM,CDS_Eco31I(BBF10K_003292)_15nM,T_TZ(BBF10K_003477)_15nM,DV_pTi_5nM,B2,2023-06-04
pCM302,P_T7(BBF10K_003378)_15nM|RBS_BT1_BCD2(BBF10K_003384)_15nM|Ntag1_R5(BBF10K_003399)_15nM-Ntag2_TEVcut(BBF10K_003418)_15nM|CDS_EcoRI(BBF10K_003281)_15nM|T_TZ(BBF10K_003477)_15nM|DV_pTi_5nM,P_T7(BBF10K_003378)_15nM,RBS_BT1_BCD2(BBF10K_003384)_15nM,Ntag1_R5(BBF10K_003399)_15nM-Ntag2_TEVcut(BBF10K_003418)_15nM,CDS_EcoRI(BBF10K_003281)_15nM,T_TZ(BBF10K_003477)_15nM,DV_pTi_5nM,C2,2023-06-04
pCM303,P_T7(BBF10K_003378)_15nM|RBS_BT1_BCD2(BBF10K_003384)_15nM|Ntag1_R5(BBF10K_003399)_15nM-Ntag2_TEVcut(BBF10K_003418)_15nM|CDS_NotI(BBF10K_003300)_15nM|T_TZ(BBF10K_003477)_15nM|DV_pTi_5nM,P_T7(BBF10K_003378)_15nM,RBS_BT1_BCD2(BBF10K_003384)_15nM,Ntag1_R5(BBF10K_003399)_15nM-Ntag2_TEVcut(BBF10K_003418)_15nM,CDS_NotI(BBF10K_003300)_15nM,T_TZ(BBF10K_003477)_15nM,DV_pTi_5nM,D2,2023-06-04
pCM304,P_T7(BBF10K_003378)_15nM|RBS_BT1_BCD2(BBF10K_003384)_15nM|Ntag1_R5(BBF10K_003399)_15nM-Ntag2_TEVcut(BBF10K_003418)_15nM|CDS_PstI(BBF10K_003283)_15nM|T_TZ(BBF10K_003477)_15nM|DV_pTi_5nM,P_T7(BBF10K_003378)_15nM,RBS_BT1_BCD2(BBF10K_003384)_15nM,Ntag1_R5(BBF10K_003399)_15nM-Ntag2_TEVcut(BBF10K_003418)_15nM,CDS_PstI(BBF10K_003283)_15nM,T_TZ(BBF10K_003477)_15nM,DV_pTi_5nM,E2,2023-06-04
pCM305,P_T7(BBF10K_003378)_15nM|RBS_BT1_BCD2(BBF10K_003384)_15nM|Ntag1_R5(BBF10K_003399)_15nM-Ntag2_TEVcut(BBF10K_003418)_15nM|CDS_SapI(BBF10K_003295)_15nM|T_TZ(BBF10K_003477)_15nM|DV_pTi_5nM,P_T7(BBF10K_003378)_15nM,RBS_BT1_BCD2(BBF10K_003384)_15nM,Ntag1_R5(BBF10K_003399)_15nM-Ntag2_TEVcut(BBF10K_003418)_15nM,CDS_SapI(BBF10K_003295)_15nM,T_TZ(BBF10K_003477)_15nM,DV_pTi_5nM,F2,2023-06-04
pCM306,P_T7(BBF10K_003378)_15nM|RBS_BT1_BCD2(BBF10K_003384)_15nM|Ntag1_R5(BBF10K_003399)_15nM-Ntag2_TEVcut(BBF10K_003418)_15nM|CDS_XbaI(BBF10K_003298)_15nM|T_TZ(BBF10K_003477)_15nM|DV_pTi_5nM,P_T7(BBF10K_003378)_15nM,RBS_BT1_BCD2(BBF10K_003384)_15nM,Ntag1_R5(BBF10K_003399)_15nM-Ntag2_TEVcut(BBF10K_003418)_15nM,CDS_XbaI(BBF10K_003298)_15nM,T_TZ(BBF10K_003477)_15nM,DV_pTi_5nM,G2,2023-06-04
pCM307,P_T7(BBF10K_003378)_15nM|RBS_BT1_BCD2(BBF10K_003384)_15nM|Ntag_His_TEVcut(BBF10K_003407_15nM|CDS_Eco31I(BBF10K_003292)_15nM|T_TZ(BBF10K_003477)_15nM|DV_pTi_5nM,P_T7(BBF10K_003378)_15nM,RBS_BT1_BCD2(BBF10K_003384)_15nM,Ntag_His_TEVcut(BBF10K_003407_15nM,CDS_Eco31I(BBF10K_003292)_15nM,T_TZ(BBF10K_003477)_15nM,DV_pTi_5nM,H2,2023-06-04
pCM308,P_T7(BBF10K_003378)_15nM|RBS_BT1_BCD2(BBF10K_003384)_15nM|Ntag_His_TEVcut(BBF10K_003407_15nM|CDS_EcoRI(BBF10K_003281)_15nM|T_TZ(BBF10K_003477)_15nM|DV_pTi_5nM,P_T7(BBF10K_003378)_15nM,RBS_BT1_BCD2(BBF10K_003384)_15nM,Ntag_His_TEVcut(BBF10K_003407_15nM,CDS_EcoRI(BBF10K_003281)_15nM,T_TZ(BBF10K_003477)_15nM,DV_pTi_5nM,I2,2023-06-04
pCM309,P_T7(BBF10K_003378)_15nM|RBS_BT1_BCD2(BBF10K_003384)_15nM|Ntag_His_TEVcut(BBF10K_003407_15nM|CDS_NotI(BBF10K_003300)_15nM|T_TZ(BBF10K_003477)_15nM|DV_pTi_5nM,P_T7(BBF10K_003378)_15nM,RBS_BT1_BCD2(BBF10K_003384)_15nM,Ntag_His_TEVcut(BBF10K_003407_15nM,CDS_NotI(BBF10K_003300)_15nM,T_TZ(BBF10K_003477)_15nM,DV_pTi_5nM,J2,2023-06-04
pCM310,P_T7(BBF10K_003378)_15nM|RBS_BT1_BCD2(BBF10K_003384)_15nM|Ntag_His_TEVcut(BBF10K_003407_15nM|CDS_PstI(BBF10K_003283)_15nM|T_TZ(BBF10K_003477)_15nM|DV_pTi_5nM,P_T7(BBF10K_003378)_15nM,RBS_BT1_BCD2(BBF10K_003384)_15nM,Ntag_His_TEVcut(BBF10K_003407_15nM,CDS_PstI(BBF10K_003283)_15nM,T_TZ(BBF10K_003477)_15nM,DV_pTi_5nM,K2,2023-06-04
pCM311,P_T7(BBF10K_003378)_15nM|RBS_BT1_BCD2(BBF10K_003384)_15nM|Ntag_His_TEVcut(BBF10K_003407_15nM|CDS_SapI(BBF10K_003295)_15nM|T_TZ(BBF10K_003477)_15nM|DV_pTi_5nM,P_T7(BBF10K_003378)_15nM,RBS_BT1_BCD2(BBF10K_003384)_15nM,Ntag_His_TEVcut(BBF10K_003407_15nM,CDS_SapI(BBF10K_003295)_15nM,T_TZ(BBF10K_003477)_15nM,DV_pTi_5nM,L2,2023-06-04
pCM312,P_T7(BBF10K_003378)_15nM|RBS_BT1_BCD2(BBF10K_003384)_15nM|Ntag_His_TEVcut(BBF10K_003407_15nM|CDS_XbaI(BBF10K_003298)_15nM|T_TZ(BBF10K_003477)_15nM|DV_pTi_5nM,P_T7(BBF10K_003378)_15nM,RBS_BT1_BCD2(BBF10K_003384)_15nM,Ntag_His_TEVcut(BBF10K_003407_15nM,CDS_XbaI(BBF10K_003298)_15nM,T_TZ(BBF10K_003477)_15nM,DV_pTi_5nM,M2,2023-06-04
pCM313,P_T7(BBF10K_003378)_15nM|RBS_BT1_BCD2_DsbA(BBF10K_003391)_15nM|Ntag1_R5(BBF10K_003399)_15nM-Ntag2_TEVcut(BBF10K_003418)_15nM|CDS_Eco31I(BBF10K_003292)_15nM|T_TZ(BBF10K_003477)_15nM|DV_pTi_5nM,P_T7(BBF10K_003378)_15nM,RBS_BT1_BCD2_DsbA(BBF10K_003391)_15nM,Ntag1_R5(BBF10K_003399)_15nM-Ntag2_TEVcut(BBF10K_003418)_15nM,CDS_Eco31I(BBF10K_003292)_15nM,T_TZ(BBF10K_003477)_15nM,DV_pTi_5nM,N2,2023-06-04
pCM314,P_T7(BBF10K_003378)_15nM|RBS_BT1_BCD2_DsbA(BBF10K_003391)_15nM|Ntag1_R5(BBF10K_003399)_15nM-Ntag2_TEVcut(BBF10K_003418)_15nM|CDS_EcoRI(BBF10K_003281)_15nM|T_TZ(BBF10K_003477)_15nM|DV_pTi_5nM,P_T7(BBF10K_003378)_15nM,RBS_BT1_BCD2_DsbA(BBF10K_003391)_15nM,Ntag1_R5(BBF10K_003399)_15nM-Ntag2_TEVcut(BBF10K_003418)_15nM,CDS_EcoRI(BBF10K_003281)_15nM,T_TZ(BBF10K_003477)_15nM,DV_pTi_5nM,O2,2023-06-04
pCM315,P_T7(BBF10K_003378)_15nM|RBS_BT1_BCD2_DsbA(BBF10K_003391)_15nM|Ntag1_R5(BBF10K_003399)_15nM-Ntag2_TEVcut(BBF10K_003418)_15nM|CDS_NotI(BBF10K_003300)_15nM|T_TZ(BBF10K_003477)_15nM|DV_pTi_5nM,P_T7(BBF10K_003378)_15nM,RBS_BT1_BCD2_DsbA(BBF10K_003391)_15nM,Ntag1_R5(BBF10K_003399)_15nM-Ntag2_TEVcut(BBF10K_003418)_15nM,CDS_NotI(BBF10K_003300)_15nM,T_TZ(BBF10K_003477)_15nM,DV_pTi_5nM,B3,2023-06-04
pCM316,P_T7(BBF10K_003378)_15nM|RBS_BT1_BCD2_DsbA(BBF10K_003391)_15nM|Ntag1_R5(BBF10K_003399)_15nM-Ntag2_TEVcut(BBF10K_003418)_15nM|CDS_PstI(BBF10K_003283)_15nM|T_TZ(BBF10K_003477)_15nM|DV_pTi_5nM,P_T7(BBF10K_003378)_15nM,RBS_BT1_BCD2_DsbA(BBF10K_003391)_15nM,Ntag1_R5(BBF10K_003399)_15nM-Ntag2_TEVcut(BBF10K_003418)_15nM,CDS_PstI(BBF10K_003283)_15nM,T_TZ(BBF10K_003477)_15nM,DV_pTi_5nM,C3,2023-06-04
pCM317,P_T7(BBF10K_003378)_15nM|RBS_BT1_BCD2_DsbA(BBF10K_003391)_15nM|Ntag1_R5(BBF10K_003399)_15nM-Ntag2_TEVcut(BBF10K_003418)_15nM|CDS_SapI(BBF10K_003295)_15nM|T_TZ(BBF10K_003477)_15nM|DV_pTi_5nM,P_T7(BBF10K_003378)_15nM,RBS_BT1_BCD2_DsbA(BBF10K_003391)_15nM,Ntag1_R5(BBF10K_003399)_15nM-Ntag2_TEVcut(BBF10K_003418)_15nM,CDS_SapI(BBF10K_003295)_15nM,T_TZ(BBF10K_003477)_15nM,DV_pTi_5nM,D3,2023-06-04
pCM318,P_T7(BBF10K_003378)_15nM|RBS_BT1_BCD2_DsbA(BBF10K_003391)_15nM|Ntag1_R5(BBF10K_003399)_15nM-Ntag2_TEVcut(BBF10K_003418)_15nM|CDS_XbaI(BBF10K_003298)_15nM|T_TZ(BBF10K_003477)_15nM|DV_pTi_5nM,P_T7(BBF10K_003378)_15nM,RBS_BT1_BCD2_DsbA(BBF10K_003391)_15nM,Ntag1_R5(BBF10K_003399)_15nM-Ntag2_TEVcut(BBF10K_003418)_15nM,CDS_XbaI(BBF10K_003298)_15nM,T_TZ(BBF10K_003477)_15nM,DV_pTi_5nM,E3,2023-06-04
pCM319,P_T7(BBF10K_003378)_15nM|RBS_BT1_BCD2_DsbA(BBF10K_003391)_15nM|Ntag_His_TEVcut(BBF10K_003407_15nM|CDS_Eco31I(BBF10K_003292)_15nM|T_TZ(BBF10K_003477)_15nM|DV_pTi_5nM,P_T7(BBF10K_003378)_15nM,RBS_BT1_BCD2_DsbA(BBF10K_003391)_15nM,Ntag_His_TEVcut(BBF10K_003407_15nM,CDS_Eco31I(BBF10K_003292)_15nM,T_TZ(BBF10K_003477)_15nM,DV_pTi_5nM,F3,2023-06-04
pCM320,P_T7(BBF10K_003378)_15nM|RBS_BT1_BCD2_DsbA(BBF10K_003391)_15nM|Ntag_His_TEVcut(BBF10K_003407_15nM|CDS_EcoRI(BBF10K_003281)_15nM|T_TZ(BBF10K_003477)_15nM|DV_pTi_5nM,P_T7(BBF10K_003378)_15nM,RBS_BT1_BCD2_DsbA(BBF10K_003391)_15nM,Ntag_His_TEVcut(BBF10K_003407_15nM,CDS_EcoRI(BBF10K_003281)_15nM,T_TZ(BBF10K_003477)_15nM,DV_pTi_5nM,G3,2023-06-04
pCM321,P_T7(BBF10K_003378)_15nM|RBS_BT1_BCD2_DsbA(BBF10K_003391)_15nM|Ntag_His_TEVcut(BBF10K_003407_15nM|CDS_NotI(BBF10K_003300)_15nM|T_TZ(BBF10K_003477)_15nM|DV_pTi_5nM,P_T7(BBF10K_003378)_15nM,RBS_BT1_BCD2_DsbA(BBF10K_003391)_15nM,Ntag_His_TEVcut(BBF10K_003407_15nM,CDS_NotI(BBF10K_003300)_15nM,T_TZ(BBF10K_003477)_15nM,DV_pTi_5nM,H3,2023-06-04
pCM322,P_T7(BBF10K_003378)_15nM|RBS_BT1_BCD2_DsbA(BBF10K_003391)_15nM|Ntag_His_TEVcut(BBF10K_003407_15nM|CDS_PstI(BBF10K_003283)_15nM|T_TZ(BBF10K_003477)_15nM|DV_pTi_5nM,P_T7(BBF10K_003378)_15nM,RBS_BT1_BCD2_DsbA(BBF10K_003391)_15nM,Ntag_His_TEVcut(BBF10K_003407_15nM,CDS_PstI(BBF10K_003283)_15nM,T_TZ(BBF10K_003477)_15nM,DV_pTi_5nM,I3,2023-06-04
pCM323,P_T7(BBF10K_003378)_15nM|RBS_BT1_BCD2_DsbA(BBF10K_003391)_15nM|Ntag_His_TEVcut(BBF10K_003407_15nM|CDS_SapI(BBF10K_003295)_15nM|T_TZ(BBF10K_003477)_15nM|DV_pTi_5nM,P_T7(BBF10K_003378)_15nM,RBS_BT1_BCD2_DsbA(BBF10K_003391)_15nM,Ntag_His_TEVcut(BBF10K_003407_15nM,CDS_SapI(BBF10K_003295)_15nM,T_TZ(BBF10K_003477)_15nM,DV_pTi_5nM,J3,2023-06-04
pCM324,P_T7(BBF10K_003378)_15nM|RBS_BT1_BCD2_DsbA(BBF10K_003391)_15nM|Ntag_His_TEVcut(BBF10K_003407_15nM|CDS_XbaI(BBF10K_003298)_15nM|T_TZ(BBF10K_003477)_15nM|DV_pTi_5nM,P_T7(BBF10K_003378)_15nM,RBS_BT1_BCD2_DsbA(BBF10K_003391)_15nM,Ntag_His_TEVcut(BBF10K_003407_15nM,CDS_XbaI(BBF10K_003298)_15nM,T_TZ(BBF10K_003477)_15nM,DV_pTi_5nM,K3,2023-06-04
pCM325,P_T7(BBF10K_003378)_15nM|RBS_BT1_BCD2_OmpT(BBF10K_003392)_15nM|Ntag1_R5(BBF10K_003399)_15nM-Ntag2_TEVcut(BBF10K_003418)_15nM|CDS_Eco31I(BBF10K_003292)_15nM|T_TZ(BBF10K_003477)_15nM|DV_pTi_5nM,P_T7(BBF10K_003378)_15nM,RBS_BT1_BCD2_OmpT(BBF10K_003392)_15nM,Ntag1_R5(BBF10K_003399)_15nM-Ntag2_TEVcut(BBF10K_003418)_15nM,CDS_Eco31I(BBF10K_003292)_15nM,T_TZ(BBF10K_003477)_15nM,DV_pTi_5nM,L3,2023-06-04
pCM326,P_T7(BBF10K_003378)_15nM|RBS_BT1_BCD2_OmpT(BBF10K_003392)_15nM|Ntag1_R5(BBF10K_003399)_15nM-Ntag2_TEVcut(BBF10K_003418)_15nM|CDS_EcoRI(BBF10K_003281)_15nM|T_TZ(BBF10K_003477)_15nM|DV_pTi_5nM,P_T7(BBF10K_003378)_15nM,RBS_BT1_BCD2_OmpT(BBF10K_003392)_15nM,Ntag1_R5(BBF10K_003399)_15nM-Ntag2_TEVcut(BBF10K_003418)_15nM,CDS_EcoRI(BBF10K_003281)_15nM,T_TZ(BBF10K_003477)_15nM,DV_pTi_5nM,M3,2023-06-04
pCM327,P_T7(BBF10K_003378)_15nM|RBS_BT1_BCD2_OmpT(BBF10K_003392)_15nM|Ntag1_R5(BBF10K_003399)_15nM-Ntag2_TEVcut(BBF10K_003418)_15nM|CDS_NotI(BBF10K_003300)_15nM|T_TZ(BBF10K_003477)_15nM|DV_pTi_5nM,P_T7(BBF10K_003378)_15nM,RBS_BT1_BCD2_OmpT(BBF10K_003392)_15nM,Ntag1_R5(BBF10K_003399)_15nM-Ntag2_TEVcut(BBF10K_003418)_15nM,CDS_NotI(BBF10K_003300)_15nM,T_TZ(BBF10K_003477)_15nM,DV_pTi_5nM,N3,2023-06-04
pCM328,P_T7(BBF10K_003378)_15nM|RBS_BT1_BCD2_OmpT(BBF10K_003392)_15nM|Ntag1_R5(BBF10K_003399)_15nM-Ntag2_TEVcut(BBF10K_003418)_15nM|CDS_PstI(BBF10K_003283)_15nM|T_TZ(BBF10K_003477)_15nM|DV_pTi_5nM,P_T7(BBF10K_003378)_15nM,RBS_BT1_BCD2_OmpT(BBF10K_003392)_15nM,Ntag1_R5(BBF10K_003399)_15nM-Ntag2_TEVcut(BBF10K_003418)_15nM,CDS_PstI(BBF10K_003283)_15nM,T_TZ(BBF10K_003477)_15nM,DV_pTi_5nM,O3,2023-06-04
pCM329,P_T7(BBF10K_003378)_15nM|RBS_BT1_BCD2_OmpT(BBF10K_003392)_15nM|Ntag1_R5(BBF10K_003399)_15nM-Ntag2_TEVcut(BBF10K_003418)_15nM|CDS_SapI(BBF10K_003295)_15nM|T_TZ(BBF10K_003477)_15nM|DV_pTi_5nM,P_T7(BBF10K_003378)_15nM,RBS_BT1_BCD2_OmpT(BBF10K_003392)_15nM,Ntag1_R5(BBF10K_003399)_15nM-Ntag2_TEVcut(BBF10K_003418)_15nM,CDS_SapI(BBF10K_003295)_15nM,T_TZ(BBF10K_003477)_15nM,DV_pTi_5nM,B4,2023-06-04
pCM330,P_T7(BBF10K_003378)_15nM|RBS_BT1_BCD2_OmpT(BBF10K_003392)_15nM|Ntag1_R5(BBF10K_003399)_15nM-Ntag2_TEVcut(BBF10K_003418)_15nM|CDS_XbaI(BBF10K_003298)_15nM|T_TZ(BBF10K_003477)_15nM|DV_pTi_5nM,P_T7(BBF10K_003378)_15nM,RBS_BT1_BCD2_OmpT(BBF10K_003392)_15nM,Ntag1_R5(BBF10K_003399)_15nM-Ntag2_TEVcut(BBF10K_003418)_15nM,CDS_XbaI(BBF10K_003298)_15nM,T_TZ(BBF10K_003477)_15nM,DV_pTi_5nM,C4,2023-06-04
pCM331,P_T7(BBF10K_003378)_15nM|RBS_BT1_BCD2_OmpT(BBF10K_003392)_15nM|Ntag_His_TEVcut(BBF10K_003407_15nM|CDS_Eco31I(BBF10K_003292)_15nM|T_TZ(BBF10K_003477)_15nM|DV_pTi_5nM,P_T7(BBF10K_003378)_15nM,RBS_BT1_BCD2_OmpT(BBF10K_003392)_15nM,Ntag_His_TEVcut(BBF10K_003407_15nM,CDS_Eco31I(BBF10K_003292)_15nM,T_TZ(BBF10K_003477)_15nM,DV_pTi_5nM,D4,2023-06-04
pCM332,P_T7(BBF10K_003378)_15nM|RBS_BT1_BCD2_OmpT(BBF10K_003392)_15nM|Ntag_His_TEVcut(BBF10K_003407_15nM|CDS_EcoRI(BBF10K_003281)_15nM|T_TZ(BBF10K_003477)_15nM|DV_pTi_5nM,P_T7(BBF10K_003378)_15nM,RBS_BT1_BCD2_OmpT(BBF10K_003392)_15nM,Ntag_His_TEVcut(BBF10K_003407_15nM,CDS_EcoRI(BBF10K_003281)_15nM,T_TZ(BBF10K_003477)_15nM,DV_pTi_5nM,E4,2023-06-04
pCM333,P_T7(BBF10K_003378)_15nM|RBS_BT1_BCD2_OmpT(BBF10K_003392)_15nM|Ntag_His_TEVcut(BBF10K_003407_15nM|CDS_NotI(BBF10K_003300)_15nM|T_TZ(BBF10K_003477)_15nM|DV_pTi_5nM,P_T7(BBF10K_003378)_15nM,RBS_BT1_BCD2_OmpT(BBF10K_003392)_15nM,Ntag_His_TEVcut(BBF10K_003407_15nM,CDS_NotI(BBF10K_003300)_15nM,T_TZ(BBF10K_003477)_15nM,DV_pTi_5nM,F4,2023-06-04
pCM334,P_T7(BBF10K_003378)_15nM|RBS_BT1_BCD2_OmpT(BBF10K_003392)_15nM|Ntag_His_TEVcut(BBF10K_003407_15nM|CDS_PstI(BBF10K_003283)_15nM|T_TZ(BBF10K_003477)_15nM|DV_pTi_5nM,P_T7(BBF10K_003378)_15nM,RBS_BT1_BCD2_OmpT(BBF10K_003392)_15nM,Ntag_His_TEVcut(BBF10K_003407_15nM,CDS_PstI(BBF10K_003283)_15nM,T_TZ(BBF10K_003477)_15nM,DV_pTi_5nM,G4,2023-06-04
pCM335,P_T7(BBF10K_003378)_15nM|RBS_BT1_BCD2_OmpT(BBF10K_003392)_15nM|Ntag_His_TEVcut(BBF10K_003407_15nM|CDS_SapI(BBF10K_003295)_15nM|T_TZ(BBF10K_003477)_15nM|DV_pTi_5nM,P_T7(BBF10K_003378)_15nM,RBS_BT1_BCD2_OmpT(BBF10K_003392)_15nM,Ntag_His_TEVcut(BBF10K_003407_15nM,CDS_SapI(BBF10K_003295)_15nM,T_TZ(BBF10K_003477)_15nM,DV_pTi_5nM,H4,2023-06-04
pCM336,P_T7(BBF10K_003378)_15nM|RBS_BT1_BCD2_OmpT(BBF10K_003392)_15nM|Ntag_His_TEVcut(BBF10K_003407_15nM|CDS_XbaI(BBF10K_003298)_15nM|T_TZ(BBF10K_003477)_15nM|DV_pTi_5nM,P_T7(BBF10K_003378)_15nM,RBS_BT1_BCD2_OmpT(BBF10K_003392)_15nM,Ntag_His_TEVcut(BBF10K_003407_15nM,CDS_XbaI(BBF10K_003298)_15nM,T_TZ(BBF10K_003477)_15nM,DV_pTi_5nM,I4,2023-06-04
pCM337,P_T7(BBF10K_003378)_15nM|RBS_BT1_BCD2_pelB(BBF10K_003393)_15nM|Ntag1_R5(BBF10K_003399)_15nM-Ntag2_TEVcut(BBF10K_003418)_15nM|CDS_Eco31I(BBF10K_003292)_15nM|T_TZ(BBF10K_003477)_15nM|DV_pTi_5nM,P_T7(BBF10K_003378)_15nM,RBS_BT1_BCD2_pelB(BBF10K_003393)_15nM,Ntag1_R5(BBF10K_003399)_15nM-Ntag2_TEVcut(BBF10K_003418)_15nM,CDS_Eco31I(BBF10K_003292)_15nM,T_TZ(BBF10K_003477)_15nM,DV_pTi_5nM,J4,2023-06-04
pCM338,P_T7(BBF10K_003378)_15nM|RBS_BT1_BCD2_pelB(BBF10K_003393)_15nM|Ntag1_R5(BBF10K_003399)_15nM-Ntag2_TEVcut(BBF10K_003418)_15nM|CDS_EcoRI(BBF10K_003281)_15nM|T_TZ(BBF10K_003477)_15nM|DV_pTi_5nM,P_T7(BBF10K_003378)_15nM,RBS_BT1_BCD2_pelB(BBF10K_003393)_15nM,Ntag1_R5(BBF10K_003399)_15nM-Ntag2_TEVcut(BBF10K_003418)_15nM,CDS_EcoRI(BBF10K_003281)_15nM,T_TZ(BBF10K_003477)_15nM,DV_pTi_5nM,K4,2023-06-04
pCM339,P_T7(BBF10K_003378)_15nM|RBS_BT1_BCD2_pelB(BBF10K_003393)_15nM|Ntag1_R5(BBF10K_003399)_15nM-Ntag2_TEVcut(BBF10K_003418)_15nM|CDS_NotI(BBF10K_003300)_15nM|T_TZ(BBF10K_003477)_15nM|DV_pTi_5nM,P_T7(BBF10K_003378)_15nM,RBS_BT1_BCD2_pelB(BBF10K_003393)_15nM,Ntag1_R5(BBF10K_003399)_15nM-Ntag2_TEVcut(BBF10K_003418)_15nM,CDS_NotI(BBF10K_003300)_15nM,T_TZ(BBF10K_003477)_15nM,DV_pTi_5nM,L4,2023-06-04
pCM340,P_T7(BBF10K_003378)_15nM|RBS_BT1_BCD2_pelB(BBF10K_003393)_15nM|Ntag1_R5(BBF10K_003399)_15nM-Ntag2_TEVcut(BBF10K_003418)_15nM|CDS_PstI(BBF10K_003283)_15nM|T_TZ(BBF10K_003477)_15nM|DV_pTi_5nM,P_T7(BBF10K_003378)_15nM,RBS_BT1_BCD2_pelB(BBF10K_003393)_15nM,Ntag1_R5(BBF10K_003399)_15nM-Ntag2_TEVcut(BBF10K_003418)_15nM,CDS_PstI(BBF10K_003283)_15nM,T_TZ(BBF10K_003477)_15nM,DV_pTi_5nM,M4,2023-06-04
pCM341,P_T7(BBF10K_003378)_15nM|RBS_BT1_BCD2_pelB(BBF10K_003393)_15nM|Ntag1_R5(BBF10K_003399)_15nM-Ntag2_TEVcut(BBF10K_003418)_15nM|CDS_SapI(BBF10K_003295)_15nM|T_TZ(BBF10K_003477)_15nM|DV_pTi_5nM,P_T7(BBF10K_003378)_15nM,RBS_BT1_BCD2_pelB(BBF10K_003393)_15nM,Ntag1_R5(BBF10K_003399)_15nM-Ntag2_TEVcut(BBF10K_003418)_15nM,CDS_SapI(BBF10K_003295)_15nM,T_TZ(BBF10K_003477)_15nM,DV_pTi_5nM,N4,2023-06-04
pCM342,P_T7(BBF10K_003378)_15nM|RBS_BT1_BCD2_pelB(BBF10K_003393)_15nM|Ntag1_R5(BBF10K_003399)_15nM-Ntag2_TEVcut(BBF10K_003418)_15nM|CDS_XbaI(BBF10K_003298)_15nM|T_TZ(BBF10K_003477)_15nM|DV_pTi_5nM,P_T7(BBF10K_003378)_15nM,RBS_BT1_BCD2_pelB(BBF10K_003393)_15nM,Ntag1_R5(BBF10K_003399)_15nM-Ntag2_TEVcut(BBF10K_003418)_15nM,CDS_XbaI(BBF10K_003298)_15nM,T_TZ(BBF10K_003477)_15nM,DV_pTi_5nM,O4,2023-06-04
pCM343,P_T7(BBF10K_003378)_15nM|RBS_BT1_BCD2_pelB(BBF10K_003393)_15nM|Ntag_His_TEVcut(BBF10K_003407_15nM|CDS_Eco31I(BBF10K_003292)_15nM|T_TZ(BBF10K_003477)_15nM|DV_pTi_5nM,P_T7(BBF10K_003378)_15nM,RBS_BT1_BCD2_pelB(BBF10K_003393)_15nM,Ntag_His_TEVcut(BBF10K_003407_15nM,CDS_Eco31I(BBF10K_003292)_15nM,T_TZ(BBF10K_003477)_15nM,DV_pTi_5nM,B5,2023-06-04
pCM344,P_T7(BBF10K_003378)_15nM|RBS_BT1_BCD2_pelB(BBF10K_003393)_15nM|Ntag_His_TEVcut(BBF10K_003407_15nM|CDS_EcoRI(BBF10K_003281)_15nM|T_TZ(BBF10K_003477)_15nM|DV_pTi_5nM,P_T7(BBF10K_003378)_15nM,RBS_BT1_BCD2_pelB(BBF10K_003393)_15nM,Ntag_His_TEVcut(BBF10K_003407_15nM,CDS_EcoRI(BBF10K_003281)_15nM,T_TZ(BBF10K_003477)_15nM,DV_pTi_5nM,C5,2023-06-04
pCM345,P_T7(BBF10K_003378)_15nM|RBS_BT1_BCD2_pelB(BBF10K_003393)_15nM|Ntag_His_TEVcut(BBF10K_003407_15nM|CDS_NotI(BBF10K_003300)_15nM|T_TZ(BBF10K_003477)_15nM|DV_pTi_5nM,P_T7(BBF10K_003378)_15nM,RBS_BT1_BCD2_pelB(BBF10K_003393)_15nM,Ntag_His_TEVcut(BBF10K_003407_15nM,CDS_NotI(BBF10K_003300)_15nM,T_TZ(BBF10K_003477)_15nM,DV_pTi_5nM,D5,2023-06-04
pCM346,P_T7(BBF10K_003378)_15nM|RBS_BT1_BCD2_pelB(BBF10K_003393)_15nM|Ntag_His_TEVcut(BBF10K_003407_15nM|CDS_PstI(BBF10K_003283)_15nM|T_TZ(BBF10K_003477)_15nM|DV_pTi_5nM,P_T7(BBF10K_003378)_15nM,RBS_BT1_BCD2_pelB(BBF10K_003393)_15nM,Ntag_His_TEVcut(BBF10K_003407_15nM,CDS_PstI(BBF10K_003283)_15nM,T_TZ(BBF10K_003477)_15nM,DV_pTi_5nM,E5,2023-06-04
pCM347,P_T7(BBF10K_003378)_15nM|RBS_BT1_BCD2_pelB(BBF10K_003393)_15nM|Ntag_His_TEVcut(BBF10K_003407_15nM|CDS_SapI(BBF10K_003295)_15nM|T_TZ(BBF10K_003477)_15nM|DV_pTi_5nM,P_T7(BBF10K_003378)_15nM,RBS_BT1_BCD2_pelB(BBF10K_003393)_15nM,Ntag_His_TEVcut(BBF10K_003407_15nM,CDS_SapI(BBF10K_003295)_15nM,T_TZ(BBF10K_003477)_15nM,DV_pTi_5nM,F5,2023-06-04
pCM348,P_T7(BBF10K_003378)_15nM|RBS_BT1_BCD2_pelB(BBF10K_003393)_15nM|Ntag_His_TEVcut(BBF10K_003407_15nM|CDS_XbaI(BBF10K_003298)_15nM|T_TZ(BBF10K_003477)_15nM|DV_pTi_5nM,P_T7(BBF10K_003378)_15nM,RBS_BT1_BCD2_pelB(BBF10K_003393)_15nM,Ntag_His_TEVcut(BBF10K_003407_15nM,CDS_XbaI(BBF10K_003298)_15nM,T_TZ(BBF10K_003477)_15nM,DV_pTi_5nM,G5,2023-06-04
pCM349,P_T7_lacO(BBF10K_003379)_15nM|RBS_BT1_BCD2(BBF10K_003384)_15nM|Ntag1_R5(BBF10K_003399)_15nM-Ntag2_TEVcut(BBF10K_003418)_15nM|CDS_Eco31I(BBF10K_003292)_15nM|T_TZ(BBF10K_003477)_15nM|DV_pTi_5nM,P_T7_lacO(BBF10K_003379)_15nM,RBS_BT1_BCD2(BBF10K_003384)_15nM,Ntag1_R5(BBF10K_003399)_15nM-Ntag2_TEVcut(BBF10K_003418)_15nM,CDS_Eco31I(BBF10K_003292)_15nM,T_TZ(BBF10K_003477)_15nM,DV_pTi_5nM,H5,2023-06-04
pCM350,P_T7_lacO(BBF10K_003379)_15nM|RBS_BT1_BCD2(BBF10K_003384)_15nM|Ntag1_R5(BBF10K_003399)_15nM-Ntag2_TEVcut(BBF10K_003418)_15nM|CDS_EcoRI(BBF10K_003281)_15nM|T_TZ(BBF10K_003477)_15nM|DV_pTi_5nM,P_T7_lacO(BBF10K_003379)_15nM,RBS_BT1_BCD2(BBF10K_003384)_15nM,Ntag1_R5(BBF10K_003399)_15nM-Ntag2_TEVcut(BBF10K_003418)_15nM,CDS_EcoRI(BBF10K_003281)_15nM,T_TZ(BBF10K_003477)_15nM,DV_pTi_5nM,I5,2023-06-04
pCM351,P_T7_lacO(BBF10K_003379)_15nM|RBS_BT1_BCD2(BBF10K_003384)_15nM|Ntag1_R5(BBF10K_003399)_15nM-Ntag2_TEVcut(BBF10K_003418)_15nM|CDS_NotI(BBF10K_003300)_15nM|T_TZ(BBF10K_003477)_15nM|DV_pTi_5nM,P_T7_lacO(BBF10K_003379)_15nM,RBS_BT1_BCD2(BBF10K_003384)_15nM,Ntag1_R5(BBF10K_003399)_15nM-Ntag2_TEVcut(BBF10K_003418)_15nM,CDS_NotI(BBF10K_003300)_15nM,T_TZ(BBF10K_003477)_15nM,DV_pTi_5nM,J5,2023-06-04
pCM352,P_T7_lacO(BBF10K_003379)_15nM|RBS_BT1_BCD2(BBF10K_003384)_15nM|Ntag1_R5(BBF10K_003399)_15nM-Ntag2_TEVcut(BBF10K_003418)_15nM|CDS_PstI(BBF10K_003283)_15nM|T_TZ(BBF10K_003477)_15nM|DV_pTi_5nM,P_T7_lacO(BBF10K_003379)_15nM,RBS_BT1_BCD2(BBF10K_003384)_15nM,Ntag1_R5(BBF10K_003399)_15nM-Ntag2_TEVcut(BBF10K_003418)_15nM,CDS_PstI(BBF10K_003283)_15nM,T_TZ(BBF10K_003477)_15nM,DV_pTi_5nM,K5,2023-06-04
pCM353,P_T7_lacO(BBF10K_003379)_15nM|RBS_BT1_BCD2(BBF10K_003384)_15nM|Ntag1_R5(BBF10K_003399)_15nM-Ntag2_TEVcut(BBF10K_003418)_15nM|CDS_SapI(BBF10K_003295)_15nM|T_TZ(BBF10K_003477)_15nM|DV_pTi_5nM,P_T7_lacO(BBF10K_003379)_15nM,RBS_BT1_BCD2(BBF10K_003384)_15nM,Ntag1_R5(BBF10K_003399)_15nM-Ntag2_TEVcut(BBF10K_003418)_15nM,CDS_SapI(BBF10K_003295)_15nM,T_TZ(BBF10K_003477)_15nM,DV_pTi_5nM,L5,2023-06-04
pCM354,P_T7_lacO(BBF10K_003379)_15nM|RBS_BT1_BCD2(BBF10K_003384)_15nM|Ntag1_R5(BBF10K_003399)_15nM-Ntag2_TEVcut(BBF10K_003418)_15nM|CDS_XbaI(BBF10K_003298)_15nM|T_TZ(BBF10K_003477)_15nM|DV_pTi_5nM,P_T7_lacO(BBF10K_003379)_15nM,RBS_BT1_BCD2(BBF10K_003384)_15nM,Ntag1_R5(BBF10K_003399)_15nM-Ntag2_TEVcut(BBF10K_003418)_15nM,CDS_XbaI(BBF10K_003298)_15nM,T_TZ(BBF10K_003477)_15nM,DV_pTi_5nM,M5,2023-06-04
pCM355,P_T7_lacO(BBF10K_003379)_15nM|RBS_BT1_BCD2(BBF10K_003384)_15nM|Ntag_His_TEVcut(BBF10K_003407_15nM|CDS_Eco31I(BBF10K_003292)_15nM|T_TZ(BBF10K_003477)_15nM|DV_pTi_5nM,P_T7_lacO(BBF10K_003379)_15nM,RBS_BT1_BCD2(BBF10K_003384)_15nM,Ntag_His_TEVcut(BBF10K_003407_15nM,CDS_Eco31I(BBF10K_003292)_15nM,T_TZ(BBF10K_003477)_15nM,DV_pTi_5nM,N5,2023-06-04
pCM356,P_T7_lacO(BBF10K_003379)_15nM|RBS_BT1_BCD2(BBF10K_003384)_15nM|Ntag_His_TEVcut(BBF10K_003407_15nM|CDS_EcoRI(BBF10K_003281)_15nM|T_TZ(BBF10K_003477)_15nM|DV_pTi_5nM,P_T7_lacO(BBF10K_003379)_15nM,RBS_BT1_BCD2(BBF10K_003384)_15nM,Ntag_His_TEVcut(BBF10K_003407_15nM,CDS_EcoRI(BBF10K_003281)_15nM,T_TZ(BBF10K_003477)_15nM,DV_pTi_5nM,O5,2023-06-04
pCM357,P_T7_lacO(BBF10K_003379)_15nM|RBS_BT1_BCD2(BBF10K_003384)_15nM|Ntag_His_TEVcut(BBF10K_003407_15nM|CDS_NotI(BBF10K_003300)_15nM|T_TZ(BBF10K_003477)_15nM|DV_pTi_5nM,P_T7_lacO(BBF10K_003379)_15nM,RBS_BT1_BCD2(BBF10K_003384)_15nM,Ntag_His_TEVcut(BBF10K_003407_15nM,CDS_NotI(BBF10K_003300)_15nM,T_TZ(BBF10K_003477)_15nM,DV_pTi_5nM,B6,2023-06-04
pCM358,P_T7_lacO(BBF10K_003379)_15nM|RBS_BT1_BCD2(BBF10K_003384)_15nM|Ntag_His_TEVcut(BBF10K_003407_15nM|CDS_PstI(BBF10K_003283)_15nM|T_TZ(BBF10K_003477)_15nM|DV_pTi_5nM,P_T7_lacO(BBF10K_003379)_15nM,RBS_BT1_BCD2(BBF10K_003384)_15nM,Ntag_His_TEVcut(BBF10K_003407_15nM,CDS_PstI(BBF10K_003283)_15nM,T_TZ(BBF10K_003477)_15nM,DV_pTi_5nM,C6,2023-06-04
pCM359,P_T7_lacO(BBF10K_003379)_15nM|RBS_BT1_BCD2(BBF10K_003384)_15nM|Ntag_His_TEVcut(BBF10K_003407_15nM|CDS_SapI(BBF10K_003295)_15nM|T_TZ(BBF10K_003477)_15nM|DV_pTi_5nM,P_T7_lacO(BBF10K_003379)_15nM,RBS_BT1_BCD2(BBF10K_003384)_15nM,Ntag_His_TEVcut(BBF10K_003407_15nM,CDS_SapI(BBF10K_003295)_15nM,T_TZ(BBF10K_003477)_15nM,DV_pTi_5nM,D6,2023-06-04
pCM360,P_T7_lacO(BBF10K_003379)_15nM|RBS_BT1_BCD2(BBF10K_003384)_15nM|Ntag_His_TEVcut(BBF10K_003407_15nM|CDS_XbaI(BBF10K_003298)_15nM|T_TZ(BBF10K_003477)_15nM|DV_pTi_5nM,P_T7_lacO(BBF10K_003379)_15nM,RBS_BT1_BCD2(BBF10K_003384)_15nM,Ntag_His_TEVcut(BBF10K_003407_15nM,CDS_XbaI(BBF10K_003298)_15nM,T_TZ(BBF10K_003477)_15nM,DV_pTi_5nM,E6,2023-06-04
pCM361,P_T7_lacO(BBF10K_003379)_15nM|RBS_BT1_BCD2_DsbA(BBF10K_003391)_15nM|Ntag1_R5(BBF10K_003399)_15nM-Ntag2_TEVcut(BBF10K_003418)_15nM|CDS_Eco31I(BBF10K_003292)_15nM|T_TZ(BBF10K_003477)_15nM|DV_pTi_5nM,P_T7_lacO(BBF10K_003379)_15nM,RBS_BT1_BCD2_DsbA(BBF10K_003391)_15nM,Ntag1_R5(BBF10K_003399)_15nM-Ntag2_TEVcut(BBF10K_003418)_15nM,CDS_Eco31I(BBF10K_003292)_15nM,T_TZ(BBF10K_003477)_15nM,DV_pTi_5nM,F6,2023-06-04
pCM362,P_T7_lacO(BBF10K_003379)_15nM|RBS_BT1_BCD2_DsbA(BBF10K_003391)_15nM|Ntag1_R5(BBF10K_003399)_15nM-Ntag2_TEVcut(BBF10K_003418)_15nM|CDS_EcoRI(BBF10K_003281)_15nM|T_TZ(BBF10K_003477)_15nM|DV_pTi_5nM,P_T7_lacO(BBF10K_003379)_15nM,RBS_BT1_BCD2_DsbA(BBF10K_003391)_15nM,Ntag1_R5(BBF10K_003399)_15nM-Ntag2_TEVcut(BBF10K_003418)_15nM,CDS_EcoRI(BBF10K_003281)_15nM,T_TZ(BBF10K_003477)_15nM,DV_pTi_5nM,G6,2023-06-04
pCM363,P_T7_lacO(BBF10K_003379)_15nM|RBS_BT1_BCD2_DsbA(BBF10K_003391)_15nM|Ntag1_R5(BBF10K_003399)_15nM-Ntag2_TEVcut(BBF10K_003418)_15nM|CDS_NotI(BBF10K_003300)_15nM|T_TZ(BBF10K_003477)_15nM|DV_pTi_5nM,P_T7_lacO(BBF10K_003379)_15nM,RBS_BT1_BCD2_DsbA(BBF10K_003391)_15nM,Ntag1_R5(BBF10K_003399)_15nM-Ntag2_TEVcut(BBF10K_003418)_15nM,CDS_NotI(BBF10K_003300)_15nM,T_TZ(BBF10K_003477)_15nM,DV_pTi_5nM,H6,2023-06-04
pCM364,P_T7_lacO(BBF10K_003379)_15nM|RBS_BT1_BCD2_DsbA(BBF10K_003391)_15nM|Ntag1_R5(BBF10K_003399)_15nM-Ntag2_TEVcut(BBF10K_003418)_15nM|CDS_PstI(BBF10K_003283)_15nM|T_TZ(BBF10K_003477)_15nM|DV_pTi_5nM,P_T7_lacO(BBF10K_003379)_15nM,RBS_BT1_BCD2_DsbA(BBF10K_003391)_15nM,Ntag1_R5(BBF10K_003399)_15nM-Ntag2_TEVcut(BBF10K_003418)_15nM,CDS_PstI(BBF10K_003283)_15nM,T_TZ(BBF10K_003477)_15nM,DV_pTi_5nM,I6,2023-06-04
pCM365,P_T7_lacO(BBF10K_003379)_15nM|RBS_BT1_BCD2_DsbA(BBF10K_003391)_15nM|Ntag1_R5(BBF10K_003399)_15nM-Ntag2_TEVcut(BBF10K_003418)_15nM|CDS_SapI(BBF10K_003295)_15nM|T_TZ(BBF10K_003477)_15nM|DV_pTi_5nM,P_T7_lacO(BBF10K_003379)_15nM,RBS_BT1_BCD2_DsbA(BBF10K_003391)_15nM,Ntag1_R5(BBF10K_003399)_15nM-Ntag2_TEVcut(BBF10K_003418)_15nM,CDS_SapI(BBF10K_003295)_15nM,T_TZ(BBF10K_003477)_15nM,DV_pTi_5nM,J6,2023-06-04
pCM366,P_T7_lacO(BBF10K_003379)_15nM|RBS_BT1_BCD2_DsbA(BBF10K_003391)_15nM|Ntag1_R5(BBF10K_003399)_15nM-Ntag2_TEVcut(BBF10K_003418)_15nM|CDS_XbaI(BBF10K_003298)_15nM|T_TZ(BBF10K_003477)_15nM|DV_pTi_5nM,P_T7_lacO(BBF10K_003379)_15nM,RBS_BT1_BCD2_DsbA(BBF10K_003391)_15nM,Ntag1_R5(BBF10K_003399)_15nM-Ntag2_TEVcut(BBF10K_003418)_15nM,CDS_XbaI(BBF10K_003298)_15nM,T_TZ(BBF10K_003477)_15nM,DV_pTi_5nM,K6,2023-06-04
pCM367,P_T7_lacO(BBF10K_003379)_15nM|RBS_BT1_BCD2_DsbA(BBF10K_003391)_15nM|Ntag_His_TEVcut(BBF10K_003407_15nM|CDS_Eco31I(BBF10K_003292)_15nM|T_TZ(BBF10K_003477)_15nM|DV_pTi_5nM,P_T7_lacO(BBF10K_003379)_15nM,RBS_BT1_BCD2_DsbA(BBF10K_003391)_15nM,Ntag_His_TEVcut(BBF10K_003407_15nM,CDS_Eco31I(BBF10K_003292)_15nM,T_TZ(BBF10K_003477)_15nM,DV_pTi_5nM,L6,2023-06-04
pCM368,P_T7_lacO(BBF10K_003379)_15nM|RBS_BT1_BCD2_DsbA(BBF10K_003391)_15nM|Ntag_His_TEVcut(BBF10K_003407_15nM|CDS_EcoRI(BBF10K_003281)_15nM|T_TZ(BBF10K_003477)_15nM|DV_pTi_5nM,P_T7_lacO(BBF10K_003379)_15nM,RBS_BT1_BCD2_DsbA(BBF10K_003391)_15nM,Ntag_His_TEVcut(BBF10K_003407_15nM,CDS_EcoRI(BBF10K_003281)_15nM,T_TZ(BBF10K_003477)_15nM,DV_pTi_5nM,M6,2023-06-04
pCM369,P_T7_lacO(BBF10K_003379)_15nM|RBS_BT1_BCD2_DsbA(BBF10K_003391)_15nM|Ntag_His_TEVcut(BBF10K_003407_15nM|CDS_NotI(BBF10K_003300)_15nM|T_TZ(BBF10K_003477)_15nM|DV_pTi_5nM,P_T7_lacO(BBF10K_003379)_15nM,RBS_BT1_BCD2_DsbA(BBF10K_003391)_15nM,Ntag_His_TEVcut(BBF10K_003407_15nM,CDS_NotI(BBF10K_003300)_15nM,T_TZ(BBF10K_003477)_15nM,DV_pTi_5nM,N6,2023-06-04
pCM370,P_T7_lacO(BBF10K_003379)_15nM|RBS_BT1_BCD2_DsbA(BBF10K_003391)_15nM|Ntag_His_TEVcut(BBF10K_003407_15nM|CDS_PstI(BBF10K_003283)_15nM|T_TZ(BBF10K_003477)_15nM|DV_pTi_5nM,P_T7_lacO(BBF10K_003379)_15nM,RBS_BT1_BCD2_DsbA(BBF10K_003391)_15nM,Ntag_His_TEVcut(BBF10K_003407_15nM,CDS_PstI(BBF10K_003283)_15nM,T_TZ(BBF10K_003477)_15nM,DV_pTi_5nM,O6,2023-06-04
pCM371,P_T7_lacO(BBF10K_003379)_15nM|RBS_BT1_BCD2_DsbA(BBF10K_003391)_15nM|Ntag_His_TEVcut(BBF10K_003407_15nM|CDS_SapI(BBF10K_003295)_15nM|T_TZ(BBF10K_003477)_15nM|DV_pTi_5nM,P_T7_lacO(BBF10K_003379)_15nM,RBS_BT1_BCD2_DsbA(BBF10K_003391)_15nM,Ntag_His_TEVcut(BBF10K_003407_15nM,CDS_SapI(BBF10K_003295)_15nM,T_TZ(BBF10K_003477)_15nM,DV_pTi_5nM,B7,2023-06-04
pCM372,P_T7_lacO(BBF10K_003379)_15nM|RBS_BT1_BCD2_DsbA(BBF10K_003391)_15nM|Ntag_His_TEVcut(BBF10K_003407_15nM|CDS_XbaI(BBF10K_003298)_15nM|T_TZ(BBF10K_003477)_15nM|DV_pTi_5nM,P_T7_lacO(BBF10K_003379)_15nM,RBS_BT1_BCD2_DsbA(BBF10K_003391)_15nM,Ntag_His_TEVcut(BBF10K_003407_15nM,CDS_XbaI(BBF10K_003298)_15nM,T_TZ(BBF10K_003477)_15nM,DV_pTi_5nM,C7,2023-06-04
pCM373,P_T7_lacO(BBF10K_003379)_15nM|RBS_BT1_BCD2_OmpT(BBF10K_003392)_15nM|Ntag1_R5(BBF10K_003399)_15nM-Ntag2_TEVcut(BBF10K_003418)_15nM|CDS_Eco31I(BBF10K_003292)_15nM|T_TZ(BBF10K_003477)_15nM|DV_pTi_5nM,P_T7_lacO(BBF10K_003379)_15nM,RBS_BT1_BCD2_OmpT(BBF10K_003392)_15nM,Ntag1_R5(BBF10K_003399)_15nM-Ntag2_TEVcut(BBF10K_003418)_15nM,CDS_Eco31I(BBF10K_003292)_15nM,T_TZ(BBF10K_003477)_15nM,DV_pTi_5nM,D7,2023-06-04
pCM374,P_T7_lacO(BBF10K_003379)_15nM|RBS_BT1_BCD2_OmpT(BBF10K_003392)_15nM|Ntag1_R5(BBF10K_003399)_15nM-Ntag2_TEVcut(BBF10K_003418)_15nM|CDS_EcoRI(BBF10K_003281)_15nM|T_TZ(BBF10K_003477)_15nM|DV_pTi_5nM,P_T7_lacO(BBF10K_003379)_15nM,RBS_BT1_BCD2_OmpT(BBF10K_003392)_15nM,Ntag1_R5(BBF10K_003399)_15nM-Ntag2_TEVcut(BBF10K_003418)_15nM,CDS_EcoRI(BBF10K_003281)_15nM,T_TZ(BBF10K_003477)_15nM,DV_pTi_5nM,E7,2023-06-04
pCM375,P_T7_lacO(BBF10K_003379)_15nM|RBS_BT1_BCD2_OmpT(BBF10K_003392)_15nM|Ntag1_R5(BBF10K_003399)_15nM-Ntag2_TEVcut(BBF10K_003418)_15nM|CDS_NotI(BBF10K_003300)_15nM|T_TZ(BBF10K_003477)_15nM|DV_pTi_5nM,P_T7_lacO(BBF10K_003379)_15nM,RBS_BT1_BCD2_OmpT(BBF10K_003392)_15nM,Ntag1_R5(BBF10K_003399)_15nM-Ntag2_TEVcut(BBF10K_003418)_15nM,CDS_NotI(BBF10K_003300)_15nM,T_TZ(BBF10K_003477)_15nM,DV_pTi_5nM,F7,2023-06-04
pCM376,P_T7_lacO(BBF10K_003379)_15nM|RBS_BT1_BCD2_OmpT(BBF10K_003392)_15nM|Ntag1_R5(BBF10K_003399)_15nM-Ntag2_TEVcut(BBF10K_003418)_15nM|CDS_PstI(BBF10K_003283)_15nM|T_TZ(BBF10K_003477)_15nM|DV_pTi_5nM,P_T7_lacO(BBF10K_003379)_15nM,RBS_BT1_BCD2_OmpT(BBF10K_003392)_15nM,Ntag1_R5(BBF10K_003399)_15nM-Ntag2_TEVcut(BBF10K_003418)_15nM,CDS_PstI(BBF10K_003283)_15nM,T_TZ(BBF10K_003477)_15nM,DV_pTi_5nM,G7,2023-06-04
pCM377,P_T7_lacO(BBF10K_003379)_15nM|RBS_BT1_BCD2_OmpT(BBF10K_003392)_15nM|Ntag1_R5(BBF10K_003399)_15nM-Ntag2_TEVcut(BBF10K_003418)_15nM|CDS_SapI(BBF10K_003295)_15nM|T_TZ(BBF10K_003477)_15nM|DV_pTi_5nM,P_T7_lacO(BBF10K_003379)_15nM,RBS_BT1_BCD2_OmpT(BBF10K_003392)_15nM,Ntag1_R5(BBF10K_003399)_15nM-Ntag2_TEVcut(BBF10K_003418)_15nM,CDS_SapI(BBF10K_003295)_15nM,T_TZ(BBF10K_003477)_15nM,DV_pTi_5nM,H7,2023-06-04
pCM378,P_T7_lacO(BBF10K_003379)_15nM|RBS_BT1_BCD2_OmpT(BBF10K_003392)_15nM|Ntag1_R5(BBF10K_003399)_15nM-Ntag2_TEVcut(BBF10K_003418)_15nM|CDS_XbaI(BBF10K_003298)_15nM|T_TZ(BBF10K_003477)_15nM|DV_pTi_5nM,P_T7_lacO(BBF10K_003379)_15nM,RBS_BT1_BCD2_OmpT(BBF10K_003392)_15nM,Ntag1_R5(BBF10K_003399)_15nM-Ntag2_TEVcut(BBF10K_003418)_15nM,CDS_XbaI(BBF10K_003298)_15nM,T_TZ(BBF10K_003477)_15nM,DV_pTi_5nM,I7,2023-06-04
pCM379,P_T7_lacO(BBF10K_003379)_15nM|RBS_BT1_BCD2_OmpT(BBF10K_003392)_15nM|Ntag_His_TEVcut(BBF10K_003407_15nM|CDS_Eco31I(BBF10K_003292)_15nM|T_TZ(BBF10K_003477)_15nM|DV_pTi_5nM,P_T7_lacO(BBF10K_003379)_15nM,RBS_BT1_BCD2_OmpT(BBF10K_003392)_15nM,Ntag_His_TEVcut(BBF10K_003407_15nM,CDS_Eco31I(BBF10K_003292)_15nM,T_TZ(BBF10K_003477)_15nM,DV_pTi_5nM,J7,2023-06-04
pCM380,P_T7_lacO(BBF10K_003379)_15nM|RBS_BT1_BCD2_OmpT(BBF10K_003392)_15nM|Ntag_His_TEVcut(BBF10K_003407_15nM|CDS_EcoRI(BBF10K_003281)_15nM|T_TZ(BBF10K_003477)_15nM|DV_pTi_5nM,P_T7_lacO(BBF10K_003379)_15nM,RBS_BT1_BCD2_OmpT(BBF10K_003392)_15nM,Ntag_His_TEVcut(BBF10K_003407_15nM,CDS_EcoRI(BBF10K_003281)_15nM,T_TZ(BBF10K_003477)_15nM,DV_pTi_5nM,K7,2023-06-04
pCM381,P_T7_lacO(BBF10K_003379)_15nM|RBS_BT1_BCD2_OmpT(BBF10K_003392)_15nM|Ntag_His_TEVcut(BBF10K_003407_15nM|CDS_NotI(BBF10K_003300)_15nM|T_TZ(BBF10K_003477)_15nM|DV_pTi_5nM,P_T7_lacO(BBF10K_003379)_15nM,RBS_BT1_BCD2_OmpT(BBF10K_003392)_15nM,Ntag_His_TEVcut(BBF10K_003407_15nM,CDS_NotI(BBF10K_003300)_15nM,T_TZ(BBF10K_003477)_15nM,DV_pTi_5nM,L7,2023-06-04
pCM382,P_T7_lacO(BBF10K_003379)_15nM|RBS_BT1_BCD2_OmpT(BBF10K_003392)_15nM|Ntag_His_TEVcut(BBF10K_003407_15nM|CDS_PstI(BBF10K_003283)_15nM|T_TZ(BBF10K_003477)_15nM|DV_pTi_5nM,P_T7_lacO(BBF10K_003379)_15nM,RBS_BT1_BCD2_OmpT(BBF10K_003392)_15nM,Ntag_His_TEVcut(BBF10K_003407_15nM,CDS_PstI(BBF10K_003283)_15nM,T_TZ(BBF10K_003477)_15nM,DV_pTi_5nM,M7,2023-06-04
pCM383,P_T7_lacO(BBF10K_003379)_15nM|RBS_BT1_BCD2_OmpT(BBF10K_003392)_15nM|Ntag_His_TEVcut(BBF10K_003407_15nM|CDS_SapI(BBF10K_003295)_15nM|T_TZ(BBF10K_003477)_15nM|DV_pTi_5nM,P_T7_lacO(BBF10K_003379)_15nM,RBS_BT1_BCD2_OmpT(BBF10K_003392)_15nM,Ntag_His_TEVcut(BBF10K_003407_15nM,CDS_SapI(BBF10K_003295)_15nM,T_TZ(BBF10K_003477)_15nM,DV_pTi_5nM,N7,2023-06-04
pCM384,P_T7_lacO(BBF10K_003379)_15nM|RBS_BT1_BCD2_OmpT(BBF10K_003392)_15nM|Ntag_His_TEVcut(BBF10K_003407_15nM|CDS_XbaI(BBF10K_003298)_15nM|T_TZ(BBF10K_003477)_15nM|DV_pTi_5nM,P_T7_lacO(BBF10K_003379)_15nM,RBS_BT1_BCD2_OmpT(BBF10K_003392)_15nM,Ntag_His_TEVcut(BBF10K_003407_15nM,CDS_XbaI(BBF10K_003298)_15nM,T_TZ(BBF10K_003477)_15nM,DV_pTi_5nM,O7,2023-06-04
pCM385,P_T7_lacO(BBF10K_003379)_15nM|RBS_BT1_BCD2_pelB(BBF10K_003393)_15nM|Ntag1_R5(BBF10K_003399)_15nM-Ntag2_TEVcut(BBF10K_003418)_15nM|CDS_Eco31I(BBF10K_003292)_15nM|T_TZ(BBF10K_003477)_15nM|DV_pTi_5nM,P_T7_lacO(BBF10K_003379)_15nM,RBS_BT1_BCD2_pelB(BBF10K_003393)_15nM,Ntag1_R5(BBF10K_003399)_15nM-Ntag2_TEVcut(BBF10K_003418)_15nM,CDS_Eco31I(BBF10K_003292)_15nM,T_TZ(BBF10K_003477)_15nM,DV_pTi_5nM,B8,2023-06-04
pCM386,P_T7_lacO(BBF10K_003379)_15nM|RBS_BT1_BCD2_pelB(BBF10K_003393)_15nM|Ntag1_R5(BBF10K_003399)_15nM-Ntag2_TEVcut(BBF10K_003418)_15nM|CDS_EcoRI(BBF10K_003281)_15nM|T_TZ(BBF10K_003477)_15nM|DV_pTi_5nM,P_T7_lacO(BBF10K_003379)_15nM,RBS_BT1_BCD2_pelB(BBF10K_003393)_15nM,Ntag1_R5(BBF10K_003399)_15nM-Ntag2_TEVcut(BBF10K_003418)_15nM,CDS_EcoRI(BBF10K_003281)_15nM,T_TZ(BBF10K_003477)_15nM,DV_pTi_5nM,C8,2023-06-04
pCM387,P_T7_lacO(BBF10K_003379)_15nM|RBS_BT1_BCD2_pelB(BBF10K_003393)_15nM|Ntag1_R5(BBF10K_003399)_15nM-Ntag2_TEVcut(BBF10K_003418)_15nM|CDS_NotI(BBF10K_003300)_15nM|T_TZ(BBF10K_003477)_15nM|DV_pTi_5nM,P_T7_lacO(BBF10K_003379)_15nM,RBS_BT1_BCD2_pelB(BBF10K_003393)_15nM,Ntag1_R5(BBF10K_003399)_15nM-Ntag2_TEVcut(BBF10K_003418)_15nM,CDS_NotI(BBF10K_003300)_15nM,T_TZ(BBF10K_003477)_15nM,DV_pTi_5nM,D8,2023-06-04
pCM388,P_T7_lacO(BBF10K_003379)_15nM|RBS_BT1_BCD2_pelB(BBF10K_003393)_15nM|Ntag1_R5(BBF10K_003399)_15nM-Ntag2_TEVcut(BBF10K_003418)_15nM|CDS_PstI(BBF10K_003283)_15nM|T_TZ(BBF10K_003477)_15nM|DV_pTi_5nM,P_T7_lacO(BBF10K_003379)_15nM,RBS_BT1_BCD2_pelB(BBF10K_003393)_15nM,Ntag1_R5(BBF10K_003399)_15nM-Ntag2_TEVcut(BBF10K_003418)_15nM,CDS_PstI(BBF10K_003283)_15nM,T_TZ(BBF10K_003477)_15nM,DV_pTi_5nM,E8,2023-06-04
pCM389,P_T7_lacO(BBF10K_003379)_15nM|RBS_BT1_BCD2_pelB(BBF10K_003393)_15nM|Ntag1_R5(BBF10K_003399)_15nM-Ntag2_TEVcut(BBF10K_003418)_15nM|CDS_SapI(BBF10K_003295)_15nM|T_TZ(BBF10K_003477)_15nM|DV_pTi_5nM,P_T7_lacO(BBF10K_003379)_15nM,RBS_BT1_BCD2_pelB(BBF10K_003393)_15nM,Ntag1_R5(BBF10K_003399)_15nM-Ntag2_TEVcut(BBF10K_003418)_15nM,CDS_SapI(BBF10K_003295)_15nM,T_TZ(BBF10K_003477)_15nM,DV_pTi_5nM,F8,2023-06-04
pCM390,P_T7_lacO(BBF10K_003379)_15nM|RBS_BT1_BCD2_pelB(BBF10K_003393)_15nM|Ntag1_R5(BBF10K_003399)_15nM-Ntag2_TEVcut(BBF10K_003418)_15nM|CDS_XbaI(BBF10K_003298)_15nM|T_TZ(BBF10K_003477)_15nM|DV_pTi_5nM,P_T7_lacO(BBF10K_003379)_15nM,RBS_BT1_BCD2_pelB(BBF10K_003393)_15nM,Ntag1_R5(BBF10K_003399)_15nM-Ntag2_TEVcut(BBF10K_003418)_15nM,CDS_XbaI(BBF10K_003298)_15nM,T_TZ(BBF10K_003477)_15nM,DV_pTi_5nM,G8,2023-06-04
pCM391,P_T7_lacO(BBF10K_003379)_15nM|RBS_BT1_BCD2_pelB(BBF10K_003393)_15nM|Ntag_His_TEVcut(BBF10K_003407_15nM|CDS_Eco31I(BBF10K_003292)_15nM|T_TZ(BBF10K_003477)_15nM|DV_pTi_5nM,P_T7_lacO(BBF10K_003379)_15nM,RBS_BT1_BCD2_pelB(BBF10K_003393)_15nM,Ntag_His_TEVcut(BBF10K_003407_15nM,CDS_Eco31I(BBF10K_003292)_15nM,T_TZ(BBF10K_003477)_15nM,DV_pTi_5nM,H8,2023-06-04
pCM392,P_T7_lacO(BBF10K_003379)_15nM|RBS_BT1_BCD2_pelB(BBF10K_003393)_15nM|Ntag_His_TEVcut(BBF10K_003407_15nM|CDS_EcoRI(BBF10K_003281)_15nM|T_TZ(BBF10K_003477)_15nM|DV_pTi_5nM,P_T7_lacO(BBF10K_003379)_15nM,RBS_BT1_BCD2_pelB(BBF10K_003393)_15nM,Ntag_His_TEVcut(BBF10K_003407_15nM,CDS_EcoRI(BBF10K_003281)_15nM,T_TZ(BBF10K_003477)_15nM,DV_pTi_5nM,I8,2023-06-04
pCM393,P_T7_lacO(BBF10K_003379)_15nM|RBS_BT1_BCD2_pelB(BBF10K_003393)_15nM|Ntag_His_TEVcut(BBF10K_003407_15nM|CDS_NotI(BBF10K_003300)_15nM|T_TZ(BBF10K_003477)_15nM|DV_pTi_5nM,P_T7_lacO(BBF10K_003379)_15nM,RBS_BT1_BCD2_pelB(BBF10K_003393)_15nM,Ntag_His_TEVcut(BBF10K_003407_15nM,CDS_NotI(BBF10K_003300)_15nM,T_TZ(BBF10K_003477)_15nM,DV_pTi_5nM,J8,2023-06-04
pCM394,P_T7_lacO(BBF10K_003379)_15nM|RBS_BT1_BCD2_pelB(BBF10K_003393)_15nM|Ntag_His_TEVcut(BBF10K_003407_15nM|CDS_PstI(BBF10K_003283)_15nM|T_TZ(BBF10K_003477)_15nM|DV_pTi_5nM,P_T7_lacO(BBF10K_003379)_15nM,RBS_BT1_BCD2_pelB(BBF10K_003393)_15nM,Ntag_His_TEVcut(BBF10K_003407_15nM,CDS_PstI(BBF10K_003283)_15nM,T_TZ(BBF10K_003477)_15nM,DV_pTi_5nM,K8,2023-06-04
pCM395,P_T7_lacO(BBF10K_003379)_15nM|RBS_BT1_BCD2_pelB(BBF10K_003393)_15nM|Ntag_His_TEVcut(BBF10K_003407_15nM|CDS_SapI(BBF10K_003295)_15nM|T_TZ(BBF10K_003477)_15nM|DV_pTi_5nM,P_T7_lacO(BBF10K_003379)_15nM,RBS_BT1_BCD2_pelB(BBF10K_003393)_15nM,Ntag_His_TEVcut(BBF10K_003407_15nM,CDS_SapI(BBF10K_003295)_15nM,T_TZ(BBF10K_003477)_15nM,DV_pTi_5nM,L8,2023-06-04
pCM396,P_T7_lacO(BBF10K_003379)_15nM|RBS_BT1_BCD2_pelB(BBF10K_003393)_15nM|Ntag_His_TEVcut(BBF10K_003407_15nM|CDS_XbaI(BBF10K_003298)_15nM|T_TZ(BBF10K_003477)_15nM|DV_pTi_5nM,P_T7_lacO(BBF10K_003379)_15nM,RBS_BT1_BCD2_pelB(BBF10K_003393)_15nM,Ntag_His_TEVcut(BBF10K_003407_15nM,CDS_XbaI(BBF10K_003298)_15nM,T_TZ(BBF10K_003477)_15nM,DV_pTi_5nM,M8,2023-06-04
