well,cells,host,samples,media,ind_c,abx_c,replicate,ID,media_source,sample_source,destination,prep_date
A1,n,nan,NTC,EZRDM,0uM,40ug,0,nanNTC|0uM|0,A1 of Opentrons 15 Tube Rack with Falcon 15 mL Conical on 4,A1 of Opentrons 96 Well Aluminum Block with Generic PCR Strip 200 µL on 2,A1 of 3 on Temperature Module GEN2 on 3,2023-06-04
B1,n,nan,NTC,EZRDM,0uM,40ug,1,nanNTC|0uM|1,A1 of Opentrons 15 Tube Rack with Falcon 15 mL Conical on 4,A1 of Opentrons 96 Well Aluminum Block with Generic PCR Strip 200 µL on 2,B1 of 3 on Temperature Module GEN2 on 3,2023-06-04
C1,n,nan,NTC,EZRDM,0uM,40ug,2,nanNTC|0uM|2,A1 of Opentrons 15 Tube Rack with Falcon 15 mL Conical on 4,A1 of Opentrons 96 Well Aluminum Block with Generic PCR Strip 200 µL on 2,C1 of 3 on Temperature Module GEN2 on 3,2023-06-04
D1,n,nan,NTC,EZRDM,1000uM,40ug,0,nanNTC|1000uM|0,B1 of Opentrons 15 Tube Rack with Falcon 15 mL Conical on 4,A1 of Opentrons 96 Well Aluminum Block with Generic PCR Strip 200 µL on 2,D1 of 3 on Temperature Module GEN2 on 3,2023-06-04
E1,n,nan,NTC,EZRDM,1000uM,40ug,1,nanNTC|1000uM|1,B1 of Opentrons 15 Tube Rack with Falcon 15 mL Conical on 4,A1 of Opentrons 96 Well Aluminum Block with Generic PCR Strip 200 µL on 2,E1 of 3 on Temperature Module GEN2 on 3,2023-06-04
F1,n,nan,NTC,EZRDM,1000uM,40ug,2,nanNTC|1000uM|2,B1 of Opentrons 15 Tube Rack with Falcon 15 mL Conical on 4,A1 of Opentrons 96 Well Aluminum Block with Generic PCR Strip 200 µL on 2,F1 of 3 on Temperature Module GEN2 on 3,2023-06-04
G1,n,nan,NTC,EZRDM,150um,40ug,0,nanNTC|150um|0,C1 of Opentrons 15 Tube Rack with Falcon 15 mL Conical on 4,A1 of Opentrons 96 Well Aluminum Block with Generic PCR Strip 200 µL on 2,G1 of 3 on Temperature Module GEN2 on 3,2023-06-04
H1,n,nan,NTC,EZRDM,150um,40ug,1,nanNTC|150um|1,C1 of Opentrons 15 Tube Rack with Falcon 15 mL Conical on 4,A1 of Opentrons 96 Well Aluminum Block with Generic PCR Strip 200 µL on 2,H1 of 3 on Temperature Module GEN2 on 3,2023-06-04
I1,n,nan,NTC,EZRDM,150um,40ug,2,nanNTC|150um|2,C1 of Opentrons 15 Tube Rack with Falcon 15 mL Conical on 4,A1 of Opentrons 96 Well Aluminum Block with Generic PCR Strip 200 µL on 2,I1 of 3 on Temperature Module GEN2 on 3,2023-06-04
J1,y,Marionette,just_cells,EZRDM,0ug0uM,0ug,0,Marionettejust_cells|0ug0uM|0,A2 of Opentrons 15 Tube Rack with Falcon 15 mL Conical on 4,B1 of Opentrons 96 Well Aluminum Block with Generic PCR Strip 200 µL on 2,J1 of 3 on Temperature Module GEN2 on 3,2023-06-04
K1,y,Marionette,just_cells,EZRDM,0ug0uM,0ug,1,Marionettejust_cells|0ug0uM|1,A2 of Opentrons 15 Tube Rack with Falcon 15 mL Conical on 4,B1 of Opentrons 96 Well Aluminum Block with Generic PCR Strip 200 µL on 2,K1 of 3 on Temperature Module GEN2 on 3,2023-06-04
L1,y,Marionette,just_cells,EZRDM,0ug0uM,0ug,2,Marionettejust_cells|0ug0uM|2,A2 of Opentrons 15 Tube Rack with Falcon 15 mL Conical on 4,B1 of Opentrons 96 Well Aluminum Block with Generic PCR Strip 200 µL on 2,L1 of 3 on Temperature Module GEN2 on 3,2023-06-04
M1,y,Marionette,just_cells,EZRDM,0ug1000uM,0ug,0,Marionettejust_cells|0ug1000uM|0,B2 of Opentrons 15 Tube Rack with Falcon 15 mL Conical on 4,B1 of Opentrons 96 Well Aluminum Block with Generic PCR Strip 200 µL on 2,M1 of 3 on Temperature Module GEN2 on 3,2023-06-04
N1,y,Marionette,just_cells,EZRDM,0ug1000uM,0ug,1,Marionettejust_cells|0ug1000uM|1,B2 of Opentrons 15 Tube Rack with Falcon 15 mL Conical on 4,B1 of Opentrons 96 Well Aluminum Block with Generic PCR Strip 200 µL on 2,N1 of 3 on Temperature Module GEN2 on 3,2023-06-04
O1,y,Marionette,just_cells,EZRDM,0ug1000uM,0ug,2,Marionettejust_cells|0ug1000uM|2,B2 of Opentrons 15 Tube Rack with Falcon 15 mL Conical on 4,B1 of Opentrons 96 Well Aluminum Block with Generic PCR Strip 200 µL on 2,O1 of 3 on Temperature Module GEN2 on 3,2023-06-04
P1,y,Marionette,just_cells,EZRDM,0ug150um,0ug,0,Marionettejust_cells|0ug150um|0,C2 of Opentrons 15 Tube Rack with Falcon 15 mL Conical on 4,B1 of Opentrons 96 Well Aluminum Block with Generic PCR Strip 200 µL on 2,P1 of 3 on Temperature Module GEN2 on 3,2023-06-04
A2,y,Marionette,just_cells,EZRDM,0ug150um,0ug,1,Marionettejust_cells|0ug150um|1,C2 of Opentrons 15 Tube Rack with Falcon 15 mL Conical on 4,B1 of Opentrons 96 Well Aluminum Block with Generic PCR Strip 200 µL on 2,A2 of 3 on Temperature Module GEN2 on 3,2023-06-04
B2,y,Marionette,just_cells,EZRDM,0ug150um,0ug,2,Marionettejust_cells|0ug150um|2,C2 of Opentrons 15 Tube Rack with Falcon 15 mL Conical on 4,B1 of Opentrons 96 Well Aluminum Block with Generic PCR Strip 200 µL on 2,B2 of 3 on Temperature Module GEN2 on 3,2023-06-04
C2,y,Marionette,PB1,EZRDM,0uM,40ug,0,MarionettePB1|0uM|0,A1 of Opentrons 15 Tube Rack with Falcon 15 mL Conical on 4,C1 of Opentrons 96 Well Aluminum Block with Generic PCR Strip 200 µL on 2,C2 of 3 on Temperature Module GEN2 on 3,2023-06-04
D2,y,Marionette,PB1,EZRDM,0uM,40ug,1,MarionettePB1|0uM|1,A1 of Opentrons 15 Tube Rack with Falcon 15 mL Conical on 4,C1 of Opentrons 96 Well Aluminum Block with Generic PCR Strip 200 µL on 2,D2 of 3 on Temperature Module GEN2 on 3,2023-06-04
E2,y,Marionette,PB1,EZRDM,0uM,40ug,2,MarionettePB1|0uM|2,A1 of Opentrons 15 Tube Rack with Falcon 15 mL Conical on 4,C1 of Opentrons 96 Well Aluminum Block with Generic PCR Strip 200 µL on 2,E2 of 3 on Temperature Module GEN2 on 3,2023-06-04
F2,y,Marionette,PB1,EZRDM,10uM,40ug,0,MarionettePB1|10uM|0,A3 of Opentrons 15 Tube Rack with Falcon 15 mL Conical on 4,C1 of Opentrons 96 Well Aluminum Block with Generic PCR Strip 200 µL on 2,F2 of 3 on Temperature Module GEN2 on 3,2023-06-04
G2,y,Marionette,PB1,EZRDM,10uM,40ug,1,MarionettePB1|10uM|1,A3 of Opentrons 15 Tube Rack with Falcon 15 mL Conical on 4,C1 of Opentrons 96 Well Aluminum Block with Generic PCR Strip 200 µL on 2,G2 of 3 on Temperature Module GEN2 on 3,2023-06-04
H2,y,Marionette,PB1,EZRDM,10uM,40ug,2,MarionettePB1|10uM|2,A3 of Opentrons 15 Tube Rack with Falcon 15 mL Conical on 4,C1 of Opentrons 96 Well Aluminum Block with Generic PCR Strip 200 µL on 2,H2 of 3 on Temperature Module GEN2 on 3,2023-06-04
I2,y,Marionette,PB1,EZRDM,25uM,40ug,0,MarionettePB1|25uM|0,B3 of Opentrons 15 Tube Rack with Falcon 15 mL Conical on 4,C1 of Opentrons 96 Well Aluminum Block with Generic PCR Strip 200 µL on 2,I2 of 3 on Temperature Module GEN2 on 3,2023-06-04
J2,y,Marionette,PB1,EZRDM,25uM,40ug,1,MarionettePB1|25uM|1,B3 of Opentrons 15 Tube Rack with Falcon 15 mL Conical on 4,C1 of Opentrons 96 Well Aluminum Block with Generic PCR Strip 200 µL on 2,J2 of 3 on Temperature Module GEN2 on 3,2023-06-04
K2,y,Marionette,PB1,EZRDM,25uM,40ug,2,MarionettePB1|25uM|2,B3 of Opentrons 15 Tube Rack with Falcon 15 mL Conical on 4,C1 of Opentrons 96 Well Aluminum Block with Generic PCR Strip 200 µL on 2,K2 of 3 on Temperature Module GEN2 on 3,2023-06-04
L2,y,Marionette,PB1,EZRDM,50uM,40ug,0,MarionettePB1|50uM|0,C3 of Opentrons 15 Tube Rack with Falcon 15 mL Conical on 4,C1 of Opentrons 96 Well Aluminum Block with Generic PCR Strip 200 µL on 2,L2 of 3 on Temperature Module GEN2 on 3,2023-06-04
M2,y,Marionette,PB1,EZRDM,50uM,40ug,1,MarionettePB1|50uM|1,C3 of Opentrons 15 Tube Rack with Falcon 15 mL Conical on 4,C1 of Opentrons 96 Well Aluminum Block with Generic PCR Strip 200 µL on 2,M2 of 3 on Temperature Module GEN2 on 3,2023-06-04
N2,y,Marionette,PB1,EZRDM,50uM,40ug,2,MarionettePB1|50uM|2,C3 of Opentrons 15 Tube Rack with Falcon 15 mL Conical on 4,C1 of Opentrons 96 Well Aluminum Block with Generic PCR Strip 200 µL on 2,N2 of 3 on Temperature Module GEN2 on 3,2023-06-04
O2,y,Marionette,PB1,EZRDM,75uM,40ug,0,MarionettePB1|75uM|0,A4 of Opentrons 15 Tube Rack with Falcon 15 mL Conical on 4,C1 of Opentrons 96 Well Aluminum Block with Generic PCR Strip 200 µL on 2,O2 of 3 on Temperature Module GEN2 on 3,2023-06-04
P2,y,Marionette,PB1,EZRDM,75uM,40ug,1,MarionettePB1|75uM|1,A4 of Opentrons 15 Tube Rack with Falcon 15 mL Conical on 4,C1 of Opentrons 96 Well Aluminum Block with Generic PCR Strip 200 µL on 2,P2 of 3 on Temperature Module GEN2 on 3,2023-06-04
A3,y,Marionette,PB1,EZRDM,75uM,40ug,2,MarionettePB1|75uM|2,A4 of Opentrons 15 Tube Rack with Falcon 15 mL Conical on 4,C1 of Opentrons 96 Well Aluminum Block with Generic PCR Strip 200 µL on 2,A3 of 3 on Temperature Module GEN2 on 3,2023-06-04
B3,y,Marionette,PB1,EZRDM,100uM,40ug,0,MarionettePB1|100uM|0,B4 of Opentrons 15 Tube Rack with Falcon 15 mL Conical on 4,C1 of Opentrons 96 Well Aluminum Block with Generic PCR Strip 200 µL on 2,B3 of 3 on Temperature Module GEN2 on 3,2023-06-04
C3,y,Marionette,PB1,EZRDM,100uM,40ug,1,MarionettePB1|100uM|1,B4 of Opentrons 15 Tube Rack with Falcon 15 mL Conical on 4,C1 of Opentrons 96 Well Aluminum Block with Generic PCR Strip 200 µL on 2,C3 of 3 on Temperature Module GEN2 on 3,2023-06-04
D3,y,Marionette,PB1,EZRDM,100uM,40ug,2,MarionettePB1|100uM|2,B4 of Opentrons 15 Tube Rack with Falcon 15 mL Conical on 4,C1 of Opentrons 96 Well Aluminum Block with Generic PCR Strip 200 µL on 2,D3 of 3 on Temperature Module GEN2 on 3,2023-06-04
E3,y,Marionette,PB1,EZRDM,125uM,40ug,0,MarionettePB1|125uM|0,C4 of Opentrons 15 Tube Rack with Falcon 15 mL Conical on 4,C1 of Opentrons 96 Well Aluminum Block with Generic PCR Strip 200 µL on 2,E3 of 3 on Temperature Module GEN2 on 3,2023-06-04
F3,y,Marionette,PB1,EZRDM,125uM,40ug,1,MarionettePB1|125uM|1,C4 of Opentrons 15 Tube Rack with Falcon 15 mL Conical on 4,C1 of Opentrons 96 Well Aluminum Block with Generic PCR Strip 200 µL on 2,F3 of 3 on Temperature Module GEN2 on 3,2023-06-04
G3,y,Marionette,PB1,EZRDM,125uM,40ug,2,MarionettePB1|125uM|2,C4 of Opentrons 15 Tube Rack with Falcon 15 mL Conical on 4,C1 of Opentrons 96 Well Aluminum Block with Generic PCR Strip 200 µL on 2,G3 of 3 on Temperature Module GEN2 on 3,2023-06-04
H3,y,Marionette,PB1,EZRDM,150um,40ug,0,MarionettePB1|150um|0,C1 of Opentrons 15 Tube Rack with Falcon 15 mL Conical on 4,C1 of Opentrons 96 Well Aluminum Block with Generic PCR Strip 200 µL on 2,H3 of 3 on Temperature Module GEN2 on 3,2023-06-04
I3,y,Marionette,PB1,EZRDM,150um,40ug,1,MarionettePB1|150um|1,C1 of Opentrons 15 Tube Rack with Falcon 15 mL Conical on 4,C1 of Opentrons 96 Well Aluminum Block with Generic PCR Strip 200 µL on 2,I3 of 3 on Temperature Module GEN2 on 3,2023-06-04
J3,y,Marionette,PB1,EZRDM,150um,40ug,2,MarionettePB1|150um|2,C1 of Opentrons 15 Tube Rack with Falcon 15 mL Conical on 4,C1 of Opentrons 96 Well Aluminum Block with Generic PCR Strip 200 µL on 2,J3 of 3 on Temperature Module GEN2 on 3,2023-06-04
K3,y,Marionette,PB2,EZRDM,0uM,40ug,0,MarionettePB2|0uM|0,A1 of Opentrons 15 Tube Rack with Falcon 15 mL Conical on 4,D1 of Opentrons 96 Well Aluminum Block with Generic PCR Strip 200 µL on 2,K3 of 3 on Temperature Module GEN2 on 3,2023-06-04
L3,y,Marionette,PB2,EZRDM,0uM,40ug,1,MarionettePB2|0uM|1,A1 of Opentrons 15 Tube Rack with Falcon 15 mL Conical on 4,D1 of Opentrons 96 Well Aluminum Block with Generic PCR Strip 200 µL on 2,L3 of 3 on Temperature Module GEN2 on 3,2023-06-04
M3,y,Marionette,PB2,EZRDM,0uM,40ug,2,MarionettePB2|0uM|2,A1 of Opentrons 15 Tube Rack with Falcon 15 mL Conical on 4,D1 of Opentrons 96 Well Aluminum Block with Generic PCR Strip 200 µL on 2,M3 of 3 on Temperature Module GEN2 on 3,2023-06-04
N3,y,Marionette,PB2,EZRDM,10uM,40ug,0,MarionettePB2|10uM|0,A3 of Opentrons 15 Tube Rack with Falcon 15 mL Conical on 4,D1 of Opentrons 96 Well Aluminum Block with Generic PCR Strip 200 µL on 2,N3 of 3 on Temperature Module GEN2 on 3,2023-06-04
O3,y,Marionette,PB2,EZRDM,10uM,40ug,1,MarionettePB2|10uM|1,A3 of Opentrons 15 Tube Rack with Falcon 15 mL Conical on 4,D1 of Opentrons 96 Well Aluminum Block with Generic PCR Strip 200 µL on 2,O3 of 3 on Temperature Module GEN2 on 3,2023-06-04
P3,y,Marionette,PB2,EZRDM,10uM,40ug,2,MarionettePB2|10uM|2,A3 of Opentrons 15 Tube Rack with Falcon 15 mL Conical on 4,D1 of Opentrons 96 Well Aluminum Block with Generic PCR Strip 200 µL on 2,P3 of 3 on Temperature Module GEN2 on 3,2023-06-04
A4,y,Marionette,PB2,EZRDM,25uM,40ug,0,MarionettePB2|25uM|0,B3 of Opentrons 15 Tube Rack with Falcon 15 mL Conical on 4,D1 of Opentrons 96 Well Aluminum Block with Generic PCR Strip 200 µL on 2,A4 of 3 on Temperature Module GEN2 on 3,2023-06-04
B4,y,Marionette,PB2,EZRDM,25uM,40ug,1,MarionettePB2|25uM|1,B3 of Opentrons 15 Tube Rack with Falcon 15 mL Conical on 4,D1 of Opentrons 96 Well Aluminum Block with Generic PCR Strip 200 µL on 2,B4 of 3 on Temperature Module GEN2 on 3,2023-06-04
C4,y,Marionette,PB2,EZRDM,25uM,40ug,2,MarionettePB2|25uM|2,B3 of Opentrons 15 Tube Rack with Falcon 15 mL Conical on 4,D1 of Opentrons 96 Well Aluminum Block with Generic PCR Strip 200 µL on 2,C4 of 3 on Temperature Module GEN2 on 3,2023-06-04
D4,y,Marionette,PB2,EZRDM,50uM,40ug,0,MarionettePB2|50uM|0,C3 of Opentrons 15 Tube Rack with Falcon 15 mL Conical on 4,D1 of Opentrons 96 Well Aluminum Block with Generic PCR Strip 200 µL on 2,D4 of 3 on Temperature Module GEN2 on 3,2023-06-04
E4,y,Marionette,PB2,EZRDM,50uM,40ug,1,MarionettePB2|50uM|1,C3 of Opentrons 15 Tube Rack with Falcon 15 mL Conical on 4,D1 of Opentrons 96 Well Aluminum Block with Generic PCR Strip 200 µL on 2,E4 of 3 on Temperature Module GEN2 on 3,2023-06-04
F4,y,Marionette,PB2,EZRDM,50uM,40ug,2,MarionettePB2|50uM|2,C3 of Opentrons 15 Tube Rack with Falcon 15 mL Conical on 4,D1 of Opentrons 96 Well Aluminum Block with Generic PCR Strip 200 µL on 2,F4 of 3 on Temperature Module GEN2 on 3,2023-06-04
G4,y,Marionette,PB2,EZRDM,75uM,40ug,0,MarionettePB2|75uM|0,A4 of Opentrons 15 Tube Rack with Falcon 15 mL Conical on 4,D1 of Opentrons 96 Well Aluminum Block with Generic PCR Strip 200 µL on 2,G4 of 3 on Temperature Module GEN2 on 3,2023-06-04
H4,y,Marionette,PB2,EZRDM,75uM,40ug,1,MarionettePB2|75uM|1,A4 of Opentrons 15 Tube Rack with Falcon 15 mL Conical on 4,D1 of Opentrons 96 Well Aluminum Block with Generic PCR Strip 200 µL on 2,H4 of 3 on Temperature Module GEN2 on 3,2023-06-04
I4,y,Marionette,PB2,EZRDM,75uM,40ug,2,MarionettePB2|75uM|2,A4 of Opentrons 15 Tube Rack with Falcon 15 mL Conical on 4,D1 of Opentrons 96 Well Aluminum Block with Generic PCR Strip 200 µL on 2,I4 of 3 on Temperature Module GEN2 on 3,2023-06-04
J4,y,Marionette,PB2,EZRDM,100uM,40ug,0,MarionettePB2|100uM|0,B4 of Opentrons 15 Tube Rack with Falcon 15 mL Conical on 4,D1 of Opentrons 96 Well Aluminum Block with Generic PCR Strip 200 µL on 2,J4 of 3 on Temperature Module GEN2 on 3,2023-06-04
K4,y,Marionette,PB2,EZRDM,100uM,40ug,1,MarionettePB2|100uM|1,B4 of Opentrons 15 Tube Rack with Falcon 15 mL Conical on 4,D1 of Opentrons 96 Well Aluminum Block with Generic PCR Strip 200 µL on 2,K4 of 3 on Temperature Module GEN2 on 3,2023-06-04
L4,y,Marionette,PB2,EZRDM,100uM,40ug,2,MarionettePB2|100uM|2,B4 of Opentrons 15 Tube Rack with Falcon 15 mL Conical on 4,D1 of Opentrons 96 Well Aluminum Block with Generic PCR Strip 200 µL on 2,L4 of 3 on Temperature Module GEN2 on 3,2023-06-04
M4,y,Marionette,PB2,EZRDM,125uM,40ug,0,MarionettePB2|125uM|0,C4 of Opentrons 15 Tube Rack with Falcon 15 mL Conical on 4,D1 of Opentrons 96 Well Aluminum Block with Generic PCR Strip 200 µL on 2,M4 of 3 on Temperature Module GEN2 on 3,2023-06-04
N4,y,Marionette,PB2,EZRDM,125uM,40ug,1,MarionettePB2|125uM|1,C4 of Opentrons 15 Tube Rack with Falcon 15 mL Conical on 4,D1 of Opentrons 96 Well Aluminum Block with Generic PCR Strip 200 µL on 2,N4 of 3 on Temperature Module GEN2 on 3,2023-06-04
O4,y,Marionette,PB2,EZRDM,125uM,40ug,2,MarionettePB2|125uM|2,C4 of Opentrons 15 Tube Rack with Falcon 15 mL Conical on 4,D1 of Opentrons 96 Well Aluminum Block with Generic PCR Strip 200 µL on 2,O4 of 3 on Temperature Module GEN2 on 3,2023-06-04
P4,y,Marionette,PB2,EZRDM,150um,40ug,0,MarionettePB2|150um|0,C1 of Opentrons 15 Tube Rack with Falcon 15 mL Conical on 4,D1 of Opentrons 96 Well Aluminum Block with Generic PCR Strip 200 µL on 2,P4 of 3 on Temperature Module GEN2 on 3,2023-06-04
A5,y,Marionette,PB2,EZRDM,150um,40ug,1,MarionettePB2|150um|1,C1 of Opentrons 15 Tube Rack with Falcon 15 mL Conical on 4,D1 of Opentrons 96 Well Aluminum Block with Generic PCR Strip 200 µL on 2,A5 of 3 on Temperature Module GEN2 on 3,2023-06-04
B5,y,Marionette,PB2,EZRDM,150um,40ug,2,MarionettePB2|150um|2,C1 of Opentrons 15 Tube Rack with Falcon 15 mL Conical on 4,D1 of Opentrons 96 Well Aluminum Block with Generic PCR Strip 200 µL on 2,B5 of 3 on Temperature Module GEN2 on 3,2023-06-04
C5,y,Marionette,PB3,EZRDM,0uM,40ug,0,MarionettePB3|0uM|0,A1 of Opentrons 15 Tube Rack with Falcon 15 mL Conical on 4,E1 of Opentrons 96 Well Aluminum Block with Generic PCR Strip 200 µL on 2,C5 of 3 on Temperature Module GEN2 on 3,2023-06-04
D5,y,Marionette,PB3,EZRDM,0uM,40ug,1,MarionettePB3|0uM|1,A1 of Opentrons 15 Tube Rack with Falcon 15 mL Conical on 4,E1 of Opentrons 96 Well Aluminum Block with Generic PCR Strip 200 µL on 2,D5 of 3 on Temperature Module GEN2 on 3,2023-06-04
E5,y,Marionette,PB3,EZRDM,0uM,40ug,2,MarionettePB3|0uM|2,A1 of Opentrons 15 Tube Rack with Falcon 15 mL Conical on 4,E1 of Opentrons 96 Well Aluminum Block with Generic PCR Strip 200 µL on 2,E5 of 3 on Temperature Module GEN2 on 3,2023-06-04
F5,y,Marionette,PB3,EZRDM,10uM,40ug,0,MarionettePB3|10uM|0,A3 of Opentrons 15 Tube Rack with Falcon 15 mL Conical on 4,E1 of Opentrons 96 Well Aluminum Block with Generic PCR Strip 200 µL on 2,F5 of 3 on Temperature Module GEN2 on 3,2023-06-04
G5,y,Marionette,PB3,EZRDM,10uM,40ug,1,MarionettePB3|10uM|1,A3 of Opentrons 15 Tube Rack with Falcon 15 mL Conical on 4,E1 of Opentrons 96 Well Aluminum Block with Generic PCR Strip 200 µL on 2,G5 of 3 on Temperature Module GEN2 on 3,2023-06-04
H5,y,Marionette,PB3,EZRDM,10uM,40ug,2,MarionettePB3|10uM|2,A3 of Opentrons 15 Tube Rack with Falcon 15 mL Conical on 4,E1 of Opentrons 96 Well Aluminum Block with Generic PCR Strip 200 µL on 2,H5 of 3 on Temperature Module GEN2 on 3,2023-06-04
I5,y,Marionette,PB3,EZRDM,25uM,40ug,0,MarionettePB3|25uM|0,B3 of Opentrons 15 Tube Rack with Falcon 15 mL Conical on 4,E1 of Opentrons 96 Well Aluminum Block with Generic PCR Strip 200 µL on 2,I5 of 3 on Temperature Module GEN2 on 3,2023-06-04
J5,y,Marionette,PB3,EZRDM,25uM,40ug,1,MarionettePB3|25uM|1,B3 of Opentrons 15 Tube Rack with Falcon 15 mL Conical on 4,E1 of Opentrons 96 Well Aluminum Block with Generic PCR Strip 200 µL on 2,J5 of 3 on Temperature Module GEN2 on 3,2023-06-04
K5,y,Marionette,PB3,EZRDM,25uM,40ug,2,MarionettePB3|25uM|2,B3 of Opentrons 15 Tube Rack with Falcon 15 mL Conical on 4,E1 of Opentrons 96 Well Aluminum Block with Generic PCR Strip 200 µL on 2,K5 of 3 on Temperature Module GEN2 on 3,2023-06-04
L5,y,Marionette,PB3,EZRDM,50uM,40ug,0,MarionettePB3|50uM|0,C3 of Opentrons 15 Tube Rack with Falcon 15 mL Conical on 4,E1 of Opentrons 96 Well Aluminum Block with Generic PCR Strip 200 µL on 2,L5 of 3 on Temperature Module GEN2 on 3,2023-06-04
M5,y,Marionette,PB3,EZRDM,50uM,40ug,1,MarionettePB3|50uM|1,C3 of Opentrons 15 Tube Rack with Falcon 15 mL Conical on 4,E1 of Opentrons 96 Well Aluminum Block with Generic PCR Strip 200 µL on 2,M5 of 3 on Temperature Module GEN2 on 3,2023-06-04
N5,y,Marionette,PB3,EZRDM,50uM,40ug,2,MarionettePB3|50uM|2,C3 of Opentrons 15 Tube Rack with Falcon 15 mL Conical on 4,E1 of Opentrons 96 Well Aluminum Block with Generic PCR Strip 200 µL on 2,N5 of 3 on Temperature Module GEN2 on 3,2023-06-04
O5,y,Marionette,PB3,EZRDM,75uM,40ug,0,MarionettePB3|75uM|0,A4 of Opentrons 15 Tube Rack with Falcon 15 mL Conical on 4,E1 of Opentrons 96 Well Aluminum Block with Generic PCR Strip 200 µL on 2,O5 of 3 on Temperature Module GEN2 on 3,2023-06-04
P5,y,Marionette,PB3,EZRDM,75uM,40ug,1,MarionettePB3|75uM|1,A4 of Opentrons 15 Tube Rack with Falcon 15 mL Conical on 4,E1 of Opentrons 96 Well Aluminum Block with Generic PCR Strip 200 µL on 2,P5 of 3 on Temperature Module GEN2 on 3,2023-06-04
A6,y,Marionette,PB3,EZRDM,75uM,40ug,2,MarionettePB3|75uM|2,A4 of Opentrons 15 Tube Rack with Falcon 15 mL Conical on 4,E1 of Opentrons 96 Well Aluminum Block with Generic PCR Strip 200 µL on 2,A6 of 3 on Temperature Module GEN2 on 3,2023-06-04
B6,y,Marionette,PB3,EZRDM,100uM,40ug,0,MarionettePB3|100uM|0,B4 of Opentrons 15 Tube Rack with Falcon 15 mL Conical on 4,E1 of Opentrons 96 Well Aluminum Block with Generic PCR Strip 200 µL on 2,B6 of 3 on Temperature Module GEN2 on 3,2023-06-04
C6,y,Marionette,PB3,EZRDM,100uM,40ug,1,MarionettePB3|100uM|1,B4 of Opentrons 15 Tube Rack with Falcon 15 mL Conical on 4,E1 of Opentrons 96 Well Aluminum Block with Generic PCR Strip 200 µL on 2,C6 of 3 on Temperature Module GEN2 on 3,2023-06-04
D6,y,Marionette,PB3,EZRDM,100uM,40ug,2,MarionettePB3|100uM|2,B4 of Opentrons 15 Tube Rack with Falcon 15 mL Conical on 4,E1 of Opentrons 96 Well Aluminum Block with Generic PCR Strip 200 µL on 2,D6 of 3 on Temperature Module GEN2 on 3,2023-06-04
E6,y,Marionette,PB3,EZRDM,125uM,40ug,0,MarionettePB3|125uM|0,C4 of Opentrons 15 Tube Rack with Falcon 15 mL Conical on 4,E1 of Opentrons 96 Well Aluminum Block with Generic PCR Strip 200 µL on 2,E6 of 3 on Temperature Module GEN2 on 3,2023-06-04
F6,y,Marionette,PB3,EZRDM,125uM,40ug,1,MarionettePB3|125uM|1,C4 of Opentrons 15 Tube Rack with Falcon 15 mL Conical on 4,E1 of Opentrons 96 Well Aluminum Block with Generic PCR Strip 200 µL on 2,F6 of 3 on Temperature Module GEN2 on 3,2023-06-04
G6,y,Marionette,PB3,EZRDM,125uM,40ug,2,MarionettePB3|125uM|2,C4 of Opentrons 15 Tube Rack with Falcon 15 mL Conical on 4,E1 of Opentrons 96 Well Aluminum Block with Generic PCR Strip 200 µL on 2,G6 of 3 on Temperature Module GEN2 on 3,2023-06-04
H6,y,Marionette,PB3,EZRDM,150um,40ug,0,MarionettePB3|150um|0,C1 of Opentrons 15 Tube Rack with Falcon 15 mL Conical on 4,E1 of Opentrons 96 Well Aluminum Block with Generic PCR Strip 200 µL on 2,H6 of 3 on Temperature Module GEN2 on 3,2023-06-04
I6,y,Marionette,PB3,EZRDM,150um,40ug,1,MarionettePB3|150um|1,C1 of Opentrons 15 Tube Rack with Falcon 15 mL Conical on 4,E1 of Opentrons 96 Well Aluminum Block with Generic PCR Strip 200 µL on 2,I6 of 3 on Temperature Module GEN2 on 3,2023-06-04
J6,y,Marionette,PB3,EZRDM,150um,40ug,2,MarionettePB3|150um|2,C1 of Opentrons 15 Tube Rack with Falcon 15 mL Conical on 4,E1 of Opentrons 96 Well Aluminum Block with Generic PCR Strip 200 µL on 2,J6 of 3 on Temperature Module GEN2 on 3,2023-06-04
K6,y,Marionette,PB4,EZRDM,0uM,40ug,0,MarionettePB4|0uM|0,A1 of Opentrons 15 Tube Rack with Falcon 15 mL Conical on 4,F1 of Opentrons 96 Well Aluminum Block with Generic PCR Strip 200 µL on 2,K6 of 3 on Temperature Module GEN2 on 3,2023-06-04
L6,y,Marionette,PB4,EZRDM,0uM,40ug,1,MarionettePB4|0uM|1,A1 of Opentrons 15 Tube Rack with Falcon 15 mL Conical on 4,F1 of Opentrons 96 Well Aluminum Block with Generic PCR Strip 200 µL on 2,L6 of 3 on Temperature Module GEN2 on 3,2023-06-04
M6,y,Marionette,PB4,EZRDM,0uM,40ug,2,MarionettePB4|0uM|2,A1 of Opentrons 15 Tube Rack with Falcon 15 mL Conical on 4,F1 of Opentrons 96 Well Aluminum Block with Generic PCR Strip 200 µL on 2,M6 of 3 on Temperature Module GEN2 on 3,2023-06-04
N6,y,Marionette,PB4,EZRDM,10uM,40ug,0,MarionettePB4|10uM|0,A3 of Opentrons 15 Tube Rack with Falcon 15 mL Conical on 4,F1 of Opentrons 96 Well Aluminum Block with Generic PCR Strip 200 µL on 2,N6 of 3 on Temperature Module GEN2 on 3,2023-06-04
O6,y,Marionette,PB4,EZRDM,10uM,40ug,1,MarionettePB4|10uM|1,A3 of Opentrons 15 Tube Rack with Falcon 15 mL Conical on 4,F1 of Opentrons 96 Well Aluminum Block with Generic PCR Strip 200 µL on 2,O6 of 3 on Temperature Module GEN2 on 3,2023-06-04
P6,y,Marionette,PB4,EZRDM,10uM,40ug,2,MarionettePB4|10uM|2,A3 of Opentrons 15 Tube Rack with Falcon 15 mL Conical on 4,F1 of Opentrons 96 Well Aluminum Block with Generic PCR Strip 200 µL on 2,P6 of 3 on Temperature Module GEN2 on 3,2023-06-04
A7,y,Marionette,PB4,EZRDM,25uM,40ug,0,MarionettePB4|25uM|0,B3 of Opentrons 15 Tube Rack with Falcon 15 mL Conical on 4,F1 of Opentrons 96 Well Aluminum Block with Generic PCR Strip 200 µL on 2,A7 of 3 on Temperature Module GEN2 on 3,2023-06-04
B7,y,Marionette,PB4,EZRDM,25uM,40ug,1,MarionettePB4|25uM|1,B3 of Opentrons 15 Tube Rack with Falcon 15 mL Conical on 4,F1 of Opentrons 96 Well Aluminum Block with Generic PCR Strip 200 µL on 2,B7 of 3 on Temperature Module GEN2 on 3,2023-06-04
C7,y,Marionette,PB4,EZRDM,25uM,40ug,2,MarionettePB4|25uM|2,B3 of Opentrons 15 Tube Rack with Falcon 15 mL Conical on 4,F1 of Opentrons 96 Well Aluminum Block with Generic PCR Strip 200 µL on 2,C7 of 3 on Temperature Module GEN2 on 3,2023-06-04
D7,y,Marionette,PB4,EZRDM,50uM,40ug,0,MarionettePB4|50uM|0,C3 of Opentrons 15 Tube Rack with Falcon 15 mL Conical on 4,F1 of Opentrons 96 Well Aluminum Block with Generic PCR Strip 200 µL on 2,D7 of 3 on Temperature Module GEN2 on 3,2023-06-04
E7,y,Marionette,PB4,EZRDM,50uM,40ug,1,MarionettePB4|50uM|1,C3 of Opentrons 15 Tube Rack with Falcon 15 mL Conical on 4,F1 of Opentrons 96 Well Aluminum Block with Generic PCR Strip 200 µL on 2,E7 of 3 on Temperature Module GEN2 on 3,2023-06-04
F7,y,Marionette,PB4,EZRDM,50uM,40ug,2,MarionettePB4|50uM|2,C3 of Opentrons 15 Tube Rack with Falcon 15 mL Conical on 4,F1 of Opentrons 96 Well Aluminum Block with Generic PCR Strip 200 µL on 2,F7 of 3 on Temperature Module GEN2 on 3,2023-06-04
G7,y,Marionette,PB4,EZRDM,75uM,40ug,0,MarionettePB4|75uM|0,A4 of Opentrons 15 Tube Rack with Falcon 15 mL Conical on 4,F1 of Opentrons 96 Well Aluminum Block with Generic PCR Strip 200 µL on 2,G7 of 3 on Temperature Module GEN2 on 3,2023-06-04
H7,y,Marionette,PB4,EZRDM,75uM,40ug,1,MarionettePB4|75uM|1,A4 of Opentrons 15 Tube Rack with Falcon 15 mL Conical on 4,F1 of Opentrons 96 Well Aluminum Block with Generic PCR Strip 200 µL on 2,H7 of 3 on Temperature Module GEN2 on 3,2023-06-04
I7,y,Marionette,PB4,EZRDM,75uM,40ug,2,MarionettePB4|75uM|2,A4 of Opentrons 15 Tube Rack with Falcon 15 mL Conical on 4,F1 of Opentrons 96 Well Aluminum Block with Generic PCR Strip 200 µL on 2,I7 of 3 on Temperature Module GEN2 on 3,2023-06-04
J7,y,Marionette,PB4,EZRDM,100uM,40ug,0,MarionettePB4|100uM|0,B4 of Opentrons 15 Tube Rack with Falcon 15 mL Conical on 4,F1 of Opentrons 96 Well Aluminum Block with Generic PCR Strip 200 µL on 2,J7 of 3 on Temperature Module GEN2 on 3,2023-06-04
K7,y,Marionette,PB4,EZRDM,100uM,40ug,1,MarionettePB4|100uM|1,B4 of Opentrons 15 Tube Rack with Falcon 15 mL Conical on 4,F1 of Opentrons 96 Well Aluminum Block with Generic PCR Strip 200 µL on 2,K7 of 3 on Temperature Module GEN2 on 3,2023-06-04
L7,y,Marionette,PB4,EZRDM,100uM,40ug,2,MarionettePB4|100uM|2,B4 of Opentrons 15 Tube Rack with Falcon 15 mL Conical on 4,F1 of Opentrons 96 Well Aluminum Block with Generic PCR Strip 200 µL on 2,L7 of 3 on Temperature Module GEN2 on 3,2023-06-04
M7,y,Marionette,PB4,EZRDM,125uM,40ug,0,MarionettePB4|125uM|0,C4 of Opentrons 15 Tube Rack with Falcon 15 mL Conical on 4,F1 of Opentrons 96 Well Aluminum Block with Generic PCR Strip 200 µL on 2,M7 of 3 on Temperature Module GEN2 on 3,2023-06-04
N7,y,Marionette,PB4,EZRDM,125uM,40ug,1,MarionettePB4|125uM|1,C4 of Opentrons 15 Tube Rack with Falcon 15 mL Conical on 4,F1 of Opentrons 96 Well Aluminum Block with Generic PCR Strip 200 µL on 2,N7 of 3 on Temperature Module GEN2 on 3,2023-06-04
O7,y,Marionette,PB4,EZRDM,125uM,40ug,2,MarionettePB4|125uM|2,C4 of Opentrons 15 Tube Rack with Falcon 15 mL Conical on 4,F1 of Opentrons 96 Well Aluminum Block with Generic PCR Strip 200 µL on 2,O7 of 3 on Temperature Module GEN2 on 3,2023-06-04
P7,y,Marionette,PB4,EZRDM,150um,40ug,0,MarionettePB4|150um|0,C1 of Opentrons 15 Tube Rack with Falcon 15 mL Conical on 4,F1 of Opentrons 96 Well Aluminum Block with Generic PCR Strip 200 µL on 2,P7 of 3 on Temperature Module GEN2 on 3,2023-06-04
A8,y,Marionette,PB4,EZRDM,150um,40ug,1,MarionettePB4|150um|1,C1 of Opentrons 15 Tube Rack with Falcon 15 mL Conical on 4,F1 of Opentrons 96 Well Aluminum Block with Generic PCR Strip 200 µL on 2,A8 of 3 on Temperature Module GEN2 on 3,2023-06-04
B8,y,Marionette,PB4,EZRDM,150um,40ug,2,MarionettePB4|150um|2,C1 of Opentrons 15 Tube Rack with Falcon 15 mL Conical on 4,F1 of Opentrons 96 Well Aluminum Block with Generic PCR Strip 200 µL on 2,B8 of 3 on Temperature Module GEN2 on 3,2023-06-04
C8,y,Marionette,PB5,EZRDM,0uM,40ug,0,MarionettePB5|0uM|0,A1 of Opentrons 15 Tube Rack with Falcon 15 mL Conical on 4,G1 of Opentrons 96 Well Aluminum Block with Generic PCR Strip 200 µL on 2,C8 of 3 on Temperature Module GEN2 on 3,2023-06-04
D8,y,Marionette,PB5,EZRDM,0uM,40ug,1,MarionettePB5|0uM|1,A1 of Opentrons 15 Tube Rack with Falcon 15 mL Conical on 4,G1 of Opentrons 96 Well Aluminum Block with Generic PCR Strip 200 µL on 2,D8 of 3 on Temperature Module GEN2 on 3,2023-06-04
E8,y,Marionette,PB5,EZRDM,0uM,40ug,2,MarionettePB5|0uM|2,A1 of Opentrons 15 Tube Rack with Falcon 15 mL Conical on 4,G1 of Opentrons 96 Well Aluminum Block with Generic PCR Strip 200 µL on 2,E8 of 3 on Temperature Module GEN2 on 3,2023-06-04
F8,y,Marionette,PB5,EZRDM,10uM,40ug,0,MarionettePB5|10uM|0,A3 of Opentrons 15 Tube Rack with Falcon 15 mL Conical on 4,G1 of Opentrons 96 Well Aluminum Block with Generic PCR Strip 200 µL on 2,F8 of 3 on Temperature Module GEN2 on 3,2023-06-04
G8,y,Marionette,PB5,EZRDM,10uM,40ug,1,MarionettePB5|10uM|1,A3 of Opentrons 15 Tube Rack with Falcon 15 mL Conical on 4,G1 of Opentrons 96 Well Aluminum Block with Generic PCR Strip 200 µL on 2,G8 of 3 on Temperature Module GEN2 on 3,2023-06-04
H8,y,Marionette,PB5,EZRDM,10uM,40ug,2,MarionettePB5|10uM|2,A3 of Opentrons 15 Tube Rack with Falcon 15 mL Conical on 4,G1 of Opentrons 96 Well Aluminum Block with Generic PCR Strip 200 µL on 2,H8 of 3 on Temperature Module GEN2 on 3,2023-06-04
I8,y,Marionette,PB5,EZRDM,25uM,40ug,0,MarionettePB5|25uM|0,B3 of Opentrons 15 Tube Rack with Falcon 15 mL Conical on 4,G1 of Opentrons 96 Well Aluminum Block with Generic PCR Strip 200 µL on 2,I8 of 3 on Temperature Module GEN2 on 3,2023-06-04
J8,y,Marionette,PB5,EZRDM,25uM,40ug,1,MarionettePB5|25uM|1,B3 of Opentrons 15 Tube Rack with Falcon 15 mL Conical on 4,G1 of Opentrons 96 Well Aluminum Block with Generic PCR Strip 200 µL on 2,J8 of 3 on Temperature Module GEN2 on 3,2023-06-04
K8,y,Marionette,PB5,EZRDM,25uM,40ug,2,MarionettePB5|25uM|2,B3 of Opentrons 15 Tube Rack with Falcon 15 mL Conical on 4,G1 of Opentrons 96 Well Aluminum Block with Generic PCR Strip 200 µL on 2,K8 of 3 on Temperature Module GEN2 on 3,2023-06-04
L8,y,Marionette,PB5,EZRDM,50uM,40ug,0,MarionettePB5|50uM|0,C3 of Opentrons 15 Tube Rack with Falcon 15 mL Conical on 4,G1 of Opentrons 96 Well Aluminum Block with Generic PCR Strip 200 µL on 2,L8 of 3 on Temperature Module GEN2 on 3,2023-06-04
M8,y,Marionette,PB5,EZRDM,50uM,40ug,1,MarionettePB5|50uM|1,C3 of Opentrons 15 Tube Rack with Falcon 15 mL Conical on 4,G1 of Opentrons 96 Well Aluminum Block with Generic PCR Strip 200 µL on 2,M8 of 3 on Temperature Module GEN2 on 3,2023-06-04
N8,y,Marionette,PB5,EZRDM,50uM,40ug,2,MarionettePB5|50uM|2,C3 of Opentrons 15 Tube Rack with Falcon 15 mL Conical on 4,G1 of Opentrons 96 Well Aluminum Block with Generic PCR Strip 200 µL on 2,N8 of 3 on Temperature Module GEN2 on 3,2023-06-04
O8,y,Marionette,PB5,EZRDM,75uM,40ug,0,MarionettePB5|75uM|0,A4 of Opentrons 15 Tube Rack with Falcon 15 mL Conical on 4,G1 of Opentrons 96 Well Aluminum Block with Generic PCR Strip 200 µL on 2,O8 of 3 on Temperature Module GEN2 on 3,2023-06-04
P8,y,Marionette,PB5,EZRDM,75uM,40ug,1,MarionettePB5|75uM|1,A4 of Opentrons 15 Tube Rack with Falcon 15 mL Conical on 4,G1 of Opentrons 96 Well Aluminum Block with Generic PCR Strip 200 µL on 2,P8 of 3 on Temperature Module GEN2 on 3,2023-06-04
A9,y,Marionette,PB5,EZRDM,75uM,40ug,2,MarionettePB5|75uM|2,A4 of Opentrons 15 Tube Rack with Falcon 15 mL Conical on 4,G1 of Opentrons 96 Well Aluminum Block with Generic PCR Strip 200 µL on 2,A9 of 3 on Temperature Module GEN2 on 3,2023-06-04
B9,y,Marionette,PB5,EZRDM,100uM,40ug,0,MarionettePB5|100uM|0,B4 of Opentrons 15 Tube Rack with Falcon 15 mL Conical on 4,G1 of Opentrons 96 Well Aluminum Block with Generic PCR Strip 200 µL on 2,B9 of 3 on Temperature Module GEN2 on 3,2023-06-04
C9,y,Marionette,PB5,EZRDM,100uM,40ug,1,MarionettePB5|100uM|1,B4 of Opentrons 15 Tube Rack with Falcon 15 mL Conical on 4,G1 of Opentrons 96 Well Aluminum Block with Generic PCR Strip 200 µL on 2,C9 of 3 on Temperature Module GEN2 on 3,2023-06-04
D9,y,Marionette,PB5,EZRDM,100uM,40ug,2,MarionettePB5|100uM|2,B4 of Opentrons 15 Tube Rack with Falcon 15 mL Conical on 4,G1 of Opentrons 96 Well Aluminum Block with Generic PCR Strip 200 µL on 2,D9 of 3 on Temperature Module GEN2 on 3,2023-06-04
E9,y,Marionette,PB5,EZRDM,125uM,40ug,0,MarionettePB5|125uM|0,C4 of Opentrons 15 Tube Rack with Falcon 15 mL Conical on 4,G1 of Opentrons 96 Well Aluminum Block with Generic PCR Strip 200 µL on 2,E9 of 3 on Temperature Module GEN2 on 3,2023-06-04
F9,y,Marionette,PB5,EZRDM,125uM,40ug,1,MarionettePB5|125uM|1,C4 of Opentrons 15 Tube Rack with Falcon 15 mL Conical on 4,G1 of Opentrons 96 Well Aluminum Block with Generic PCR Strip 200 µL on 2,F9 of 3 on Temperature Module GEN2 on 3,2023-06-04
G9,y,Marionette,PB5,EZRDM,125uM,40ug,2,MarionettePB5|125uM|2,C4 of Opentrons 15 Tube Rack with Falcon 15 mL Conical on 4,G1 of Opentrons 96 Well Aluminum Block with Generic PCR Strip 200 µL on 2,G9 of 3 on Temperature Module GEN2 on 3,2023-06-04
H9,y,Marionette,PB5,EZRDM,150um,40ug,0,MarionettePB5|150um|0,C1 of Opentrons 15 Tube Rack with Falcon 15 mL Conical on 4,G1 of Opentrons 96 Well Aluminum Block with Generic PCR Strip 200 µL on 2,H9 of 3 on Temperature Module GEN2 on 3,2023-06-04
I9,y,Marionette,PB5,EZRDM,150um,40ug,1,MarionettePB5|150um|1,C1 of Opentrons 15 Tube Rack with Falcon 15 mL Conical on 4,G1 of Opentrons 96 Well Aluminum Block with Generic PCR Strip 200 µL on 2,I9 of 3 on Temperature Module GEN2 on 3,2023-06-04
J9,y,Marionette,PB5,EZRDM,150um,40ug,2,MarionettePB5|150um|2,C1 of Opentrons 15 Tube Rack with Falcon 15 mL Conical on 4,G1 of Opentrons 96 Well Aluminum Block with Generic PCR Strip 200 µL on 2,J9 of 3 on Temperature Module GEN2 on 3,2023-06-04
K9,y,Marionette,PB6,EZRDM,0uM,40ug,0,MarionettePB6|0uM|0,A1 of Opentrons 15 Tube Rack with Falcon 15 mL Conical on 4,H1 of Opentrons 96 Well Aluminum Block with Generic PCR Strip 200 µL on 2,K9 of 3 on Temperature Module GEN2 on 3,2023-06-04
L9,y,Marionette,PB6,EZRDM,0uM,40ug,1,MarionettePB6|0uM|1,A1 of Opentrons 15 Tube Rack with Falcon 15 mL Conical on 4,H1 of Opentrons 96 Well Aluminum Block with Generic PCR Strip 200 µL on 2,L9 of 3 on Temperature Module GEN2 on 3,2023-06-04
M9,y,Marionette,PB6,EZRDM,0uM,40ug,2,MarionettePB6|0uM|2,A1 of Opentrons 15 Tube Rack with Falcon 15 mL Conical on 4,H1 of Opentrons 96 Well Aluminum Block with Generic PCR Strip 200 µL on 2,M9 of 3 on Temperature Module GEN2 on 3,2023-06-04
N9,y,Marionette,PB6,EZRDM,10uM,40ug,0,MarionettePB6|10uM|0,A3 of Opentrons 15 Tube Rack with Falcon 15 mL Conical on 4,H1 of Opentrons 96 Well Aluminum Block with Generic PCR Strip 200 µL on 2,N9 of 3 on Temperature Module GEN2 on 3,2023-06-04
O9,y,Marionette,PB6,EZRDM,10uM,40ug,1,MarionettePB6|10uM|1,A3 of Opentrons 15 Tube Rack with Falcon 15 mL Conical on 4,H1 of Opentrons 96 Well Aluminum Block with Generic PCR Strip 200 µL on 2,O9 of 3 on Temperature Module GEN2 on 3,2023-06-04
P9,y,Marionette,PB6,EZRDM,10uM,40ug,2,MarionettePB6|10uM|2,A3 of Opentrons 15 Tube Rack with Falcon 15 mL Conical on 4,H1 of Opentrons 96 Well Aluminum Block with Generic PCR Strip 200 µL on 2,P9 of 3 on Temperature Module GEN2 on 3,2023-06-04
A10,y,Marionette,PB6,EZRDM,25uM,40ug,0,MarionettePB6|25uM|0,B3 of Opentrons 15 Tube Rack with Falcon 15 mL Conical on 4,H1 of Opentrons 96 Well Aluminum Block with Generic PCR Strip 200 µL on 2,A10 of 3 on Temperature Module GEN2 on 3,2023-06-04
B10,y,Marionette,PB6,EZRDM,25uM,40ug,1,MarionettePB6|25uM|1,B3 of Opentrons 15 Tube Rack with Falcon 15 mL Conical on 4,H1 of Opentrons 96 Well Aluminum Block with Generic PCR Strip 200 µL on 2,B10 of 3 on Temperature Module GEN2 on 3,2023-06-04
C10,y,Marionette,PB6,EZRDM,25uM,40ug,2,MarionettePB6|25uM|2,B3 of Opentrons 15 Tube Rack with Falcon 15 mL Conical on 4,H1 of Opentrons 96 Well Aluminum Block with Generic PCR Strip 200 µL on 2,C10 of 3 on Temperature Module GEN2 on 3,2023-06-04
D10,y,Marionette,PB6,EZRDM,50uM,40ug,0,MarionettePB6|50uM|0,C3 of Opentrons 15 Tube Rack with Falcon 15 mL Conical on 4,H1 of Opentrons 96 Well Aluminum Block with Generic PCR Strip 200 µL on 2,D10 of 3 on Temperature Module GEN2 on 3,2023-06-04
E10,y,Marionette,PB6,EZRDM,50uM,40ug,1,MarionettePB6|50uM|1,C3 of Opentrons 15 Tube Rack with Falcon 15 mL Conical on 4,H1 of Opentrons 96 Well Aluminum Block with Generic PCR Strip 200 µL on 2,E10 of 3 on Temperature Module GEN2 on 3,2023-06-04
F10,y,Marionette,PB6,EZRDM,50uM,40ug,2,MarionettePB6|50uM|2,C3 of Opentrons 15 Tube Rack with Falcon 15 mL Conical on 4,H1 of Opentrons 96 Well Aluminum Block with Generic PCR Strip 200 µL on 2,F10 of 3 on Temperature Module GEN2 on 3,2023-06-04
G10,y,Marionette,PB6,EZRDM,75uM,40ug,0,MarionettePB6|75uM|0,A4 of Opentrons 15 Tube Rack with Falcon 15 mL Conical on 4,H1 of Opentrons 96 Well Aluminum Block with Generic PCR Strip 200 µL on 2,G10 of 3 on Temperature Module GEN2 on 3,2023-06-04
H10,y,Marionette,PB6,EZRDM,75uM,40ug,1,MarionettePB6|75uM|1,A4 of Opentrons 15 Tube Rack with Falcon 15 mL Conical on 4,H1 of Opentrons 96 Well Aluminum Block with Generic PCR Strip 200 µL on 2,H10 of 3 on Temperature Module GEN2 on 3,2023-06-04
I10,y,Marionette,PB6,EZRDM,75uM,40ug,2,MarionettePB6|75uM|2,A4 of Opentrons 15 Tube Rack with Falcon 15 mL Conical on 4,H1 of Opentrons 96 Well Aluminum Block with Generic PCR Strip 200 µL on 2,I10 of 3 on Temperature Module GEN2 on 3,2023-06-04
J10,y,Marionette,PB6,EZRDM,100uM,40ug,0,MarionettePB6|100uM|0,B4 of Opentrons 15 Tube Rack with Falcon 15 mL Conical on 4,H1 of Opentrons 96 Well Aluminum Block with Generic PCR Strip 200 µL on 2,J10 of 3 on Temperature Module GEN2 on 3,2023-06-04
K10,y,Marionette,PB6,EZRDM,100uM,40ug,1,MarionettePB6|100uM|1,B4 of Opentrons 15 Tube Rack with Falcon 15 mL Conical on 4,H1 of Opentrons 96 Well Aluminum Block with Generic PCR Strip 200 µL on 2,K10 of 3 on Temperature Module GEN2 on 3,2023-06-04
L10,y,Marionette,PB6,EZRDM,100uM,40ug,2,MarionettePB6|100uM|2,B4 of Opentrons 15 Tube Rack with Falcon 15 mL Conical on 4,H1 of Opentrons 96 Well Aluminum Block with Generic PCR Strip 200 µL on 2,L10 of 3 on Temperature Module GEN2 on 3,2023-06-04
M10,y,Marionette,PB6,EZRDM,125uM,40ug,0,MarionettePB6|125uM|0,C4 of Opentrons 15 Tube Rack with Falcon 15 mL Conical on 4,H1 of Opentrons 96 Well Aluminum Block with Generic PCR Strip 200 µL on 2,M10 of 3 on Temperature Module GEN2 on 3,2023-06-04
N10,y,Marionette,PB6,EZRDM,125uM,40ug,1,MarionettePB6|125uM|1,C4 of Opentrons 15 Tube Rack with Falcon 15 mL Conical on 4,H1 of Opentrons 96 Well Aluminum Block with Generic PCR Strip 200 µL on 2,N10 of 3 on Temperature Module GEN2 on 3,2023-06-04
O10,y,Marionette,PB6,EZRDM,125uM,40ug,2,MarionettePB6|125uM|2,C4 of Opentrons 15 Tube Rack with Falcon 15 mL Conical on 4,H1 of Opentrons 96 Well Aluminum Block with Generic PCR Strip 200 µL on 2,O10 of 3 on Temperature Module GEN2 on 3,2023-06-04
P10,y,Marionette,PB6,EZRDM,150um,40ug,0,MarionettePB6|150um|0,C1 of Opentrons 15 Tube Rack with Falcon 15 mL Conical on 4,H1 of Opentrons 96 Well Aluminum Block with Generic PCR Strip 200 µL on 2,P10 of 3 on Temperature Module GEN2 on 3,2023-06-04
A11,y,Marionette,PB6,EZRDM,150um,40ug,1,MarionettePB6|150um|1,C1 of Opentrons 15 Tube Rack with Falcon 15 mL Conical on 4,H1 of Opentrons 96 Well Aluminum Block with Generic PCR Strip 200 µL on 2,A11 of 3 on Temperature Module GEN2 on 3,2023-06-04
B11,y,Marionette,PB6,EZRDM,150um,40ug,2,MarionettePB6|150um|2,C1 of Opentrons 15 Tube Rack with Falcon 15 mL Conical on 4,H1 of Opentrons 96 Well Aluminum Block with Generic PCR Strip 200 µL on 2,B11 of 3 on Temperature Module GEN2 on 3,2023-06-04
C11,y,Marionette,PB7,EZRDM,0uM,40ug,0,MarionettePB7|0uM|0,A1 of Opentrons 15 Tube Rack with Falcon 15 mL Conical on 4,A3 of Opentrons 96 Well Aluminum Block with Generic PCR Strip 200 µL on 2,C11 of 3 on Temperature Module GEN2 on 3,2023-06-04
D11,y,Marionette,PB7,EZRDM,0uM,40ug,1,MarionettePB7|0uM|1,A1 of Opentrons 15 Tube Rack with Falcon 15 mL Conical on 4,A3 of Opentrons 96 Well Aluminum Block with Generic PCR Strip 200 µL on 2,D11 of 3 on Temperature Module GEN2 on 3,2023-06-04
E11,y,Marionette,PB7,EZRDM,0uM,40ug,2,MarionettePB7|0uM|2,A1 of Opentrons 15 Tube Rack with Falcon 15 mL Conical on 4,A3 of Opentrons 96 Well Aluminum Block with Generic PCR Strip 200 µL on 2,E11 of 3 on Temperature Module GEN2 on 3,2023-06-04
F11,y,Marionette,PB7,EZRDM,10uM,40ug,0,MarionettePB7|10uM|0,A3 of Opentrons 15 Tube Rack with Falcon 15 mL Conical on 4,A3 of Opentrons 96 Well Aluminum Block with Generic PCR Strip 200 µL on 2,F11 of 3 on Temperature Module GEN2 on 3,2023-06-04
G11,y,Marionette,PB7,EZRDM,10uM,40ug,1,MarionettePB7|10uM|1,A3 of Opentrons 15 Tube Rack with Falcon 15 mL Conical on 4,A3 of Opentrons 96 Well Aluminum Block with Generic PCR Strip 200 µL on 2,G11 of 3 on Temperature Module GEN2 on 3,2023-06-04
H11,y,Marionette,PB7,EZRDM,10uM,40ug,2,MarionettePB7|10uM|2,A3 of Opentrons 15 Tube Rack with Falcon 15 mL Conical on 4,A3 of Opentrons 96 Well Aluminum Block with Generic PCR Strip 200 µL on 2,H11 of 3 on Temperature Module GEN2 on 3,2023-06-04
I11,y,Marionette,PB7,EZRDM,25uM,40ug,0,MarionettePB7|25uM|0,B3 of Opentrons 15 Tube Rack with Falcon 15 mL Conical on 4,A3 of Opentrons 96 Well Aluminum Block with Generic PCR Strip 200 µL on 2,I11 of 3 on Temperature Module GEN2 on 3,2023-06-04
J11,y,Marionette,PB7,EZRDM,25uM,40ug,1,MarionettePB7|25uM|1,B3 of Opentrons 15 Tube Rack with Falcon 15 mL Conical on 4,A3 of Opentrons 96 Well Aluminum Block with Generic PCR Strip 200 µL on 2,J11 of 3 on Temperature Module GEN2 on 3,2023-06-04
K11,y,Marionette,PB7,EZRDM,25uM,40ug,2,MarionettePB7|25uM|2,B3 of Opentrons 15 Tube Rack with Falcon 15 mL Conical on 4,A3 of Opentrons 96 Well Aluminum Block with Generic PCR Strip 200 µL on 2,K11 of 3 on Temperature Module GEN2 on 3,2023-06-04
L11,y,Marionette,PB7,EZRDM,50uM,40ug,0,MarionettePB7|50uM|0,C3 of Opentrons 15 Tube Rack with Falcon 15 mL Conical on 4,A3 of Opentrons 96 Well Aluminum Block with Generic PCR Strip 200 µL on 2,L11 of 3 on Temperature Module GEN2 on 3,2023-06-04
M11,y,Marionette,PB7,EZRDM,50uM,40ug,1,MarionettePB7|50uM|1,C3 of Opentrons 15 Tube Rack with Falcon 15 mL Conical on 4,A3 of Opentrons 96 Well Aluminum Block with Generic PCR Strip 200 µL on 2,M11 of 3 on Temperature Module GEN2 on 3,2023-06-04
N11,y,Marionette,PB7,EZRDM,50uM,40ug,2,MarionettePB7|50uM|2,C3 of Opentrons 15 Tube Rack with Falcon 15 mL Conical on 4,A3 of Opentrons 96 Well Aluminum Block with Generic PCR Strip 200 µL on 2,N11 of 3 on Temperature Module GEN2 on 3,2023-06-04
O11,y,Marionette,PB7,EZRDM,75uM,40ug,0,MarionettePB7|75uM|0,A4 of Opentrons 15 Tube Rack with Falcon 15 mL Conical on 4,A3 of Opentrons 96 Well Aluminum Block with Generic PCR Strip 200 µL on 2,O11 of 3 on Temperature Module GEN2 on 3,2023-06-04
P11,y,Marionette,PB7,EZRDM,75uM,40ug,1,MarionettePB7|75uM|1,A4 of Opentrons 15 Tube Rack with Falcon 15 mL Conical on 4,A3 of Opentrons 96 Well Aluminum Block with Generic PCR Strip 200 µL on 2,P11 of 3 on Temperature Module GEN2 on 3,2023-06-04
A12,y,Marionette,PB7,EZRDM,75uM,40ug,2,MarionettePB7|75uM|2,A4 of Opentrons 15 Tube Rack with Falcon 15 mL Conical on 4,A3 of Opentrons 96 Well Aluminum Block with Generic PCR Strip 200 µL on 2,A12 of 3 on Temperature Module GEN2 on 3,2023-06-04
B12,y,Marionette,PB7,EZRDM,100uM,40ug,0,MarionettePB7|100uM|0,B4 of Opentrons 15 Tube Rack with Falcon 15 mL Conical on 4,A3 of Opentrons 96 Well Aluminum Block with Generic PCR Strip 200 µL on 2,B12 of 3 on Temperature Module GEN2 on 3,2023-06-04
C12,y,Marionette,PB7,EZRDM,100uM,40ug,1,MarionettePB7|100uM|1,B4 of Opentrons 15 Tube Rack with Falcon 15 mL Conical on 4,A3 of Opentrons 96 Well Aluminum Block with Generic PCR Strip 200 µL on 2,C12 of 3 on Temperature Module GEN2 on 3,2023-06-04
D12,y,Marionette,PB7,EZRDM,100uM,40ug,2,MarionettePB7|100uM|2,B4 of Opentrons 15 Tube Rack with Falcon 15 mL Conical on 4,A3 of Opentrons 96 Well Aluminum Block with Generic PCR Strip 200 µL on 2,D12 of 3 on Temperature Module GEN2 on 3,2023-06-04
E12,y,Marionette,PB7,EZRDM,125uM,40ug,0,MarionettePB7|125uM|0,C4 of Opentrons 15 Tube Rack with Falcon 15 mL Conical on 4,A3 of Opentrons 96 Well Aluminum Block with Generic PCR Strip 200 µL on 2,E12 of 3 on Temperature Module GEN2 on 3,2023-06-04
F12,y,Marionette,PB7,EZRDM,125uM,40ug,1,MarionettePB7|125uM|1,C4 of Opentrons 15 Tube Rack with Falcon 15 mL Conical on 4,A3 of Opentrons 96 Well Aluminum Block with Generic PCR Strip 200 µL on 2,F12 of 3 on Temperature Module GEN2 on 3,2023-06-04
G12,y,Marionette,PB7,EZRDM,125uM,40ug,2,MarionettePB7|125uM|2,C4 of Opentrons 15 Tube Rack with Falcon 15 mL Conical on 4,A3 of Opentrons 96 Well Aluminum Block with Generic PCR Strip 200 µL on 2,G12 of 3 on Temperature Module GEN2 on 3,2023-06-04
H12,y,Marionette,PB7,EZRDM,150um,40ug,0,MarionettePB7|150um|0,C1 of Opentrons 15 Tube Rack with Falcon 15 mL Conical on 4,A3 of Opentrons 96 Well Aluminum Block with Generic PCR Strip 200 µL on 2,H12 of 3 on Temperature Module GEN2 on 3,2023-06-04
I12,y,Marionette,PB7,EZRDM,150um,40ug,1,MarionettePB7|150um|1,C1 of Opentrons 15 Tube Rack with Falcon 15 mL Conical on 4,A3 of Opentrons 96 Well Aluminum Block with Generic PCR Strip 200 µL on 2,I12 of 3 on Temperature Module GEN2 on 3,2023-06-04
J12,y,Marionette,PB7,EZRDM,150um,40ug,2,MarionettePB7|150um|2,C1 of Opentrons 15 Tube Rack with Falcon 15 mL Conical on 4,A3 of Opentrons 96 Well Aluminum Block with Generic PCR Strip 200 µL on 2,J12 of 3 on Temperature Module GEN2 on 3,2023-06-04
K12,y,TOP10,PB1,EZRDM,0uM,40ug,0,TOP10PB1|0uM|0,A1 of Opentrons 15 Tube Rack with Falcon 15 mL Conical on 4,C1 of Opentrons 96 Well Aluminum Block with Generic PCR Strip 200 µL on 2,K12 of 3 on Temperature Module GEN2 on 3,2023-06-04
L12,y,TOP10,PB1,EZRDM,0uM,40ug,1,TOP10PB1|0uM|1,A1 of Opentrons 15 Tube Rack with Falcon 15 mL Conical on 4,C1 of Opentrons 96 Well Aluminum Block with Generic PCR Strip 200 µL on 2,L12 of 3 on Temperature Module GEN2 on 3,2023-06-04
M12,y,TOP10,PB1,EZRDM,0uM,40ug,2,TOP10PB1|0uM|2,A1 of Opentrons 15 Tube Rack with Falcon 15 mL Conical on 4,C1 of Opentrons 96 Well Aluminum Block with Generic PCR Strip 200 µL on 2,M12 of 3 on Temperature Module GEN2 on 3,2023-06-04
N12,y,TOP10,PB1,EZRDM,10uM,40ug,0,TOP10PB1|10uM|0,A3 of Opentrons 15 Tube Rack with Falcon 15 mL Conical on 4,C1 of Opentrons 96 Well Aluminum Block with Generic PCR Strip 200 µL on 2,N12 of 3 on Temperature Module GEN2 on 3,2023-06-04
O12,y,TOP10,PB1,EZRDM,10uM,40ug,1,TOP10PB1|10uM|1,A3 of Opentrons 15 Tube Rack with Falcon 15 mL Conical on 4,C1 of Opentrons 96 Well Aluminum Block with Generic PCR Strip 200 µL on 2,O12 of 3 on Temperature Module GEN2 on 3,2023-06-04
P12,y,TOP10,PB1,EZRDM,10uM,40ug,2,TOP10PB1|10uM|2,A3 of Opentrons 15 Tube Rack with Falcon 15 mL Conical on 4,C1 of Opentrons 96 Well Aluminum Block with Generic PCR Strip 200 µL on 2,P12 of 3 on Temperature Module GEN2 on 3,2023-06-04
A13,y,TOP10,PB1,EZRDM,25uM,40ug,0,TOP10PB1|25uM|0,B3 of Opentrons 15 Tube Rack with Falcon 15 mL Conical on 4,C1 of Opentrons 96 Well Aluminum Block with Generic PCR Strip 200 µL on 2,A13 of 3 on Temperature Module GEN2 on 3,2023-06-04
B13,y,TOP10,PB1,EZRDM,25uM,40ug,1,TOP10PB1|25uM|1,B3 of Opentrons 15 Tube Rack with Falcon 15 mL Conical on 4,C1 of Opentrons 96 Well Aluminum Block with Generic PCR Strip 200 µL on 2,B13 of 3 on Temperature Module GEN2 on 3,2023-06-04
C13,y,TOP10,PB1,EZRDM,25uM,40ug,2,TOP10PB1|25uM|2,B3 of Opentrons 15 Tube Rack with Falcon 15 mL Conical on 4,C1 of Opentrons 96 Well Aluminum Block with Generic PCR Strip 200 µL on 2,C13 of 3 on Temperature Module GEN2 on 3,2023-06-04
D13,y,TOP10,PB1,EZRDM,50uM,40ug,0,TOP10PB1|50uM|0,C3 of Opentrons 15 Tube Rack with Falcon 15 mL Conical on 4,C1 of Opentrons 96 Well Aluminum Block with Generic PCR Strip 200 µL on 2,D13 of 3 on Temperature Module GEN2 on 3,2023-06-04
E13,y,TOP10,PB1,EZRDM,50uM,40ug,1,TOP10PB1|50uM|1,C3 of Opentrons 15 Tube Rack with Falcon 15 mL Conical on 4,C1 of Opentrons 96 Well Aluminum Block with Generic PCR Strip 200 µL on 2,E13 of 3 on Temperature Module GEN2 on 3,2023-06-04
F13,y,TOP10,PB1,EZRDM,50uM,40ug,2,TOP10PB1|50uM|2,C3 of Opentrons 15 Tube Rack with Falcon 15 mL Conical on 4,C1 of Opentrons 96 Well Aluminum Block with Generic PCR Strip 200 µL on 2,F13 of 3 on Temperature Module GEN2 on 3,2023-06-04
G13,y,TOP10,PB1,EZRDM,75uM,40ug,0,TOP10PB1|75uM|0,A4 of Opentrons 15 Tube Rack with Falcon 15 mL Conical on 4,C1 of Opentrons 96 Well Aluminum Block with Generic PCR Strip 200 µL on 2,G13 of 3 on Temperature Module GEN2 on 3,2023-06-04
H13,y,TOP10,PB1,EZRDM,75uM,40ug,1,TOP10PB1|75uM|1,A4 of Opentrons 15 Tube Rack with Falcon 15 mL Conical on 4,C1 of Opentrons 96 Well Aluminum Block with Generic PCR Strip 200 µL on 2,H13 of 3 on Temperature Module GEN2 on 3,2023-06-04
I13,y,TOP10,PB1,EZRDM,75uM,40ug,2,TOP10PB1|75uM|2,A4 of Opentrons 15 Tube Rack with Falcon 15 mL Conical on 4,C1 of Opentrons 96 Well Aluminum Block with Generic PCR Strip 200 µL on 2,I13 of 3 on Temperature Module GEN2 on 3,2023-06-04
J13,y,TOP10,PB1,EZRDM,100uM,40ug,0,TOP10PB1|100uM|0,B4 of Opentrons 15 Tube Rack with Falcon 15 mL Conical on 4,C1 of Opentrons 96 Well Aluminum Block with Generic PCR Strip 200 µL on 2,J13 of 3 on Temperature Module GEN2 on 3,2023-06-04
K13,y,TOP10,PB1,EZRDM,100uM,40ug,1,TOP10PB1|100uM|1,B4 of Opentrons 15 Tube Rack with Falcon 15 mL Conical on 4,C1 of Opentrons 96 Well Aluminum Block with Generic PCR Strip 200 µL on 2,K13 of 3 on Temperature Module GEN2 on 3,2023-06-04
L13,y,TOP10,PB1,EZRDM,100uM,40ug,2,TOP10PB1|100uM|2,B4 of Opentrons 15 Tube Rack with Falcon 15 mL Conical on 4,C1 of Opentrons 96 Well Aluminum Block with Generic PCR Strip 200 µL on 2,L13 of 3 on Temperature Module GEN2 on 3,2023-06-04
M13,y,TOP10,PB1,EZRDM,125uM,40ug,0,TOP10PB1|125uM|0,C4 of Opentrons 15 Tube Rack with Falcon 15 mL Conical on 4,C1 of Opentrons 96 Well Aluminum Block with Generic PCR Strip 200 µL on 2,M13 of 3 on Temperature Module GEN2 on 3,2023-06-04
N13,y,TOP10,PB1,EZRDM,125uM,40ug,1,TOP10PB1|125uM|1,C4 of Opentrons 15 Tube Rack with Falcon 15 mL Conical on 4,C1 of Opentrons 96 Well Aluminum Block with Generic PCR Strip 200 µL on 2,N13 of 3 on Temperature Module GEN2 on 3,2023-06-04
O13,y,TOP10,PB1,EZRDM,125uM,40ug,2,TOP10PB1|125uM|2,C4 of Opentrons 15 Tube Rack with Falcon 15 mL Conical on 4,C1 of Opentrons 96 Well Aluminum Block with Generic PCR Strip 200 µL on 2,O13 of 3 on Temperature Module GEN2 on 3,2023-06-04
P13,y,TOP10,PB1,EZRDM,150um,40ug,0,TOP10PB1|150um|0,C1 of Opentrons 15 Tube Rack with Falcon 15 mL Conical on 4,C1 of Opentrons 96 Well Aluminum Block with Generic PCR Strip 200 µL on 2,P13 of 3 on Temperature Module GEN2 on 3,2023-06-04
A14,y,TOP10,PB1,EZRDM,150um,40ug,1,TOP10PB1|150um|1,C1 of Opentrons 15 Tube Rack with Falcon 15 mL Conical on 4,C1 of Opentrons 96 Well Aluminum Block with Generic PCR Strip 200 µL on 2,A14 of 3 on Temperature Module GEN2 on 3,2023-06-04
B14,y,TOP10,PB1,EZRDM,150um,40ug,2,TOP10PB1|150um|2,C1 of Opentrons 15 Tube Rack with Falcon 15 mL Conical on 4,C1 of Opentrons 96 Well Aluminum Block with Generic PCR Strip 200 µL on 2,B14 of 3 on Temperature Module GEN2 on 3,2023-06-04
C14,y,TOP10,PB2,EZRDM,0uM,40ug,0,TOP10PB2|0uM|0,A1 of Opentrons 15 Tube Rack with Falcon 15 mL Conical on 4,D1 of Opentrons 96 Well Aluminum Block with Generic PCR Strip 200 µL on 2,C14 of 3 on Temperature Module GEN2 on 3,2023-06-04
D14,y,TOP10,PB2,EZRDM,0uM,40ug,1,TOP10PB2|0uM|1,A1 of Opentrons 15 Tube Rack with Falcon 15 mL Conical on 4,D1 of Opentrons 96 Well Aluminum Block with Generic PCR Strip 200 µL on 2,D14 of 3 on Temperature Module GEN2 on 3,2023-06-04
E14,y,TOP10,PB2,EZRDM,0uM,40ug,2,TOP10PB2|0uM|2,A1 of Opentrons 15 Tube Rack with Falcon 15 mL Conical on 4,D1 of Opentrons 96 Well Aluminum Block with Generic PCR Strip 200 µL on 2,E14 of 3 on Temperature Module GEN2 on 3,2023-06-04
F14,y,TOP10,PB2,EZRDM,10uM,40ug,0,TOP10PB2|10uM|0,A3 of Opentrons 15 Tube Rack with Falcon 15 mL Conical on 4,D1 of Opentrons 96 Well Aluminum Block with Generic PCR Strip 200 µL on 2,F14 of 3 on Temperature Module GEN2 on 3,2023-06-04
G14,y,TOP10,PB2,EZRDM,10uM,40ug,1,TOP10PB2|10uM|1,A3 of Opentrons 15 Tube Rack with Falcon 15 mL Conical on 4,D1 of Opentrons 96 Well Aluminum Block with Generic PCR Strip 200 µL on 2,G14 of 3 on Temperature Module GEN2 on 3,2023-06-04
H14,y,TOP10,PB2,EZRDM,10uM,40ug,2,TOP10PB2|10uM|2,A3 of Opentrons 15 Tube Rack with Falcon 15 mL Conical on 4,D1 of Opentrons 96 Well Aluminum Block with Generic PCR Strip 200 µL on 2,H14 of 3 on Temperature Module GEN2 on 3,2023-06-04
I14,y,TOP10,PB2,EZRDM,25uM,40ug,0,TOP10PB2|25uM|0,B3 of Opentrons 15 Tube Rack with Falcon 15 mL Conical on 4,D1 of Opentrons 96 Well Aluminum Block with Generic PCR Strip 200 µL on 2,I14 of 3 on Temperature Module GEN2 on 3,2023-06-04
J14,y,TOP10,PB2,EZRDM,25uM,40ug,1,TOP10PB2|25uM|1,B3 of Opentrons 15 Tube Rack with Falcon 15 mL Conical on 4,D1 of Opentrons 96 Well Aluminum Block with Generic PCR Strip 200 µL on 2,J14 of 3 on Temperature Module GEN2 on 3,2023-06-04
K14,y,TOP10,PB2,EZRDM,25uM,40ug,2,TOP10PB2|25uM|2,B3 of Opentrons 15 Tube Rack with Falcon 15 mL Conical on 4,D1 of Opentrons 96 Well Aluminum Block with Generic PCR Strip 200 µL on 2,K14 of 3 on Temperature Module GEN2 on 3,2023-06-04
L14,y,TOP10,PB2,EZRDM,50uM,40ug,0,TOP10PB2|50uM|0,C3 of Opentrons 15 Tube Rack with Falcon 15 mL Conical on 4,D1 of Opentrons 96 Well Aluminum Block with Generic PCR Strip 200 µL on 2,L14 of 3 on Temperature Module GEN2 on 3,2023-06-04
M14,y,TOP10,PB2,EZRDM,50uM,40ug,1,TOP10PB2|50uM|1,C3 of Opentrons 15 Tube Rack with Falcon 15 mL Conical on 4,D1 of Opentrons 96 Well Aluminum Block with Generic PCR Strip 200 µL on 2,M14 of 3 on Temperature Module GEN2 on 3,2023-06-04
N14,y,TOP10,PB2,EZRDM,50uM,40ug,2,TOP10PB2|50uM|2,C3 of Opentrons 15 Tube Rack with Falcon 15 mL Conical on 4,D1 of Opentrons 96 Well Aluminum Block with Generic PCR Strip 200 µL on 2,N14 of 3 on Temperature Module GEN2 on 3,2023-06-04
O14,y,TOP10,PB2,EZRDM,75uM,40ug,0,TOP10PB2|75uM|0,A4 of Opentrons 15 Tube Rack with Falcon 15 mL Conical on 4,D1 of Opentrons 96 Well Aluminum Block with Generic PCR Strip 200 µL on 2,O14 of 3 on Temperature Module GEN2 on 3,2023-06-04
P14,y,TOP10,PB2,EZRDM,75uM,40ug,1,TOP10PB2|75uM|1,A4 of Opentrons 15 Tube Rack with Falcon 15 mL Conical on 4,D1 of Opentrons 96 Well Aluminum Block with Generic PCR Strip 200 µL on 2,P14 of 3 on Temperature Module GEN2 on 3,2023-06-04
A15,y,TOP10,PB2,EZRDM,75uM,40ug,2,TOP10PB2|75uM|2,A4 of Opentrons 15 Tube Rack with Falcon 15 mL Conical on 4,D1 of Opentrons 96 Well Aluminum Block with Generic PCR Strip 200 µL on 2,A15 of 3 on Temperature Module GEN2 on 3,2023-06-04
B15,y,TOP10,PB2,EZRDM,100uM,40ug,0,TOP10PB2|100uM|0,B4 of Opentrons 15 Tube Rack with Falcon 15 mL Conical on 4,D1 of Opentrons 96 Well Aluminum Block with Generic PCR Strip 200 µL on 2,B15 of 3 on Temperature Module GEN2 on 3,2023-06-04
C15,y,TOP10,PB2,EZRDM,100uM,40ug,1,TOP10PB2|100uM|1,B4 of Opentrons 15 Tube Rack with Falcon 15 mL Conical on 4,D1 of Opentrons 96 Well Aluminum Block with Generic PCR Strip 200 µL on 2,C15 of 3 on Temperature Module GEN2 on 3,2023-06-04
D15,y,TOP10,PB2,EZRDM,100uM,40ug,2,TOP10PB2|100uM|2,B4 of Opentrons 15 Tube Rack with Falcon 15 mL Conical on 4,D1 of Opentrons 96 Well Aluminum Block with Generic PCR Strip 200 µL on 2,D15 of 3 on Temperature Module GEN2 on 3,2023-06-04
E15,y,TOP10,PB2,EZRDM,125uM,40ug,0,TOP10PB2|125uM|0,C4 of Opentrons 15 Tube Rack with Falcon 15 mL Conical on 4,D1 of Opentrons 96 Well Aluminum Block with Generic PCR Strip 200 µL on 2,E15 of 3 on Temperature Module GEN2 on 3,2023-06-04
F15,y,TOP10,PB2,EZRDM,125uM,40ug,1,TOP10PB2|125uM|1,C4 of Opentrons 15 Tube Rack with Falcon 15 mL Conical on 4,D1 of Opentrons 96 Well Aluminum Block with Generic PCR Strip 200 µL on 2,F15 of 3 on Temperature Module GEN2 on 3,2023-06-04
G15,y,TOP10,PB2,EZRDM,125uM,40ug,2,TOP10PB2|125uM|2,C4 of Opentrons 15 Tube Rack with Falcon 15 mL Conical on 4,D1 of Opentrons 96 Well Aluminum Block with Generic PCR Strip 200 µL on 2,G15 of 3 on Temperature Module GEN2 on 3,2023-06-04
H15,y,TOP10,PB2,EZRDM,150um,40ug,0,TOP10PB2|150um|0,C1 of Opentrons 15 Tube Rack with Falcon 15 mL Conical on 4,D1 of Opentrons 96 Well Aluminum Block with Generic PCR Strip 200 µL on 2,H15 of 3 on Temperature Module GEN2 on 3,2023-06-04
I15,y,TOP10,PB2,EZRDM,150um,40ug,1,TOP10PB2|150um|1,C1 of Opentrons 15 Tube Rack with Falcon 15 mL Conical on 4,D1 of Opentrons 96 Well Aluminum Block with Generic PCR Strip 200 µL on 2,I15 of 3 on Temperature Module GEN2 on 3,2023-06-04
J15,y,TOP10,PB2,EZRDM,150um,40ug,2,TOP10PB2|150um|2,C1 of Opentrons 15 Tube Rack with Falcon 15 mL Conical on 4,D1 of Opentrons 96 Well Aluminum Block with Generic PCR Strip 200 µL on 2,J15 of 3 on Temperature Module GEN2 on 3,2023-06-04
K15,y,TOP10,PB3,EZRDM,0uM,40ug,0,TOP10PB3|0uM|0,A1 of Opentrons 15 Tube Rack with Falcon 15 mL Conical on 4,E1 of Opentrons 96 Well Aluminum Block with Generic PCR Strip 200 µL on 2,K15 of 3 on Temperature Module GEN2 on 3,2023-06-04
L15,y,TOP10,PB3,EZRDM,0uM,40ug,1,TOP10PB3|0uM|1,A1 of Opentrons 15 Tube Rack with Falcon 15 mL Conical on 4,E1 of Opentrons 96 Well Aluminum Block with Generic PCR Strip 200 µL on 2,L15 of 3 on Temperature Module GEN2 on 3,2023-06-04
M15,y,TOP10,PB3,EZRDM,0uM,40ug,2,TOP10PB3|0uM|2,A1 of Opentrons 15 Tube Rack with Falcon 15 mL Conical on 4,E1 of Opentrons 96 Well Aluminum Block with Generic PCR Strip 200 µL on 2,M15 of 3 on Temperature Module GEN2 on 3,2023-06-04
N15,y,TOP10,PB3,EZRDM,10uM,40ug,0,TOP10PB3|10uM|0,A3 of Opentrons 15 Tube Rack with Falcon 15 mL Conical on 4,E1 of Opentrons 96 Well Aluminum Block with Generic PCR Strip 200 µL on 2,N15 of 3 on Temperature Module GEN2 on 3,2023-06-04
O15,y,TOP10,PB3,EZRDM,10uM,40ug,1,TOP10PB3|10uM|1,A3 of Opentrons 15 Tube Rack with Falcon 15 mL Conical on 4,E1 of Opentrons 96 Well Aluminum Block with Generic PCR Strip 200 µL on 2,O15 of 3 on Temperature Module GEN2 on 3,2023-06-04
P15,y,TOP10,PB3,EZRDM,10uM,40ug,2,TOP10PB3|10uM|2,A3 of Opentrons 15 Tube Rack with Falcon 15 mL Conical on 4,E1 of Opentrons 96 Well Aluminum Block with Generic PCR Strip 200 µL on 2,P15 of 3 on Temperature Module GEN2 on 3,2023-06-04
A16,y,TOP10,PB3,EZRDM,25uM,40ug,0,TOP10PB3|25uM|0,B3 of Opentrons 15 Tube Rack with Falcon 15 mL Conical on 4,E1 of Opentrons 96 Well Aluminum Block with Generic PCR Strip 200 µL on 2,A16 of 3 on Temperature Module GEN2 on 3,2023-06-04
B16,y,TOP10,PB3,EZRDM,25uM,40ug,1,TOP10PB3|25uM|1,B3 of Opentrons 15 Tube Rack with Falcon 15 mL Conical on 4,E1 of Opentrons 96 Well Aluminum Block with Generic PCR Strip 200 µL on 2,B16 of 3 on Temperature Module GEN2 on 3,2023-06-04
C16,y,TOP10,PB3,EZRDM,25uM,40ug,2,TOP10PB3|25uM|2,B3 of Opentrons 15 Tube Rack with Falcon 15 mL Conical on 4,E1 of Opentrons 96 Well Aluminum Block with Generic PCR Strip 200 µL on 2,C16 of 3 on Temperature Module GEN2 on 3,2023-06-04
D16,y,TOP10,PB3,EZRDM,50uM,40ug,0,TOP10PB3|50uM|0,C3 of Opentrons 15 Tube Rack with Falcon 15 mL Conical on 4,E1 of Opentrons 96 Well Aluminum Block with Generic PCR Strip 200 µL on 2,D16 of 3 on Temperature Module GEN2 on 3,2023-06-04
E16,y,TOP10,PB3,EZRDM,50uM,40ug,1,TOP10PB3|50uM|1,C3 of Opentrons 15 Tube Rack with Falcon 15 mL Conical on 4,E1 of Opentrons 96 Well Aluminum Block with Generic PCR Strip 200 µL on 2,E16 of 3 on Temperature Module GEN2 on 3,2023-06-04
F16,y,TOP10,PB3,EZRDM,50uM,40ug,2,TOP10PB3|50uM|2,C3 of Opentrons 15 Tube Rack with Falcon 15 mL Conical on 4,E1 of Opentrons 96 Well Aluminum Block with Generic PCR Strip 200 µL on 2,F16 of 3 on Temperature Module GEN2 on 3,2023-06-04
G16,y,TOP10,PB3,EZRDM,75uM,40ug,0,TOP10PB3|75uM|0,A4 of Opentrons 15 Tube Rack with Falcon 15 mL Conical on 4,E1 of Opentrons 96 Well Aluminum Block with Generic PCR Strip 200 µL on 2,G16 of 3 on Temperature Module GEN2 on 3,2023-06-04
H16,y,TOP10,PB3,EZRDM,75uM,40ug,1,TOP10PB3|75uM|1,A4 of Opentrons 15 Tube Rack with Falcon 15 mL Conical on 4,E1 of Opentrons 96 Well Aluminum Block with Generic PCR Strip 200 µL on 2,H16 of 3 on Temperature Module GEN2 on 3,2023-06-04
I16,y,TOP10,PB3,EZRDM,75uM,40ug,2,TOP10PB3|75uM|2,A4 of Opentrons 15 Tube Rack with Falcon 15 mL Conical on 4,E1 of Opentrons 96 Well Aluminum Block with Generic PCR Strip 200 µL on 2,I16 of 3 on Temperature Module GEN2 on 3,2023-06-04
J16,y,TOP10,PB3,EZRDM,100uM,40ug,0,TOP10PB3|100uM|0,B4 of Opentrons 15 Tube Rack with Falcon 15 mL Conical on 4,E1 of Opentrons 96 Well Aluminum Block with Generic PCR Strip 200 µL on 2,J16 of 3 on Temperature Module GEN2 on 3,2023-06-04
K16,y,TOP10,PB3,EZRDM,100uM,40ug,1,TOP10PB3|100uM|1,B4 of Opentrons 15 Tube Rack with Falcon 15 mL Conical on 4,E1 of Opentrons 96 Well Aluminum Block with Generic PCR Strip 200 µL on 2,K16 of 3 on Temperature Module GEN2 on 3,2023-06-04
L16,y,TOP10,PB3,EZRDM,100uM,40ug,2,TOP10PB3|100uM|2,B4 of Opentrons 15 Tube Rack with Falcon 15 mL Conical on 4,E1 of Opentrons 96 Well Aluminum Block with Generic PCR Strip 200 µL on 2,L16 of 3 on Temperature Module GEN2 on 3,2023-06-04
M16,y,TOP10,PB3,EZRDM,125uM,40ug,0,TOP10PB3|125uM|0,C4 of Opentrons 15 Tube Rack with Falcon 15 mL Conical on 4,E1 of Opentrons 96 Well Aluminum Block with Generic PCR Strip 200 µL on 2,M16 of 3 on Temperature Module GEN2 on 3,2023-06-04
N16,y,TOP10,PB3,EZRDM,125uM,40ug,1,TOP10PB3|125uM|1,C4 of Opentrons 15 Tube Rack with Falcon 15 mL Conical on 4,E1 of Opentrons 96 Well Aluminum Block with Generic PCR Strip 200 µL on 2,N16 of 3 on Temperature Module GEN2 on 3,2023-06-04
O16,y,TOP10,PB3,EZRDM,125uM,40ug,2,TOP10PB3|125uM|2,C4 of Opentrons 15 Tube Rack with Falcon 15 mL Conical on 4,E1 of Opentrons 96 Well Aluminum Block with Generic PCR Strip 200 µL on 2,O16 of 3 on Temperature Module GEN2 on 3,2023-06-04
P16,y,TOP10,PB3,EZRDM,150um,40ug,0,TOP10PB3|150um|0,C1 of Opentrons 15 Tube Rack with Falcon 15 mL Conical on 4,E1 of Opentrons 96 Well Aluminum Block with Generic PCR Strip 200 µL on 2,P16 of 3 on Temperature Module GEN2 on 3,2023-06-04
A17,y,TOP10,PB3,EZRDM,150um,40ug,1,TOP10PB3|150um|1,C1 of Opentrons 15 Tube Rack with Falcon 15 mL Conical on 4,E1 of Opentrons 96 Well Aluminum Block with Generic PCR Strip 200 µL on 2,A17 of 3 on Temperature Module GEN2 on 3,2023-06-04
B17,y,TOP10,PB3,EZRDM,150um,40ug,2,TOP10PB3|150um|2,C1 of Opentrons 15 Tube Rack with Falcon 15 mL Conical on 4,E1 of Opentrons 96 Well Aluminum Block with Generic PCR Strip 200 µL on 2,B17 of 3 on Temperature Module GEN2 on 3,2023-06-04
C17,y,TOP10,PB4,EZRDM,0uM,40ug,0,TOP10PB4|0uM|0,A1 of Opentrons 15 Tube Rack with Falcon 15 mL Conical on 4,F1 of Opentrons 96 Well Aluminum Block with Generic PCR Strip 200 µL on 2,C17 of 3 on Temperature Module GEN2 on 3,2023-06-04
D17,y,TOP10,PB4,EZRDM,0uM,40ug,1,TOP10PB4|0uM|1,A1 of Opentrons 15 Tube Rack with Falcon 15 mL Conical on 4,F1 of Opentrons 96 Well Aluminum Block with Generic PCR Strip 200 µL on 2,D17 of 3 on Temperature Module GEN2 on 3,2023-06-04
E17,y,TOP10,PB4,EZRDM,0uM,40ug,2,TOP10PB4|0uM|2,A1 of Opentrons 15 Tube Rack with Falcon 15 mL Conical on 4,F1 of Opentrons 96 Well Aluminum Block with Generic PCR Strip 200 µL on 2,E17 of 3 on Temperature Module GEN2 on 3,2023-06-04
F17,y,TOP10,PB4,EZRDM,10uM,40ug,0,TOP10PB4|10uM|0,A3 of Opentrons 15 Tube Rack with Falcon 15 mL Conical on 4,F1 of Opentrons 96 Well Aluminum Block with Generic PCR Strip 200 µL on 2,F17 of 3 on Temperature Module GEN2 on 3,2023-06-04
G17,y,TOP10,PB4,EZRDM,10uM,40ug,1,TOP10PB4|10uM|1,A3 of Opentrons 15 Tube Rack with Falcon 15 mL Conical on 4,F1 of Opentrons 96 Well Aluminum Block with Generic PCR Strip 200 µL on 2,G17 of 3 on Temperature Module GEN2 on 3,2023-06-04
H17,y,TOP10,PB4,EZRDM,10uM,40ug,2,TOP10PB4|10uM|2,A3 of Opentrons 15 Tube Rack with Falcon 15 mL Conical on 4,F1 of Opentrons 96 Well Aluminum Block with Generic PCR Strip 200 µL on 2,H17 of 3 on Temperature Module GEN2 on 3,2023-06-04
I17,y,TOP10,PB4,EZRDM,25uM,40ug,0,TOP10PB4|25uM|0,B3 of Opentrons 15 Tube Rack with Falcon 15 mL Conical on 4,F1 of Opentrons 96 Well Aluminum Block with Generic PCR Strip 200 µL on 2,I17 of 3 on Temperature Module GEN2 on 3,2023-06-04
J17,y,TOP10,PB4,EZRDM,25uM,40ug,1,TOP10PB4|25uM|1,B3 of Opentrons 15 Tube Rack with Falcon 15 mL Conical on 4,F1 of Opentrons 96 Well Aluminum Block with Generic PCR Strip 200 µL on 2,J17 of 3 on Temperature Module GEN2 on 3,2023-06-04
K17,y,TOP10,PB4,EZRDM,25uM,40ug,2,TOP10PB4|25uM|2,B3 of Opentrons 15 Tube Rack with Falcon 15 mL Conical on 4,F1 of Opentrons 96 Well Aluminum Block with Generic PCR Strip 200 µL on 2,K17 of 3 on Temperature Module GEN2 on 3,2023-06-04
L17,y,TOP10,PB4,EZRDM,50uM,40ug,0,TOP10PB4|50uM|0,C3 of Opentrons 15 Tube Rack with Falcon 15 mL Conical on 4,F1 of Opentrons 96 Well Aluminum Block with Generic PCR Strip 200 µL on 2,L17 of 3 on Temperature Module GEN2 on 3,2023-06-04
M17,y,TOP10,PB4,EZRDM,50uM,40ug,1,TOP10PB4|50uM|1,C3 of Opentrons 15 Tube Rack with Falcon 15 mL Conical on 4,F1 of Opentrons 96 Well Aluminum Block with Generic PCR Strip 200 µL on 2,M17 of 3 on Temperature Module GEN2 on 3,2023-06-04
N17,y,TOP10,PB4,EZRDM,50uM,40ug,2,TOP10PB4|50uM|2,C3 of Opentrons 15 Tube Rack with Falcon 15 mL Conical on 4,F1 of Opentrons 96 Well Aluminum Block with Generic PCR Strip 200 µL on 2,N17 of 3 on Temperature Module GEN2 on 3,2023-06-04
O17,y,TOP10,PB4,EZRDM,75uM,40ug,0,TOP10PB4|75uM|0,A4 of Opentrons 15 Tube Rack with Falcon 15 mL Conical on 4,F1 of Opentrons 96 Well Aluminum Block with Generic PCR Strip 200 µL on 2,O17 of 3 on Temperature Module GEN2 on 3,2023-06-04
P17,y,TOP10,PB4,EZRDM,75uM,40ug,1,TOP10PB4|75uM|1,A4 of Opentrons 15 Tube Rack with Falcon 15 mL Conical on 4,F1 of Opentrons 96 Well Aluminum Block with Generic PCR Strip 200 µL on 2,P17 of 3 on Temperature Module GEN2 on 3,2023-06-04
A18,y,TOP10,PB4,EZRDM,75uM,40ug,2,TOP10PB4|75uM|2,A4 of Opentrons 15 Tube Rack with Falcon 15 mL Conical on 4,F1 of Opentrons 96 Well Aluminum Block with Generic PCR Strip 200 µL on 2,A18 of 3 on Temperature Module GEN2 on 3,2023-06-04
B18,y,TOP10,PB4,EZRDM,100uM,40ug,0,TOP10PB4|100uM|0,B4 of Opentrons 15 Tube Rack with Falcon 15 mL Conical on 4,F1 of Opentrons 96 Well Aluminum Block with Generic PCR Strip 200 µL on 2,B18 of 3 on Temperature Module GEN2 on 3,2023-06-04
C18,y,TOP10,PB4,EZRDM,100uM,40ug,1,TOP10PB4|100uM|1,B4 of Opentrons 15 Tube Rack with Falcon 15 mL Conical on 4,F1 of Opentrons 96 Well Aluminum Block with Generic PCR Strip 200 µL on 2,C18 of 3 on Temperature Module GEN2 on 3,2023-06-04
D18,y,TOP10,PB4,EZRDM,100uM,40ug,2,TOP10PB4|100uM|2,B4 of Opentrons 15 Tube Rack with Falcon 15 mL Conical on 4,F1 of Opentrons 96 Well Aluminum Block with Generic PCR Strip 200 µL on 2,D18 of 3 on Temperature Module GEN2 on 3,2023-06-04
E18,y,TOP10,PB4,EZRDM,125uM,40ug,0,TOP10PB4|125uM|0,C4 of Opentrons 15 Tube Rack with Falcon 15 mL Conical on 4,F1 of Opentrons 96 Well Aluminum Block with Generic PCR Strip 200 µL on 2,E18 of 3 on Temperature Module GEN2 on 3,2023-06-04
F18,y,TOP10,PB4,EZRDM,125uM,40ug,1,TOP10PB4|125uM|1,C4 of Opentrons 15 Tube Rack with Falcon 15 mL Conical on 4,F1 of Opentrons 96 Well Aluminum Block with Generic PCR Strip 200 µL on 2,F18 of 3 on Temperature Module GEN2 on 3,2023-06-04
G18,y,TOP10,PB4,EZRDM,125uM,40ug,2,TOP10PB4|125uM|2,C4 of Opentrons 15 Tube Rack with Falcon 15 mL Conical on 4,F1 of Opentrons 96 Well Aluminum Block with Generic PCR Strip 200 µL on 2,G18 of 3 on Temperature Module GEN2 on 3,2023-06-04
H18,y,TOP10,PB4,EZRDM,150um,40ug,0,TOP10PB4|150um|0,C1 of Opentrons 15 Tube Rack with Falcon 15 mL Conical on 4,F1 of Opentrons 96 Well Aluminum Block with Generic PCR Strip 200 µL on 2,H18 of 3 on Temperature Module GEN2 on 3,2023-06-04
I18,y,TOP10,PB4,EZRDM,150um,40ug,1,TOP10PB4|150um|1,C1 of Opentrons 15 Tube Rack with Falcon 15 mL Conical on 4,F1 of Opentrons 96 Well Aluminum Block with Generic PCR Strip 200 µL on 2,I18 of 3 on Temperature Module GEN2 on 3,2023-06-04
J18,y,TOP10,PB4,EZRDM,150um,40ug,2,TOP10PB4|150um|2,C1 of Opentrons 15 Tube Rack with Falcon 15 mL Conical on 4,F1 of Opentrons 96 Well Aluminum Block with Generic PCR Strip 200 µL on 2,J18 of 3 on Temperature Module GEN2 on 3,2023-06-04
K18,y,TOP10,PB5,EZRDM,0uM,40ug,0,TOP10PB5|0uM|0,A1 of Opentrons 15 Tube Rack with Falcon 15 mL Conical on 4,G1 of Opentrons 96 Well Aluminum Block with Generic PCR Strip 200 µL on 2,K18 of 3 on Temperature Module GEN2 on 3,2023-06-04
L18,y,TOP10,PB5,EZRDM,0uM,40ug,1,TOP10PB5|0uM|1,A1 of Opentrons 15 Tube Rack with Falcon 15 mL Conical on 4,G1 of Opentrons 96 Well Aluminum Block with Generic PCR Strip 200 µL on 2,L18 of 3 on Temperature Module GEN2 on 3,2023-06-04
M18,y,TOP10,PB5,EZRDM,0uM,40ug,2,TOP10PB5|0uM|2,A1 of Opentrons 15 Tube Rack with Falcon 15 mL Conical on 4,G1 of Opentrons 96 Well Aluminum Block with Generic PCR Strip 200 µL on 2,M18 of 3 on Temperature Module GEN2 on 3,2023-06-04
N18,y,TOP10,PB5,EZRDM,10uM,40ug,0,TOP10PB5|10uM|0,A3 of Opentrons 15 Tube Rack with Falcon 15 mL Conical on 4,G1 of Opentrons 96 Well Aluminum Block with Generic PCR Strip 200 µL on 2,N18 of 3 on Temperature Module GEN2 on 3,2023-06-04
O18,y,TOP10,PB5,EZRDM,10uM,40ug,1,TOP10PB5|10uM|1,A3 of Opentrons 15 Tube Rack with Falcon 15 mL Conical on 4,G1 of Opentrons 96 Well Aluminum Block with Generic PCR Strip 200 µL on 2,O18 of 3 on Temperature Module GEN2 on 3,2023-06-04
P18,y,TOP10,PB5,EZRDM,10uM,40ug,2,TOP10PB5|10uM|2,A3 of Opentrons 15 Tube Rack with Falcon 15 mL Conical on 4,G1 of Opentrons 96 Well Aluminum Block with Generic PCR Strip 200 µL on 2,P18 of 3 on Temperature Module GEN2 on 3,2023-06-04
A19,y,TOP10,PB5,EZRDM,25uM,40ug,0,TOP10PB5|25uM|0,B3 of Opentrons 15 Tube Rack with Falcon 15 mL Conical on 4,G1 of Opentrons 96 Well Aluminum Block with Generic PCR Strip 200 µL on 2,A19 of 3 on Temperature Module GEN2 on 3,2023-06-04
B19,y,TOP10,PB5,EZRDM,25uM,40ug,1,TOP10PB5|25uM|1,B3 of Opentrons 15 Tube Rack with Falcon 15 mL Conical on 4,G1 of Opentrons 96 Well Aluminum Block with Generic PCR Strip 200 µL on 2,B19 of 3 on Temperature Module GEN2 on 3,2023-06-04
C19,y,TOP10,PB5,EZRDM,25uM,40ug,2,TOP10PB5|25uM|2,B3 of Opentrons 15 Tube Rack with Falcon 15 mL Conical on 4,G1 of Opentrons 96 Well Aluminum Block with Generic PCR Strip 200 µL on 2,C19 of 3 on Temperature Module GEN2 on 3,2023-06-04
D19,y,TOP10,PB5,EZRDM,50uM,40ug,0,TOP10PB5|50uM|0,C3 of Opentrons 15 Tube Rack with Falcon 15 mL Conical on 4,G1 of Opentrons 96 Well Aluminum Block with Generic PCR Strip 200 µL on 2,D19 of 3 on Temperature Module GEN2 on 3,2023-06-04
E19,y,TOP10,PB5,EZRDM,50uM,40ug,1,TOP10PB5|50uM|1,C3 of Opentrons 15 Tube Rack with Falcon 15 mL Conical on 4,G1 of Opentrons 96 Well Aluminum Block with Generic PCR Strip 200 µL on 2,E19 of 3 on Temperature Module GEN2 on 3,2023-06-04
F19,y,TOP10,PB5,EZRDM,50uM,40ug,2,TOP10PB5|50uM|2,C3 of Opentrons 15 Tube Rack with Falcon 15 mL Conical on 4,G1 of Opentrons 96 Well Aluminum Block with Generic PCR Strip 200 µL on 2,F19 of 3 on Temperature Module GEN2 on 3,2023-06-04
G19,y,TOP10,PB5,EZRDM,75uM,40ug,0,TOP10PB5|75uM|0,A4 of Opentrons 15 Tube Rack with Falcon 15 mL Conical on 4,G1 of Opentrons 96 Well Aluminum Block with Generic PCR Strip 200 µL on 2,G19 of 3 on Temperature Module GEN2 on 3,2023-06-04
H19,y,TOP10,PB5,EZRDM,75uM,40ug,1,TOP10PB5|75uM|1,A4 of Opentrons 15 Tube Rack with Falcon 15 mL Conical on 4,G1 of Opentrons 96 Well Aluminum Block with Generic PCR Strip 200 µL on 2,H19 of 3 on Temperature Module GEN2 on 3,2023-06-04
I19,y,TOP10,PB5,EZRDM,75uM,40ug,2,TOP10PB5|75uM|2,A4 of Opentrons 15 Tube Rack with Falcon 15 mL Conical on 4,G1 of Opentrons 96 Well Aluminum Block with Generic PCR Strip 200 µL on 2,I19 of 3 on Temperature Module GEN2 on 3,2023-06-04
J19,y,TOP10,PB5,EZRDM,100uM,40ug,0,TOP10PB5|100uM|0,B4 of Opentrons 15 Tube Rack with Falcon 15 mL Conical on 4,G1 of Opentrons 96 Well Aluminum Block with Generic PCR Strip 200 µL on 2,J19 of 3 on Temperature Module GEN2 on 3,2023-06-04
K19,y,TOP10,PB5,EZRDM,100uM,40ug,1,TOP10PB5|100uM|1,B4 of Opentrons 15 Tube Rack with Falcon 15 mL Conical on 4,G1 of Opentrons 96 Well Aluminum Block with Generic PCR Strip 200 µL on 2,K19 of 3 on Temperature Module GEN2 on 3,2023-06-04
L19,y,TOP10,PB5,EZRDM,100uM,40ug,2,TOP10PB5|100uM|2,B4 of Opentrons 15 Tube Rack with Falcon 15 mL Conical on 4,G1 of Opentrons 96 Well Aluminum Block with Generic PCR Strip 200 µL on 2,L19 of 3 on Temperature Module GEN2 on 3,2023-06-04
M19,y,TOP10,PB5,EZRDM,125uM,40ug,0,TOP10PB5|125uM|0,C4 of Opentrons 15 Tube Rack with Falcon 15 mL Conical on 4,G1 of Opentrons 96 Well Aluminum Block with Generic PCR Strip 200 µL on 2,M19 of 3 on Temperature Module GEN2 on 3,2023-06-04
N19,y,TOP10,PB5,EZRDM,125uM,40ug,1,TOP10PB5|125uM|1,C4 of Opentrons 15 Tube Rack with Falcon 15 mL Conical on 4,G1 of Opentrons 96 Well Aluminum Block with Generic PCR Strip 200 µL on 2,N19 of 3 on Temperature Module GEN2 on 3,2023-06-04
O19,y,TOP10,PB5,EZRDM,125uM,40ug,2,TOP10PB5|125uM|2,C4 of Opentrons 15 Tube Rack with Falcon 15 mL Conical on 4,G1 of Opentrons 96 Well Aluminum Block with Generic PCR Strip 200 µL on 2,O19 of 3 on Temperature Module GEN2 on 3,2023-06-04
P19,y,TOP10,PB5,EZRDM,150um,40ug,0,TOP10PB5|150um|0,C1 of Opentrons 15 Tube Rack with Falcon 15 mL Conical on 4,G1 of Opentrons 96 Well Aluminum Block with Generic PCR Strip 200 µL on 2,P19 of 3 on Temperature Module GEN2 on 3,2023-06-04
A20,y,TOP10,PB5,EZRDM,150um,40ug,1,TOP10PB5|150um|1,C1 of Opentrons 15 Tube Rack with Falcon 15 mL Conical on 4,G1 of Opentrons 96 Well Aluminum Block with Generic PCR Strip 200 µL on 2,A20 of 3 on Temperature Module GEN2 on 3,2023-06-04
B20,y,TOP10,PB5,EZRDM,150um,40ug,2,TOP10PB5|150um|2,C1 of Opentrons 15 Tube Rack with Falcon 15 mL Conical on 4,G1 of Opentrons 96 Well Aluminum Block with Generic PCR Strip 200 µL on 2,B20 of 3 on Temperature Module GEN2 on 3,2023-06-04
C20,y,TOP10,PB6,EZRDM,0uM,40ug,0,TOP10PB6|0uM|0,A1 of Opentrons 15 Tube Rack with Falcon 15 mL Conical on 4,H1 of Opentrons 96 Well Aluminum Block with Generic PCR Strip 200 µL on 2,C20 of 3 on Temperature Module GEN2 on 3,2023-06-04
D20,y,TOP10,PB6,EZRDM,0uM,40ug,1,TOP10PB6|0uM|1,A1 of Opentrons 15 Tube Rack with Falcon 15 mL Conical on 4,H1 of Opentrons 96 Well Aluminum Block with Generic PCR Strip 200 µL on 2,D20 of 3 on Temperature Module GEN2 on 3,2023-06-04
E20,y,TOP10,PB6,EZRDM,0uM,40ug,2,TOP10PB6|0uM|2,A1 of Opentrons 15 Tube Rack with Falcon 15 mL Conical on 4,H1 of Opentrons 96 Well Aluminum Block with Generic PCR Strip 200 µL on 2,E20 of 3 on Temperature Module GEN2 on 3,2023-06-04
F20,y,TOP10,PB6,EZRDM,10uM,40ug,0,TOP10PB6|10uM|0,A3 of Opentrons 15 Tube Rack with Falcon 15 mL Conical on 4,H1 of Opentrons 96 Well Aluminum Block with Generic PCR Strip 200 µL on 2,F20 of 3 on Temperature Module GEN2 on 3,2023-06-04
G20,y,TOP10,PB6,EZRDM,10uM,40ug,1,TOP10PB6|10uM|1,A3 of Opentrons 15 Tube Rack with Falcon 15 mL Conical on 4,H1 of Opentrons 96 Well Aluminum Block with Generic PCR Strip 200 µL on 2,G20 of 3 on Temperature Module GEN2 on 3,2023-06-04
H20,y,TOP10,PB6,EZRDM,10uM,40ug,2,TOP10PB6|10uM|2,A3 of Opentrons 15 Tube Rack with Falcon 15 mL Conical on 4,H1 of Opentrons 96 Well Aluminum Block with Generic PCR Strip 200 µL on 2,H20 of 3 on Temperature Module GEN2 on 3,2023-06-04
I20,y,TOP10,PB6,EZRDM,25uM,40ug,0,TOP10PB6|25uM|0,B3 of Opentrons 15 Tube Rack with Falcon 15 mL Conical on 4,H1 of Opentrons 96 Well Aluminum Block with Generic PCR Strip 200 µL on 2,I20 of 3 on Temperature Module GEN2 on 3,2023-06-04
J20,y,TOP10,PB6,EZRDM,25uM,40ug,1,TOP10PB6|25uM|1,B3 of Opentrons 15 Tube Rack with Falcon 15 mL Conical on 4,H1 of Opentrons 96 Well Aluminum Block with Generic PCR Strip 200 µL on 2,J20 of 3 on Temperature Module GEN2 on 3,2023-06-04
K20,y,TOP10,PB6,EZRDM,25uM,40ug,2,TOP10PB6|25uM|2,B3 of Opentrons 15 Tube Rack with Falcon 15 mL Conical on 4,H1 of Opentrons 96 Well Aluminum Block with Generic PCR Strip 200 µL on 2,K20 of 3 on Temperature Module GEN2 on 3,2023-06-04
L20,y,TOP10,PB6,EZRDM,50uM,40ug,0,TOP10PB6|50uM|0,C3 of Opentrons 15 Tube Rack with Falcon 15 mL Conical on 4,H1 of Opentrons 96 Well Aluminum Block with Generic PCR Strip 200 µL on 2,L20 of 3 on Temperature Module GEN2 on 3,2023-06-04
M20,y,TOP10,PB6,EZRDM,50uM,40ug,1,TOP10PB6|50uM|1,C3 of Opentrons 15 Tube Rack with Falcon 15 mL Conical on 4,H1 of Opentrons 96 Well Aluminum Block with Generic PCR Strip 200 µL on 2,M20 of 3 on Temperature Module GEN2 on 3,2023-06-04
N20,y,TOP10,PB6,EZRDM,50uM,40ug,2,TOP10PB6|50uM|2,C3 of Opentrons 15 Tube Rack with Falcon 15 mL Conical on 4,H1 of Opentrons 96 Well Aluminum Block with Generic PCR Strip 200 µL on 2,N20 of 3 on Temperature Module GEN2 on 3,2023-06-04
O20,y,TOP10,PB6,EZRDM,75uM,40ug,0,TOP10PB6|75uM|0,A4 of Opentrons 15 Tube Rack with Falcon 15 mL Conical on 4,H1 of Opentrons 96 Well Aluminum Block with Generic PCR Strip 200 µL on 2,O20 of 3 on Temperature Module GEN2 on 3,2023-06-04
P20,y,TOP10,PB6,EZRDM,75uM,40ug,1,TOP10PB6|75uM|1,A4 of Opentrons 15 Tube Rack with Falcon 15 mL Conical on 4,H1 of Opentrons 96 Well Aluminum Block with Generic PCR Strip 200 µL on 2,P20 of 3 on Temperature Module GEN2 on 3,2023-06-04
A21,y,TOP10,PB6,EZRDM,75uM,40ug,2,TOP10PB6|75uM|2,A4 of Opentrons 15 Tube Rack with Falcon 15 mL Conical on 4,H1 of Opentrons 96 Well Aluminum Block with Generic PCR Strip 200 µL on 2,A21 of 3 on Temperature Module GEN2 on 3,2023-06-04
B21,y,TOP10,PB6,EZRDM,100uM,40ug,0,TOP10PB6|100uM|0,B4 of Opentrons 15 Tube Rack with Falcon 15 mL Conical on 4,H1 of Opentrons 96 Well Aluminum Block with Generic PCR Strip 200 µL on 2,B21 of 3 on Temperature Module GEN2 on 3,2023-06-04
C21,y,TOP10,PB6,EZRDM,100uM,40ug,1,TOP10PB6|100uM|1,B4 of Opentrons 15 Tube Rack with Falcon 15 mL Conical on 4,H1 of Opentrons 96 Well Aluminum Block with Generic PCR Strip 200 µL on 2,C21 of 3 on Temperature Module GEN2 on 3,2023-06-04
D21,y,TOP10,PB6,EZRDM,100uM,40ug,2,TOP10PB6|100uM|2,B4 of Opentrons 15 Tube Rack with Falcon 15 mL Conical on 4,H1 of Opentrons 96 Well Aluminum Block with Generic PCR Strip 200 µL on 2,D21 of 3 on Temperature Module GEN2 on 3,2023-06-04
E21,y,TOP10,PB6,EZRDM,125uM,40ug,0,TOP10PB6|125uM|0,C4 of Opentrons 15 Tube Rack with Falcon 15 mL Conical on 4,H1 of Opentrons 96 Well Aluminum Block with Generic PCR Strip 200 µL on 2,E21 of 3 on Temperature Module GEN2 on 3,2023-06-04
F21,y,TOP10,PB6,EZRDM,125uM,40ug,1,TOP10PB6|125uM|1,C4 of Opentrons 15 Tube Rack with Falcon 15 mL Conical on 4,H1 of Opentrons 96 Well Aluminum Block with Generic PCR Strip 200 µL on 2,F21 of 3 on Temperature Module GEN2 on 3,2023-06-04
G21,y,TOP10,PB6,EZRDM,125uM,40ug,2,TOP10PB6|125uM|2,C4 of Opentrons 15 Tube Rack with Falcon 15 mL Conical on 4,H1 of Opentrons 96 Well Aluminum Block with Generic PCR Strip 200 µL on 2,G21 of 3 on Temperature Module GEN2 on 3,2023-06-04
H21,y,TOP10,PB6,EZRDM,150um,40ug,0,TOP10PB6|150um|0,C1 of Opentrons 15 Tube Rack with Falcon 15 mL Conical on 4,H1 of Opentrons 96 Well Aluminum Block with Generic PCR Strip 200 µL on 2,H21 of 3 on Temperature Module GEN2 on 3,2023-06-04
I21,y,TOP10,PB6,EZRDM,150um,40ug,1,TOP10PB6|150um|1,C1 of Opentrons 15 Tube Rack with Falcon 15 mL Conical on 4,H1 of Opentrons 96 Well Aluminum Block with Generic PCR Strip 200 µL on 2,I21 of 3 on Temperature Module GEN2 on 3,2023-06-04
J21,y,TOP10,PB6,EZRDM,150um,40ug,2,TOP10PB6|150um|2,C1 of Opentrons 15 Tube Rack with Falcon 15 mL Conical on 4,H1 of Opentrons 96 Well Aluminum Block with Generic PCR Strip 200 µL on 2,J21 of 3 on Temperature Module GEN2 on 3,2023-06-04
K21,y,TOP10,PB7,EZRDM,0uM,40ug,0,TOP10PB7|0uM|0,A1 of Opentrons 15 Tube Rack with Falcon 15 mL Conical on 4,A3 of Opentrons 96 Well Aluminum Block with Generic PCR Strip 200 µL on 2,K21 of 3 on Temperature Module GEN2 on 3,2023-06-04
L21,y,TOP10,PB7,EZRDM,0uM,40ug,1,TOP10PB7|0uM|1,A1 of Opentrons 15 Tube Rack with Falcon 15 mL Conical on 4,A3 of Opentrons 96 Well Aluminum Block with Generic PCR Strip 200 µL on 2,L21 of 3 on Temperature Module GEN2 on 3,2023-06-04
M21,y,TOP10,PB7,EZRDM,0uM,40ug,2,TOP10PB7|0uM|2,A1 of Opentrons 15 Tube Rack with Falcon 15 mL Conical on 4,A3 of Opentrons 96 Well Aluminum Block with Generic PCR Strip 200 µL on 2,M21 of 3 on Temperature Module GEN2 on 3,2023-06-04
N21,y,TOP10,PB7,EZRDM,10uM,40ug,0,TOP10PB7|10uM|0,A3 of Opentrons 15 Tube Rack with Falcon 15 mL Conical on 4,A3 of Opentrons 96 Well Aluminum Block with Generic PCR Strip 200 µL on 2,N21 of 3 on Temperature Module GEN2 on 3,2023-06-04
O21,y,TOP10,PB7,EZRDM,10uM,40ug,1,TOP10PB7|10uM|1,A3 of Opentrons 15 Tube Rack with Falcon 15 mL Conical on 4,A3 of Opentrons 96 Well Aluminum Block with Generic PCR Strip 200 µL on 2,O21 of 3 on Temperature Module GEN2 on 3,2023-06-04
P21,y,TOP10,PB7,EZRDM,10uM,40ug,2,TOP10PB7|10uM|2,A3 of Opentrons 15 Tube Rack with Falcon 15 mL Conical on 4,A3 of Opentrons 96 Well Aluminum Block with Generic PCR Strip 200 µL on 2,P21 of 3 on Temperature Module GEN2 on 3,2023-06-04
A22,y,TOP10,PB7,EZRDM,25uM,40ug,0,TOP10PB7|25uM|0,B3 of Opentrons 15 Tube Rack with Falcon 15 mL Conical on 4,A3 of Opentrons 96 Well Aluminum Block with Generic PCR Strip 200 µL on 2,A22 of 3 on Temperature Module GEN2 on 3,2023-06-04
B22,y,TOP10,PB7,EZRDM,25uM,40ug,1,TOP10PB7|25uM|1,B3 of Opentrons 15 Tube Rack with Falcon 15 mL Conical on 4,A3 of Opentrons 96 Well Aluminum Block with Generic PCR Strip 200 µL on 2,B22 of 3 on Temperature Module GEN2 on 3,2023-06-04
C22,y,TOP10,PB7,EZRDM,25uM,40ug,2,TOP10PB7|25uM|2,B3 of Opentrons 15 Tube Rack with Falcon 15 mL Conical on 4,A3 of Opentrons 96 Well Aluminum Block with Generic PCR Strip 200 µL on 2,C22 of 3 on Temperature Module GEN2 on 3,2023-06-04
D22,y,TOP10,PB7,EZRDM,50uM,40ug,0,TOP10PB7|50uM|0,C3 of Opentrons 15 Tube Rack with Falcon 15 mL Conical on 4,A3 of Opentrons 96 Well Aluminum Block with Generic PCR Strip 200 µL on 2,D22 of 3 on Temperature Module GEN2 on 3,2023-06-04
E22,y,TOP10,PB7,EZRDM,50uM,40ug,1,TOP10PB7|50uM|1,C3 of Opentrons 15 Tube Rack with Falcon 15 mL Conical on 4,A3 of Opentrons 96 Well Aluminum Block with Generic PCR Strip 200 µL on 2,E22 of 3 on Temperature Module GEN2 on 3,2023-06-04
F22,y,TOP10,PB7,EZRDM,50uM,40ug,2,TOP10PB7|50uM|2,C3 of Opentrons 15 Tube Rack with Falcon 15 mL Conical on 4,A3 of Opentrons 96 Well Aluminum Block with Generic PCR Strip 200 µL on 2,F22 of 3 on Temperature Module GEN2 on 3,2023-06-04
G22,y,TOP10,PB7,EZRDM,75uM,40ug,0,TOP10PB7|75uM|0,A4 of Opentrons 15 Tube Rack with Falcon 15 mL Conical on 4,A3 of Opentrons 96 Well Aluminum Block with Generic PCR Strip 200 µL on 2,G22 of 3 on Temperature Module GEN2 on 3,2023-06-04
H22,y,TOP10,PB7,EZRDM,75uM,40ug,1,TOP10PB7|75uM|1,A4 of Opentrons 15 Tube Rack with Falcon 15 mL Conical on 4,A3 of Opentrons 96 Well Aluminum Block with Generic PCR Strip 200 µL on 2,H22 of 3 on Temperature Module GEN2 on 3,2023-06-04
I22,y,TOP10,PB7,EZRDM,75uM,40ug,2,TOP10PB7|75uM|2,A4 of Opentrons 15 Tube Rack with Falcon 15 mL Conical on 4,A3 of Opentrons 96 Well Aluminum Block with Generic PCR Strip 200 µL on 2,I22 of 3 on Temperature Module GEN2 on 3,2023-06-04
J22,y,TOP10,PB7,EZRDM,100uM,40ug,0,TOP10PB7|100uM|0,B4 of Opentrons 15 Tube Rack with Falcon 15 mL Conical on 4,A3 of Opentrons 96 Well Aluminum Block with Generic PCR Strip 200 µL on 2,J22 of 3 on Temperature Module GEN2 on 3,2023-06-04
K22,y,TOP10,PB7,EZRDM,100uM,40ug,1,TOP10PB7|100uM|1,B4 of Opentrons 15 Tube Rack with Falcon 15 mL Conical on 4,A3 of Opentrons 96 Well Aluminum Block with Generic PCR Strip 200 µL on 2,K22 of 3 on Temperature Module GEN2 on 3,2023-06-04
L22,y,TOP10,PB7,EZRDM,100uM,40ug,2,TOP10PB7|100uM|2,B4 of Opentrons 15 Tube Rack with Falcon 15 mL Conical on 4,A3 of Opentrons 96 Well Aluminum Block with Generic PCR Strip 200 µL on 2,L22 of 3 on Temperature Module GEN2 on 3,2023-06-04
M22,y,TOP10,PB7,EZRDM,125uM,40ug,0,TOP10PB7|125uM|0,C4 of Opentrons 15 Tube Rack with Falcon 15 mL Conical on 4,A3 of Opentrons 96 Well Aluminum Block with Generic PCR Strip 200 µL on 2,M22 of 3 on Temperature Module GEN2 on 3,2023-06-04
N22,y,TOP10,PB7,EZRDM,125uM,40ug,1,TOP10PB7|125uM|1,C4 of Opentrons 15 Tube Rack with Falcon 15 mL Conical on 4,A3 of Opentrons 96 Well Aluminum Block with Generic PCR Strip 200 µL on 2,N22 of 3 on Temperature Module GEN2 on 3,2023-06-04
O22,y,TOP10,PB7,EZRDM,125uM,40ug,2,TOP10PB7|125uM|2,C4 of Opentrons 15 Tube Rack with Falcon 15 mL Conical on 4,A3 of Opentrons 96 Well Aluminum Block with Generic PCR Strip 200 µL on 2,O22 of 3 on Temperature Module GEN2 on 3,2023-06-04
P22,y,TOP10,PB7,EZRDM,150um,40ug,0,TOP10PB7|150um|0,C1 of Opentrons 15 Tube Rack with Falcon 15 mL Conical on 4,A3 of Opentrons 96 Well Aluminum Block with Generic PCR Strip 200 µL on 2,P22 of 3 on Temperature Module GEN2 on 3,2023-06-04
A23,y,TOP10,PB7,EZRDM,150um,40ug,1,TOP10PB7|150um|1,C1 of Opentrons 15 Tube Rack with Falcon 15 mL Conical on 4,A3 of Opentrons 96 Well Aluminum Block with Generic PCR Strip 200 µL on 2,A23 of 3 on Temperature Module GEN2 on 3,2023-06-04
B23,y,TOP10,PB7,EZRDM,150um,40ug,2,TOP10PB7|150um|2,C1 of Opentrons 15 Tube Rack with Falcon 15 mL Conical on 4,A3 of Opentrons 96 Well Aluminum Block with Generic PCR Strip 200 µL on 2,B23 of 3 on Temperature Module GEN2 on 3,2023-06-04
